Product_Category,Product_Price,Order_Quantity,Return_Status,User_Age,User_Gender,User_Location,Payment_Method,Shipping_Method,Discount_Applied,Total_Value,Discount_Percentage,Price_Category,Age_Group,Order_Month,Order_Weekday,Is_Weekend
1,411.59,3,1,58,1,50,1,1,45.27,1234.77,10.9988094948857,2,2,8,5,1
0,288.88,3,1,68,0,84,0,0,47.79,866.64,16.5432013292717,1,3,10,0,0
4,390.03,5,1,22,0,24,1,1,26.64,1950.15,6.83024382739789,2,0,5,5,1
4,401.09,3,1,40,1,95,3,1,15.37,1203.27,3.83205764292304,2,1,8,3,0
0,110.09,4,0,34,0,79,2,2,16.37,440.36,14.869652102825,0,1,1,0,0
2,252.12,1,1,46,0,42,1,1,47.61,252.12,18.8838648262732,1,2,2,2,0
1,382.89,2,1,25,1,46,0,0,28.49,765.78,7.44077933610175,2,0,5,0,0
2,306.39,3,1,67,0,33,0,0,38.91,919.17,12.6995006364438,1,3,2,3,0
3,302.4,5,1,54,1,80,1,2,18.5,1512,6.11772486772487,1,2,12,2,0
1,294.94,3,1,44,1,81,0,2,45.21,884.82,15.3285413982505,1,2,3,4,0
4,119,2,0,70,0,36,0,1,8.72,238,7.32773109243698,0,3,5,6,1
3,480.48,4,0,54,1,15,2,1,0.27,1921.92,0.0561938061938062,2,2,2,3,0
4,216.41,3,0,66,1,9,3,2,30.26,649.23,13.9827179890024,1,3,6,4,0
2,198.78,2,0,51,1,84,3,1,36.58,397.56,18.402253747862,1,2,7,5,1
2,146.37,4,0,45,1,89,3,1,28.23,585.48,19.2867390858783,0,2,9,6,1
2,370.08,2,1,24,0,20,0,2,23.99,740.16,6.48238218763511,2,0,10,2,0
1,311.08,1,0,52,0,75,3,2,6.66,311.08,2.14092837855214,1,2,5,3,0
2,400.12,1,0,33,1,27,3,2,18.25,400.12,4.56113166050185,2,1,2,4,0
0,358.31,1,0,51,0,38,3,2,11.84,358.31,3.30440121682342,2,2,10,0,0
2,227.94,5,1,50,0,61,1,0,43.86,1139.7,19.2419057646749,1,2,7,5,1
1,6.14,1,0,31,0,68,0,1,47.47,6.14,773.127035830619,0,1,7,0,0
0,85.69,2,0,30,0,19,1,2,24.58,171.38,28.6847940249737,0,1,2,2,0
0,227.2,5,1,65,0,90,2,1,27.94,1136,12.2975352112676,1,3,7,5,1
2,57.14,2,0,41,0,21,2,2,43.06,114.28,75.3587679383969,0,2,7,0,0
4,274.29,2,0,18,1,83,2,0,2.49,548.58,0.907798315651318,1,0,7,5,1
2,371.15,5,1,58,0,82,2,2,18.68,1855.75,5.0330055233733,2,2,11,4,0
4,232.97,5,0,21,0,98,1,0,9.85,1164.85,4.22801219041078,1,0,3,6,1
3,455.82,1,0,52,0,1,3,0,11.96,455.82,2.62384274494318,2,2,5,6,1
4,106.6,5,0,53,1,66,0,2,18.42,533,17.2795497185741,0,2,5,2,0
0,317.9,5,1,59,0,26,2,2,18.05,1589.5,5.67788612771312,1,2,4,5,1
4,413.34,3,1,49,1,51,0,2,38.29,1240.02,9.26356026515702,2,2,5,1,0
2,481.73,5,1,28,0,77,0,1,20.03,2408.65,4.15793079110705,2,1,12,5,1
4,308.89,4,1,68,0,42,1,0,35.45,1235.56,11.4765774223834,1,3,6,6,1
3,335.28,4,1,18,1,13,1,1,25.37,1341.12,7.56680983058936,2,0,2,5,1
4,290.49,3,0,34,1,37,3,1,8.51,871.47,2.92953285827395,1,1,9,3,0
1,331.26,2,1,46,0,95,3,2,41.02,662.52,12.3830223993238,1,2,7,1,0
2,115.82,5,0,54,0,38,0,0,23.76,579.1,20.5145916076671,0,2,1,6,1
1,246.15,1,0,31,0,59,2,2,23.63,246.15,9.5998374974609,1,1,2,5,1
4,43.82,2,0,28,0,3,0,1,14.6,87.64,33.3181195801004,0,1,2,4,0
4,266.34,4,1,44,0,57,3,2,30.88,1065.36,11.5942028985507,1,2,10,6,1
4,351.52,1,0,46,1,37,3,1,11.58,351.52,3.29426490669094,2,2,3,1,0
0,334.27,4,1,69,1,80,3,0,43.44,1337.08,12.9954826936309,1,3,1,2,0
0,240.65,2,0,33,0,58,2,2,12.93,481.3,5.37294826511531,1,1,2,5,1
1,105.7,3,0,44,1,36,0,1,42.07,317.1,39.8013245033113,0,2,5,3,0
3,188.76,3,0,66,0,4,2,2,12.68,566.28,6.71752489934308,1,3,10,3,0
4,294.18,2,0,69,1,88,2,1,32.7,588.36,11.1156434835815,1,3,11,2,0
3,97.31,2,0,53,0,44,1,1,10.96,194.62,11.2629740006166,0,2,5,0,0
3,335.96,2,1,63,1,45,0,2,19.05,671.92,5.6703178949875,2,3,10,2,0
2,344.31,4,0,36,1,65,0,0,10.99,1377.24,3.19189102843368,2,1,4,4,0
1,297.62,4,0,52,1,49,0,0,16.9,1190.48,5.67838182917815,1,2,3,3,0
0,23.6,1,0,37,0,4,0,1,6.53,23.6,27.6694915254237,0,1,6,2,0
4,495.34,3,1,46,0,46,1,0,43.34,1486.02,8.74954576654419,2,2,3,2,0
4,49.47,2,0,53,0,41,0,0,38.09,98.94,76.9961592884577,0,2,2,3,0
1,359.9,3,0,55,0,16,1,2,3.01,1079.7,0.836343428730203,2,2,3,1,0
3,283.79,2,1,42,1,74,1,1,30.81,567.58,10.8566193311956,1,2,2,6,1
3,352.93,4,1,34,1,25,2,0,22.83,1411.72,6.46870484232001,2,1,4,6,1
2,353.51,4,0,39,0,17,1,2,17.72,1414.04,5.01258804559984,2,1,2,6,1
0,301.68,2,0,47,1,8,3,2,30.59,603.36,10.1398833200743,1,2,9,6,1
3,129.94,5,0,65,0,31,3,1,12.83,649.7,9.87378790210867,0,3,5,0,0
2,16.37,2,0,32,1,62,0,1,16.08,32.74,98.2284667073916,0,1,2,0,0
0,389.83,4,0,40,0,39,2,0,12.23,1559.32,3.13726496164995,2,1,10,5,1
3,344.6,4,1,28,0,79,3,1,40.95,1378.4,11.8833430063842,2,1,11,2,0
1,195.24,5,0,53,0,23,2,0,16.1,976.2,8.24626101208769,1,2,12,1,0
1,428,1,0,50,0,80,1,2,12.39,428,2.89485981308411,2,2,11,1,0
0,429.41,3,1,53,1,39,1,1,13.22,1288.23,3.07864278894297,2,2,7,5,1
4,280.61,2,0,32,1,92,1,0,2.34,561.22,0.833897580271551,1,1,6,5,1
0,142.71,2,0,60,0,73,1,1,19.05,285.42,13.348749211688,0,2,9,6,1
4,227.79,3,1,70,0,25,2,1,27.11,683.37,11.901312612494,1,3,11,1,0
2,394.08,3,1,62,1,21,0,1,12.27,1182.24,3.11358099878197,2,3,11,0,0
1,266.88,2,0,65,0,23,1,1,21.32,533.76,7.98860911270983,1,3,6,1,0
4,87.17,4,0,46,0,46,2,0,32.02,348.68,36.73282092463,0,2,5,4,0
4,312.45,4,1,30,0,2,3,1,33.19,1249.8,10.622499599936,1,1,8,2,0
4,481.58,3,1,39,1,97,1,1,22.71,1444.74,4.71572739731716,2,1,3,3,0
1,283.14,5,1,62,1,38,0,2,17.53,1415.7,6.19128346401074,1,3,7,0,0
4,84.9,5,0,67,0,38,2,1,46.26,424.5,54.4876325088339,0,3,2,2,0
2,332.39,5,1,36,1,49,1,1,24.31,1661.95,7.31369776467403,1,1,5,0,0
2,139.6,5,0,34,1,17,3,2,13.87,698,9.93553008595989,0,1,5,1,0
0,185.34,2,0,31,0,28,3,2,36.01,370.68,19.4291572245603,1,1,4,6,1
4,64.29,2,0,39,1,53,1,0,47.4,128.58,73.7284181054596,0,1,5,6,1
2,231.65,5,1,58,1,6,1,2,45.83,1158.25,19.7841571336067,1,2,8,2,0
2,44.48,1,0,50,1,78,1,0,27.66,44.48,62.1852517985612,0,2,4,6,1
1,429.47,5,1,39,1,1,2,2,44.36,2147.35,10.3290101753324,2,1,3,3,0
2,496.22,5,1,67,1,30,2,1,32.87,2481.1,6.62407802990609,2,3,3,4,0
2,52.19,1,0,21,0,2,1,2,35.14,52.19,67.3309063038896,0,0,6,3,0
0,427.29,3,1,51,1,21,3,2,46.46,1281.87,10.8731774672939,2,2,11,0,0
3,283.68,3,1,49,1,95,0,1,38.31,851.04,13.5046531302877,1,2,4,3,0
3,255.78,2,1,63,0,48,0,1,34.49,511.56,13.4842442724216,1,3,3,2,0
0,478.47,4,1,22,0,69,3,2,9.06,1913.88,1.89353564486802,2,0,8,3,0
2,78.94,2,0,23,0,0,0,0,49.94,157.88,63.2632379022042,0,0,12,1,0
3,481.66,3,1,28,1,34,3,1,20.8,1444.98,4.3183988705726,2,1,7,0,0
4,193.16,3,0,56,1,3,3,0,26.81,579.48,13.8796852350383,1,2,10,3,0
4,99.21,1,0,29,0,9,3,1,30.21,99.21,30.4505594194134,0,1,12,2,0
3,394.71,4,1,66,0,18,2,1,16.01,1578.84,4.0561424843556,2,3,10,0,0
3,230.9,2,0,69,1,1,0,1,26.62,461.8,11.5288003464703,1,3,7,5,1
1,296.56,1,0,39,0,97,2,2,32.02,296.56,10.797140544915,1,1,4,2,0
0,490.55,1,0,62,1,1,3,2,17.9,490.55,3.6489654469473,2,3,2,0,0
4,496.31,4,1,53,1,87,2,1,10.15,1985.24,2.04509278475147,2,2,6,6,1
4,104.39,2,0,58,0,41,0,2,28.68,208.78,27.4738959670467,0,2,12,6,1
1,434.25,5,1,18,0,82,2,0,7.11,2171.25,1.63730569948187,2,0,2,2,0
0,46.61,1,0,42,1,4,0,1,8.9,46.61,19.0946148895087,0,2,12,3,0
1,284.49,4,1,48,0,55,0,1,39.82,1137.96,13.9969770466449,1,2,10,0,0
0,169.93,5,0,40,1,35,0,1,27.73,849.65,16.3184840816807,0,1,5,2,0
0,146.37,4,1,23,0,63,1,0,42.55,585.48,29.0701646512263,0,0,9,3,0
2,444.43,4,1,48,0,20,1,1,28.53,1777.72,6.41945863240555,2,2,9,6,1
3,35.16,3,0,48,0,20,3,1,3.9,105.48,11.0921501706485,0,2,4,0,0
3,287.93,4,0,66,0,6,1,2,3.37,1151.72,1.17042336679054,1,3,6,0,0
0,448.84,2,1,60,1,13,2,0,26.3,897.68,5.85954905979859,2,2,9,6,1
4,168.68,2,0,48,1,15,3,2,44.53,337.36,26.3990988854636,0,2,10,0,0
0,466.62,3,1,24,1,82,1,0,8.36,1399.86,1.79160773220179,2,0,10,3,0
1,51.56,4,0,37,1,95,0,0,44.74,206.24,86.7726920093095,0,1,8,1,0
4,79.31,1,0,37,0,30,2,1,29.18,79.31,36.7923338797125,0,1,5,4,0
3,315.11,5,1,50,0,69,3,0,37.68,1575.55,11.9577290469995,1,2,8,5,1
1,259.57,2,1,55,0,90,0,1,40.28,519.14,15.5179720306661,1,2,5,6,1
1,137.72,3,0,45,1,78,1,2,1.13,413.16,0.820505373221028,0,2,3,6,1
2,464.67,4,1,54,1,19,2,2,19.21,1858.68,4.13411668495922,2,2,1,5,1
4,197.66,4,1,59,0,89,0,1,42.31,790.64,21.4054436911869,1,2,6,4,0
0,79.9,4,0,42,0,71,3,0,22.19,319.6,27.7722152690864,0,2,9,1,0
2,265.23,4,1,57,1,88,0,1,49.85,1060.92,18.795008106172,1,2,2,6,1
0,91.84,2,0,56,0,67,0,1,31.58,183.68,34.3858885017422,0,2,12,0,0
1,468.62,2,1,31,1,20,2,1,46.77,937.24,9.98036788869447,2,1,4,3,0
0,245.44,5,1,29,0,28,3,2,25.44,1227.2,10.3650586701434,1,1,8,3,0
4,116.2,2,0,37,1,66,2,1,48.36,232.4,41.617900172117,0,1,9,2,0
3,400.21,3,1,69,0,13,3,2,36.32,1200.63,9.07523550136179,2,3,6,2,0
2,490.8,2,1,37,0,16,0,0,43.37,981.6,8.83659331703342,2,1,7,3,0
0,310.14,2,0,54,1,62,3,0,22.6,620.28,7.28703166311988,1,2,3,3,0
3,247.46,2,1,48,1,48,2,1,19.97,494.92,8.06999110967429,1,2,12,4,0
3,255.71,2,0,57,1,74,0,2,7.64,511.42,2.98775957138946,1,2,1,5,1
0,172.02,1,0,46,0,3,0,1,2.75,172.02,1.598651319614,1,2,3,6,1
1,170.05,2,0,23,1,52,1,0,35.55,340.1,20.9056159952955,0,0,12,4,0
4,314.35,3,0,22,1,23,0,2,15.81,943.05,5.02942579926833,1,0,4,1,0
2,319.34,1,0,54,1,74,2,1,18.74,319.34,5.86835347905054,1,2,2,6,1
0,219.29,2,0,56,1,56,0,0,32.59,438.58,14.8615987961147,1,2,5,4,0
2,174.94,1,0,62,0,43,3,1,22.43,174.94,12.8215388133074,1,3,2,2,0
3,85.28,2,0,20,0,68,0,0,1.55,170.56,1.81754221388368,0,0,3,0,0
0,18.83,1,0,27,1,19,2,2,1.57,18.83,8.33775889537971,0,1,1,2,0
2,291.09,4,1,19,0,6,1,0,8.37,1164.36,2.87539936102236,1,0,5,4,0
4,386.51,1,0,27,1,46,0,2,10.19,386.51,2.63641302941709,2,1,1,0,0
2,285.21,4,1,32,1,39,1,1,40.21,1140.84,14.0983836471372,1,1,7,2,0
1,238.63,2,0,46,0,20,0,0,20.89,477.26,8.75413820559025,1,2,8,1,0
0,16.55,4,0,21,0,26,0,0,22.61,66.2,136.616314199396,0,0,4,1,0
3,161.94,5,1,68,0,58,2,2,35.96,809.7,22.205755217982,0,3,10,2,0
1,173.42,1,0,33,0,28,2,0,26.04,173.42,15.0155691385077,1,1,7,5,1
2,199.13,4,0,50,0,9,0,0,4.82,796.52,2.42052930246573,1,2,10,1,0
2,219.56,1,0,24,0,3,1,2,1.05,219.56,0.478229185644015,1,0,1,6,1
4,288.71,3,1,60,1,53,0,0,42.11,866.13,14.5855702954522,1,2,8,5,1
1,66.65,2,0,58,0,90,3,0,38.8,133.3,58.2145536384096,0,2,10,1,0
1,328.09,3,0,59,0,22,2,1,8.73,984.27,2.66085525313176,1,2,10,5,1
1,222.62,3,0,53,0,77,3,0,10.03,667.86,4.50543527086515,1,2,12,2,0
4,404.5,1,1,31,0,75,2,0,44.89,404.5,11.097651421508,2,1,10,6,1
4,438.43,4,1,32,1,4,0,0,26.75,1753.72,6.10131605957622,2,1,10,1,0
0,402.79,2,0,23,0,31,3,1,2.22,805.58,0.551155689068746,2,0,9,6,1
4,140.06,1,0,42,1,35,2,1,33.08,140.06,23.6184492360417,0,2,10,6,1
3,255.92,1,0,18,0,80,1,2,33.02,255.92,12.9024695217255,1,0,7,4,0
1,444.83,1,1,20,0,12,3,0,26.84,444.83,6.0337657082481,2,0,10,6,1
2,27.23,3,0,42,1,52,0,0,49.27,81.69,180.940139551965,0,2,8,2,0
0,332.49,4,1,66,0,38,0,0,34.21,1329.96,10.2890312490601,1,3,6,3,0
3,469.69,5,1,28,0,19,2,0,22.43,2348.45,4.77549021695161,2,1,2,3,0
0,31.93,5,0,40,1,94,1,2,5.75,159.65,18.0081428124021,0,1,6,2,0
0,24.41,5,0,69,1,34,0,1,22.26,122.05,91.1921343711594,0,3,7,5,1
1,217.79,4,1,40,1,59,3,0,34.27,871.16,15.7353413839019,1,1,9,4,0
1,434.66,2,1,19,0,80,1,2,49.39,869.32,11.3629043390236,2,0,11,5,1
0,32.48,2,0,57,0,42,2,2,9.27,64.96,28.5406403940887,0,2,4,1,0
4,231.11,5,1,40,0,56,0,1,21.38,1155.55,9.25100601445199,1,1,7,5,1
4,291.43,4,0,22,1,71,3,0,8.13,1165.72,2.78969220739114,1,0,4,3,0
2,128.65,1,0,37,0,59,1,1,1.9,128.65,1.47687524290711,0,1,6,6,1
0,396.48,5,1,69,1,30,1,0,39.19,1982.4,9.88448345439871,2,3,10,6,1
0,300.03,1,1,42,1,90,0,1,46.37,300.03,15.4551211545512,1,2,3,1,0
0,324.85,5,1,51,0,63,1,0,20.53,1624.25,6.31983992611975,1,2,11,5,1
4,443.71,3,1,19,0,96,0,0,46.28,1331.13,10.4302359649321,2,0,9,4,0
0,458.16,5,1,24,0,54,3,0,5.2,2290.8,1.13497468133403,2,0,3,1,0
1,118.2,5,1,32,1,93,2,2,43.34,591,36.6666666666667,0,1,12,4,0
3,138.23,2,0,28,0,95,3,0,42.31,276.46,30.6084062793894,0,1,12,6,1
4,47.05,3,0,43,0,22,2,0,45.62,141.15,96.9606801275239,0,2,8,0,0
4,9.03,5,0,39,1,29,0,2,37.1,45.15,410.852713178295,0,1,6,0,0
4,143.73,2,0,49,0,14,3,1,7.07,287.46,4.91894524455577,0,2,2,6,1
1,381.39,1,1,24,0,73,1,1,45.86,381.39,12.0244369280789,2,0,9,1,0
2,140.05,5,0,67,0,71,3,1,22.06,700.25,15.7515173152446,0,3,8,0,0
4,326.97,4,1,26,0,58,3,1,17.41,1307.88,5.32464752117931,1,1,7,3,0
0,130.9,2,0,59,1,69,2,0,14.17,261.8,10.8250572956455,0,2,4,2,0
2,80.81,5,1,61,1,16,2,2,30.75,404.05,38.0522212597451,0,3,1,4,0
1,233.21,1,0,54,0,33,1,2,2.79,233.21,1.19634664036705,1,2,5,5,1
2,244.32,5,0,56,0,35,3,2,27.21,1221.6,11.1370333988212,1,2,9,6,1
1,69.89,4,0,41,1,20,0,0,32.4,279.56,46.3585634568608,0,2,10,1,0
4,340.06,3,1,56,0,92,0,1,27.27,1020.18,8.01917308710228,2,2,3,4,0
4,191.81,4,0,34,0,77,1,0,7.94,767.24,4.13951305979876,1,1,11,4,0
0,488.64,4,1,25,1,2,2,2,17.8,1954.56,3.64276358873608,2,0,12,2,0
1,360.81,3,1,61,1,1,3,1,49,1082.43,13.5805548626701,2,3,5,4,0
3,142.79,1,0,56,1,56,3,1,19.22,142.79,13.4603263533861,0,2,9,1,0
1,356.89,2,1,36,0,27,1,2,32.57,713.78,9.12606125136597,2,1,7,2,0
1,406.41,1,1,36,1,63,1,0,49.99,406.41,12.300386309392,2,1,10,1,0
0,55.35,3,0,62,0,40,1,0,30.11,166.05,54.3992773261066,0,3,2,2,0
4,323.29,1,1,55,1,58,2,0,40.46,323.29,12.5150793405302,1,2,12,4,0
1,178.98,4,0,27,1,38,0,1,21.41,715.92,11.9622304168064,1,1,9,0,0
3,482.75,3,1,32,0,35,0,2,42.34,1448.25,8.77058518902123,2,1,4,5,1
1,136.22,2,0,20,0,34,0,0,25.96,272.44,19.0574071355161,0,0,1,0,0
3,182.01,4,1,24,1,6,3,1,27.82,728.04,15.2848744574474,1,0,7,4,0
2,6.5,5,0,51,1,72,0,0,23.83,32.5,366.615384615385,0,2,4,2,0
2,124.46,4,1,63,1,66,1,2,49.97,497.84,40.1494456050137,0,3,1,5,1
3,13.04,5,0,44,0,26,0,1,32.34,65.2,248.006134969325,0,2,2,3,0
3,252.78,1,0,45,1,56,2,2,18.98,252.78,7.50850541973257,1,2,6,6,1
1,82.57,5,1,62,0,73,0,1,44.8,412.85,54.2569940656413,0,3,6,0,0
2,47.64,1,0,19,1,93,2,1,33.04,47.64,69.3534844668346,0,0,6,0,0
2,323.61,2,0,33,0,14,0,0,9.07,647.22,2.80275640431383,1,1,10,3,0
1,325.87,4,1,60,1,19,0,0,27.15,1303.48,8.33154325344463,1,2,4,6,1
1,362.81,5,1,37,1,4,2,0,21.11,1814.05,5.81847247870786,2,1,4,1,0
3,317.9,4,1,68,1,98,0,1,29.84,1271.6,9.38659955960994,1,3,12,5,1
4,419.62,1,1,19,1,93,3,2,40.75,419.62,9.71116724655641,2,0,8,1,0
3,279.06,5,1,54,1,38,1,0,42.67,1395.3,15.290618504981,1,2,8,3,0
2,435,3,1,64,1,2,1,2,8.42,1305,1.93563218390805,2,3,11,0,0
2,358.69,5,1,68,0,31,2,2,49.22,1793.45,13.7221556218462,2,3,7,5,1
1,321.88,1,0,60,0,68,0,0,13.48,321.88,4.18789611035168,1,2,6,3,0
0,198.21,2,1,67,0,55,1,1,47.3,396.42,23.8635790323394,1,3,12,0,0
4,54.72,5,0,69,1,12,1,1,7.16,273.6,13.0847953216374,0,3,10,6,1
2,488.4,3,1,51,0,90,1,2,19.88,1465.2,4.07043407043407,2,2,11,1,0
0,270.92,1,0,36,0,20,3,2,19.62,270.92,7.24199025542596,1,1,7,1,0
4,465.76,1,1,66,0,63,0,1,22.73,465.76,4.88019580900034,2,3,11,6,1
4,102.7,1,0,53,1,18,3,1,35.21,102.7,34.284323271665,0,2,2,0,0
4,489.62,1,1,61,0,95,3,1,32.34,489.62,6.6051223397737,2,3,5,0,0
1,221.05,2,0,29,0,14,3,0,18.29,442.1,8.27414612078715,1,1,11,2,0
1,393.44,3,1,52,1,67,2,2,33.6,1180.32,8.54005693371289,2,2,12,5,1
1,128.35,3,0,37,1,61,2,2,15.47,385.05,12.0529801324503,0,1,11,3,0
4,144.86,4,0,64,1,15,1,1,7.51,579.44,5.1843158912053,0,3,4,2,0
3,179.56,2,1,28,0,43,0,0,45.92,359.12,25.5736244152372,1,1,1,0,0
1,409.65,2,1,64,1,16,0,0,43.1,819.3,10.5211766141828,2,3,6,4,0
3,170.03,3,0,21,1,72,3,2,23.19,510.09,13.638769628889,0,0,3,4,0
0,367.8,5,1,61,1,76,2,2,21.98,1839,5.97607395323546,2,3,11,0,0
0,143.01,4,1,50,1,67,3,2,46.55,572.04,32.5501713166911,0,2,7,4,0
0,277.15,1,0,67,1,93,0,1,46.01,277.15,16.601118527873,1,3,9,0,0
0,261.91,3,1,65,1,68,0,2,48.16,785.73,18.3879958764461,1,3,10,0,0
3,427.99,2,1,62,1,29,1,1,15.63,855.98,3.65195448491787,2,3,6,1,0
3,130.63,1,0,40,0,49,2,1,12.37,130.63,9.46949399066065,0,1,5,4,0
4,185.67,5,0,33,1,30,3,2,14.27,928.35,7.68567889265902,1,1,11,3,0
3,345.5,5,1,56,1,54,2,2,23.75,1727.5,6.87409551374819,2,2,9,5,1
0,427.1,4,0,44,1,0,1,0,8.08,1708.4,1.89182861156638,2,2,4,4,0
4,54.41,2,0,61,1,79,1,0,22.8,108.82,41.9040617533542,0,3,1,4,0
3,273.54,1,0,22,0,77,3,1,12.52,273.54,4.57702712583169,1,0,10,4,0
3,329.59,4,0,41,1,15,3,2,8.74,1318.36,2.65177948360084,1,2,10,2,0
3,359.73,5,1,50,0,83,3,2,11.7,1798.65,3.25243932949712,2,2,12,6,1
4,378.25,5,1,27,1,71,1,2,23.41,1891.25,6.18902842035691,2,1,6,0,0
1,150.56,5,0,50,1,81,2,2,4.04,752.8,2.68331562167907,0,2,10,3,0
4,291.63,1,0,53,1,88,2,0,13.87,291.63,4.75602647189932,1,2,12,3,0
1,151.4,1,0,24,1,6,1,0,39.16,151.4,25.8652575957728,0,0,3,5,1
1,89.8,5,0,43,0,21,3,2,7.86,449,8.75278396436526,0,2,2,3,0
1,246.71,3,0,18,1,42,2,2,1.18,740.13,0.478294353694621,1,0,1,4,0
4,150.75,2,0,24,0,22,1,0,25.88,301.5,17.167495854063,0,0,8,1,0
2,478.53,1,1,64,0,81,0,2,32.12,478.53,6.71222284914216,2,3,7,0,0
1,72.07,3,0,67,0,5,1,1,39.03,216.21,54.1556819758568,0,3,2,4,0
4,331.08,3,1,65,1,54,2,1,33.08,993.24,9.99154282952761,1,3,8,4,0
0,27.39,3,0,56,0,99,1,0,42.79,82.17,156.224899598394,0,2,6,0,0
3,341.03,4,0,69,0,59,2,0,2.42,1364.12,0.709614989883588,2,3,2,5,1
4,299.98,4,1,43,0,78,0,1,35.3,1199.92,11.7674511634109,1,2,2,0,0
2,14.88,4,0,41,1,79,0,2,18.97,59.52,127.486559139785,0,2,10,4,0
3,80.88,3,1,35,0,41,3,1,46.78,242.64,57.8387734915925,0,1,1,2,0
3,450.4,5,1,42,0,18,2,0,30.89,2252,6.85834813499112,2,2,4,2,0
4,382.22,5,1,51,1,0,1,0,26.81,1911.1,7.01428496677306,2,2,12,0,0
0,485.32,4,1,60,0,16,0,0,6.08,1941.28,1.25278166982609,2,2,10,5,1
1,80.4,4,0,50,0,77,2,0,9.56,321.6,11.8905472636816,0,2,8,1,0
4,46.83,5,0,27,1,62,1,2,17.12,234.15,36.5577621183002,0,1,5,2,0
0,121.7,2,0,25,1,52,0,0,30.07,243.4,24.7082990961381,0,0,7,2,0
2,35.8,2,0,65,0,15,3,0,9.85,71.6,27.5139664804469,0,3,10,4,0
3,395.28,4,0,47,1,22,0,0,6.27,1581.12,1.58621736490589,2,2,1,6,1
1,409.57,2,1,36,1,97,1,2,29.37,819.14,7.17093537124301,2,1,10,0,0
1,48.49,2,0,27,1,75,0,2,48.7,96.98,100.433078985358,0,1,5,5,1
0,365.3,4,1,70,1,57,1,2,25.2,1461.2,6.89843963865316,2,3,3,5,1
0,223.1,5,1,25,0,76,2,0,48.21,1115.5,21.6091438816674,1,0,5,0,0
4,266.83,3,0,60,1,75,2,1,1.65,800.49,0.618371247610838,1,2,12,6,1
4,333.67,5,1,61,0,11,3,0,40.16,1668.35,12.0358437977643,1,3,5,1,0
0,104.54,1,0,33,0,16,2,1,10.73,104.54,10.2640137746317,0,1,7,4,0
2,359.03,2,1,46,1,44,3,0,44.86,718.06,12.494777595187,2,2,12,3,0
1,385.95,4,1,58,1,78,1,2,12.61,1543.8,3.26726259878223,2,2,9,3,0
1,354.81,3,1,64,1,17,2,1,29.05,1064.43,8.18748062343226,2,3,12,3,0
1,282.89,1,1,21,0,84,1,2,47.82,282.89,16.9040969988335,1,0,9,2,0
0,394.63,3,0,26,0,69,3,2,1.41,1183.89,0.357296708309049,2,1,6,6,1
0,337.22,3,0,31,0,42,3,2,6.54,1011.66,1.9393867504893,2,1,10,2,0
2,392.03,5,0,21,1,22,1,2,2.16,1960.15,0.550978241461113,2,0,1,4,0
3,210.46,3,0,26,1,19,2,0,6.82,631.38,3.24052076404067,1,1,5,6,1
3,394.61,4,1,18,0,95,2,0,22.17,1578.44,5.61820531664175,2,0,9,4,0
0,182.75,5,0,70,1,55,3,1,18.41,913.75,10.0738714090287,1,3,7,0,0
0,161.86,3,0,39,1,4,0,1,26.28,485.58,16.2362535524527,0,1,6,1,0
3,418.05,5,1,33,0,89,2,2,48.85,2090.25,11.6852051190049,2,1,6,4,0
0,124.04,2,0,58,0,19,3,1,28.38,248.08,22.879716220574,0,2,5,2,0
1,12.83,4,0,40,0,66,0,0,15.24,51.32,118.784099766173,0,1,12,4,0
3,296.09,1,0,54,1,83,1,0,13.5,296.09,4.55942449930764,1,2,11,0,0
2,411.49,2,0,49,1,33,2,2,21.99,822.98,5.34399377870665,2,2,7,4,0
1,389.91,2,1,44,1,17,3,0,35.5,779.82,9.1046651791439,2,2,11,5,1
1,119.65,3,0,40,1,59,2,1,19.25,358.95,16.0885917258671,0,1,12,3,0
2,362.72,3,0,49,0,31,0,0,16.94,1088.16,4.67026907807675,2,2,6,2,0
4,257.04,5,1,69,1,74,0,0,42.48,1285.2,16.5266106442577,1,3,5,0,0
0,338.15,5,0,29,0,99,3,1,1.29,1690.75,0.381487505544877,2,1,2,3,0
3,433.58,5,1,30,1,74,2,1,17.84,2167.9,4.11458093085475,2,1,4,1,0
3,431.36,5,1,29,0,4,1,0,40.2,2156.8,9.31936201780416,2,1,1,1,0
1,181.12,5,1,59,1,72,0,2,31.29,905.6,17.2758392226148,1,2,5,5,1
0,401.31,2,0,50,1,79,2,2,18.01,802.62,4.48780244698612,2,2,1,2,0
2,494.96,2,1,50,0,54,2,2,0.54,989.92,0.109099725230322,2,2,9,0,0
2,418.25,2,1,22,1,51,3,2,11.96,836.5,2.85953377166766,2,0,5,2,0
1,477.66,3,1,67,1,12,3,1,29.89,1432.98,6.25758908009882,2,3,3,3,0
3,372.61,2,0,51,0,91,2,1,0.2,745.22,0.053675424706798,2,2,7,3,0
2,449.62,1,0,67,0,29,2,0,5.68,449.62,1.26328899959966,2,3,6,4,0
4,43.12,1,0,63,1,45,0,2,18.5,43.12,42.9035250463822,0,3,2,2,0
4,138.11,4,0,61,1,47,2,0,18.15,552.44,13.1416986460068,0,3,1,1,0
1,296.53,1,0,24,0,15,1,0,21.71,296.53,7.32135028496274,1,0,10,6,1
3,404.99,3,1,43,1,78,1,2,16.97,1214.97,4.19022691918319,2,2,10,2,0
1,139.65,3,1,55,0,65,0,1,39.08,418.95,27.984246330111,0,2,9,4,0
3,76.45,1,0,65,1,77,3,2,25.4,76.45,33.2243296272073,0,3,6,2,0
1,456.02,3,1,59,0,29,2,0,28.93,1368.06,6.34401999912285,2,2,7,3,0
3,218.33,3,0,58,1,51,2,1,29.65,654.99,13.5803600054963,1,2,6,4,0
2,101.63,2,0,55,1,75,0,0,30.92,203.26,30.4240873757749,0,2,8,1,0
0,423.45,2,1,29,0,73,3,2,37.12,846.9,8.76608808596056,2,1,12,3,0
1,271.7,4,1,39,0,18,0,2,46.8,1086.8,17.2248803827751,1,1,6,6,1
4,264.28,4,1,57,1,31,3,0,47.62,1057.12,18.0187679733616,1,2,9,2,0
1,365.89,5,1,27,1,38,0,2,26.27,1829.45,7.1797534778212,2,1,1,0,0
3,138.37,5,1,39,0,28,3,0,33.19,691.85,23.9864132398641,0,1,10,3,0
3,67.17,3,0,39,1,24,1,1,30.12,201.51,44.8414470745869,0,1,1,2,0
1,341.18,4,1,45,0,44,1,0,6.37,1364.72,1.86704965121051,2,2,9,4,0
2,192.67,2,1,53,0,34,2,1,37.32,385.34,19.369907095033,1,2,10,4,0
1,191.95,2,1,41,0,75,2,2,42.02,383.9,21.89111747851,1,2,9,0,0
4,471.67,1,1,31,0,68,2,1,15.12,471.67,3.20563105561091,2,1,2,5,1
1,68.22,3,0,28,1,24,0,2,21.09,204.66,30.9146877748461,0,1,5,0,0
2,160.79,3,1,46,0,99,2,0,47.81,482.37,29.734436221158,0,2,10,0,0
0,171.71,1,0,69,0,99,1,1,11.17,171.71,6.50515403878633,0,3,11,4,0
0,237.12,3,0,67,1,97,2,2,8.32,711.36,3.50877192982456,1,3,4,0,0
3,84.91,2,0,47,0,66,2,1,2.03,169.82,2.39076669414674,0,2,5,5,1
1,24.7,3,0,65,0,3,0,1,14.93,74.1,60.4453441295547,0,3,7,5,1
0,60.37,5,0,70,0,61,1,2,7.97,301.85,13.2019214841809,0,3,1,4,0
0,255.86,5,0,66,1,0,0,2,6.76,1279.3,2.6420698819667,1,3,1,5,1
3,88.69,1,0,27,1,42,1,1,47.58,88.69,53.6475363626114,0,1,12,1,0
0,301.95,4,1,55,0,53,2,1,13.08,1207.8,4.33184302036761,1,2,10,1,0
3,151.35,3,0,33,0,27,3,1,7.88,454.05,5.20647505781302,0,1,5,6,1
4,20.94,3,0,23,1,95,3,2,1.98,62.82,9.45558739255014,0,0,5,3,0
3,233.12,4,0,28,0,14,0,1,14.78,932.48,6.34008236101579,1,1,6,1,0
2,383.5,4,1,52,0,67,2,2,31.18,1534,8.13037809647979,2,2,6,5,1
3,342.22,5,1,29,0,2,2,1,13.27,1711.1,3.87762258196482,2,1,12,2,0
3,33.98,4,0,70,1,94,3,0,44.67,135.92,131.45968216598,0,3,7,6,1
0,109.47,3,0,47,0,85,3,0,19.17,328.41,17.5116470265826,0,2,4,0,0
3,208.84,4,0,54,0,57,0,1,17.03,835.36,8.15456809040414,1,2,10,1,0
1,45.39,5,0,45,1,99,2,0,7.2,226.95,15.862524785195,0,2,3,3,0
0,388.93,4,1,47,1,36,3,2,38.72,1555.72,9.9555189879927,2,2,10,0,0
4,431.22,2,1,47,1,10,0,0,38.95,862.44,9.03251240666017,2,2,7,5,1
4,118.16,2,0,40,0,49,3,1,44.98,236.32,38.0670277589709,0,1,6,4,0
2,58.79,5,0,59,1,33,2,0,44.29,293.95,75.3359414866474,0,2,5,3,0
3,299.49,4,0,56,0,8,3,0,12.07,1197.96,4.03018464723363,1,2,10,0,0
0,392.99,1,1,23,1,26,3,1,35.48,392.99,9.02821954757119,2,0,5,5,1
1,245.04,5,0,70,0,98,3,2,7.51,1225.2,3.06480574600065,1,3,7,4,0
2,204.18,5,0,61,0,47,3,2,14.43,1020.9,7.06729356450191,1,3,3,4,0
2,463.78,4,1,22,0,79,1,1,24.07,1855.12,5.1899607572556,2,0,6,5,1
4,414.45,4,1,31,0,79,2,0,15.55,1657.8,3.75196042948486,2,1,8,1,0
4,198.8,4,0,46,1,35,1,1,44.12,795.2,22.1931589537223,1,2,5,3,0
0,56.53,5,0,22,1,96,2,1,23.67,282.65,41.8715726163099,0,0,6,1,0
1,188.68,4,0,18,0,16,0,1,22.89,754.72,12.1316514733941,1,0,8,3,0
3,249.94,5,0,49,0,63,2,2,4.54,1249.7,1.81643594462671,1,2,10,5,1
1,350.28,2,0,53,0,85,0,2,0.38,700.56,0.108484640858742,2,2,9,5,1
0,311.11,5,1,42,0,64,0,1,29.12,1555.55,9.36003342869082,1,2,9,0,0
2,214.95,4,1,58,0,0,0,1,26.01,859.8,12.1004884856944,1,2,11,3,0
3,448.77,2,1,68,0,77,0,0,43.67,897.54,9.73104262762663,2,3,5,2,0
4,209.24,5,1,49,1,56,2,0,36.6,1046.2,17.4918753584401,1,2,3,4,0
0,31,2,0,37,0,99,0,0,22.35,62,72.0967741935484,0,1,6,5,1
3,74.01,2,0,30,0,13,1,1,11.26,148.02,15.2141602486151,0,1,4,4,0
2,219.57,5,1,54,0,17,1,1,40.21,1097.85,18.3130664480576,1,2,11,3,0
0,253.18,2,1,31,0,28,1,2,45.08,506.36,17.8055138636543,1,1,1,0,0
3,340.11,4,1,56,1,4,2,2,28.99,1360.44,8.5237129164094,2,2,3,4,0
1,380.84,1,1,51,1,48,3,0,18.48,380.84,4.85243146728285,2,2,12,6,1
3,89.5,3,1,37,1,68,2,1,41.9,268.5,46.8156424581006,0,1,12,2,0
4,61.87,2,0,37,0,88,1,2,24.79,123.74,40.0678842734766,0,1,12,1,0
3,220.9,4,0,25,0,55,3,0,9.67,883.6,4.37754640108646,1,0,5,1,0
1,244.73,1,1,69,1,27,0,2,36.62,244.73,14.9634290851142,1,3,12,1,0
2,39.41,1,0,19,0,61,2,2,12.1,39.41,30.7028672925653,0,0,3,5,1
4,194.2,5,1,49,1,86,3,0,28.59,971,14.7219361483007,1,2,2,6,1
4,471.71,5,1,54,1,60,1,1,41.68,2358.55,8.83593733437918,2,2,3,2,0
3,142.42,2,0,30,0,36,0,2,37.16,284.84,26.0918410335627,0,1,8,6,1
4,347.56,1,0,69,0,78,2,0,20.16,347.56,5.80043733456094,2,3,2,4,0
2,153.92,1,0,27,0,30,0,2,34.06,153.92,22.1283783783784,0,1,4,5,1
0,302.12,1,1,51,0,16,0,0,41.16,302.12,13.6237256719184,1,2,6,0,0
3,96.49,5,0,67,0,73,1,2,2.9,482.45,3.00549279718106,0,3,8,3,0
2,126.57,5,1,51,0,97,2,0,42.49,632.85,33.5703563245635,0,2,9,4,0
0,479.19,5,1,39,1,39,1,1,49.37,2395.95,10.302802646132,2,1,4,5,1
1,425.24,4,1,33,1,66,2,1,32.36,1700.96,7.60982033675101,2,1,11,5,1
1,363.54,5,1,39,0,22,1,1,46.68,1817.7,12.8404027067173,2,1,5,2,0
2,430.6,4,1,49,1,88,3,1,44.84,1722.4,10.4133766836972,2,2,12,1,0
2,282.42,4,1,19,1,23,0,1,23.34,1129.68,8.26428723178245,1,0,10,6,1
2,461.16,3,0,32,1,45,1,1,8.5,1383.48,1.84317807268627,2,1,9,5,1
0,92.54,1,0,37,0,99,2,0,9.07,92.54,9.80116706289172,0,1,4,0,0
4,253.03,3,1,37,1,17,2,0,47.43,759.09,18.7448128680394,1,1,1,2,0
4,289.71,3,0,40,0,30,3,2,17.58,869.13,6.06813710261986,1,1,10,6,1
3,449.9,1,0,35,1,91,3,2,8.12,449.9,1.80484552122694,2,1,3,1,0
0,239.47,3,1,62,0,39,0,2,47.1,718.41,19.6684344594312,1,3,8,5,1
0,197.65,1,0,32,1,26,0,0,39.62,197.65,20.045535036681,1,1,5,6,1
0,22.49,3,0,26,0,55,2,0,3.13,67.47,13.9172965762561,0,1,7,0,0
0,42.22,2,0,29,1,68,1,2,2.39,84.44,5.6608242539081,0,1,9,6,1
3,476.96,3,1,55,0,46,2,2,21.74,1430.88,4.5580342167058,2,2,9,2,0
4,133.25,4,0,34,0,55,1,0,28.22,533,21.1782363977486,0,1,12,4,0
4,135.81,1,0,48,0,0,0,2,47.49,135.81,34.9679699580296,0,2,2,4,0
2,55.73,1,0,39,1,71,3,1,4.23,55.73,7.59016687600933,0,1,12,4,0
0,58.96,4,0,58,0,26,0,0,11.69,235.84,19.8270013568521,0,2,9,4,0
1,148.57,5,1,66,0,96,2,2,15.82,742.85,10.6481793094164,0,3,7,2,0
2,244.13,5,1,47,0,45,1,2,23.62,1220.65,9.67517306353173,1,2,5,2,0
0,291.25,5,0,35,1,50,2,1,7.8,1456.25,2.67811158798283,1,1,2,5,1
0,460.6,1,0,65,0,0,3,2,15.42,460.6,3.34780720798958,2,3,6,0,0
2,470.24,4,1,65,0,15,2,2,47.42,1880.96,10.0842123171147,2,3,10,0,0
2,215.26,4,0,53,1,86,3,0,22.72,861.04,10.5546780637369,1,2,9,0,0
3,194.5,3,0,32,0,17,0,1,12.27,583.5,6.30848329048843,1,1,12,0,0
0,121.74,1,0,21,1,38,2,0,18.48,121.74,15.1798915722031,0,0,11,0,0
4,80.52,3,0,19,1,95,3,2,22.19,241.56,27.5583705911575,0,0,11,4,0
0,260.52,3,0,70,0,72,0,1,26.84,781.56,10.3024719791187,1,3,5,3,0
0,394.08,5,1,37,0,15,3,0,26.54,1970.4,6.73467316280958,2,1,9,4,0
0,298.58,5,1,41,1,42,0,1,46.65,1492.9,15.6239533793288,1,2,2,2,0
1,69.04,5,1,56,1,51,2,2,46.3,345.2,67.0625724217845,0,2,5,2,0
4,380.71,4,1,25,0,37,3,2,39.79,1522.84,10.451524782643,2,0,2,0,0
1,449.14,4,1,40,1,11,2,1,37.98,1796.56,8.45616066259963,2,1,8,0,0
1,182.52,5,0,18,1,52,1,1,11.15,912.6,6.10891957045803,1,0,12,2,0
4,22.56,3,0,34,1,75,1,0,34.27,67.68,151.906028368794,0,1,4,0,0
1,165.89,5,1,65,1,14,2,0,30.82,829.45,18.5785761649286,0,3,12,4,0
1,472.75,2,1,33,0,21,2,1,39.66,945.5,8.38921205711264,2,1,8,1,0
3,363.67,3,0,47,0,56,3,0,11.29,1091.01,3.10446283718756,2,2,11,4,0
4,193.41,5,0,66,0,79,2,0,6.59,967.05,3.40726953104803,1,3,11,2,0
0,409.31,2,0,59,1,8,3,2,7.71,818.62,1.88365786323325,2,2,8,3,0
2,16.1,1,0,70,1,15,3,0,1.16,16.1,7.20496894409938,0,3,3,5,1
0,232.71,1,1,60,0,35,0,0,47.65,232.71,20.4761290877057,1,2,2,5,1
4,139.48,2,0,68,0,82,2,1,19.39,278.96,13.9016346429596,0,3,9,6,1
3,198.17,2,0,31,1,58,1,0,30.62,396.34,15.4513801281728,1,1,4,6,1
0,297.43,2,1,62,0,67,3,2,32.61,594.86,10.9639242847056,1,3,1,4,0
4,487.62,1,1,23,0,64,3,0,9.98,487.62,2.04667569008654,2,0,8,3,0
3,187.12,4,1,45,1,91,1,1,43.21,748.48,23.0921333903378,1,2,8,2,0
0,118.74,1,0,27,0,16,3,1,1.83,118.74,1.54118241536129,0,1,3,5,1
1,110.18,3,1,33,1,31,1,0,45.46,330.54,41.2597567616627,0,1,3,6,1
2,21.7,4,0,69,1,98,2,1,25.59,86.8,117.926267281106,0,3,9,5,1
3,222.67,2,1,38,1,0,1,1,46.61,445.34,20.9323213724345,1,1,2,3,0
1,92.37,3,0,36,0,80,2,1,41.91,277.11,45.3718739850601,0,1,11,3,0
2,105.47,1,0,46,1,74,0,2,2.31,105.47,2.19019626434057,0,2,8,3,0
1,468.62,2,1,57,1,74,3,1,38.7,937.24,8.25829029917631,2,2,12,2,0
4,171.71,4,0,36,0,0,1,1,8.09,686.84,4.71143206569216,0,1,6,1,0
2,186.31,4,0,46,1,75,2,0,13.15,745.24,7.0581289249101,1,2,4,4,0
4,257.92,5,0,60,0,37,3,1,16.32,1289.6,6.32754342431762,1,2,2,2,0
1,174.6,3,0,19,1,37,2,2,12.68,523.8,7.26231386025201,1,0,10,2,0
3,92.32,4,0,20,1,99,2,2,12.19,369.28,13.2040727902946,0,0,9,5,1
2,67,5,0,55,0,69,0,2,8.4,335,12.5373134328358,0,2,7,4,0
2,411.2,1,1,39,1,73,2,1,34.52,411.2,8.39494163424125,2,1,11,6,1
3,415.7,3,1,62,1,84,0,2,17.63,1247.1,4.24103921096945,2,3,2,2,0
1,216.5,5,0,38,0,5,2,0,22.78,1082.5,10.5219399538106,1,1,9,2,0
1,61.43,1,0,51,1,19,2,0,7.99,61.43,13.0066742633892,0,2,6,2,0
4,396.86,1,0,62,0,99,0,2,23.32,396.86,5.87612760167313,2,3,1,3,0
2,22.99,2,0,49,1,84,3,0,36.71,45.98,159.67812092214,0,2,10,5,1
1,8.26,3,0,61,0,78,1,2,24.03,24.78,290.9200968523,0,3,7,5,1
0,187.23,4,0,41,0,31,3,2,42.11,748.92,22.4910537841158,1,2,10,2,0
4,412.23,5,1,36,1,41,1,2,20.32,2061.15,4.92928704849235,2,1,3,4,0
4,287.47,4,1,69,1,58,0,1,35.99,1149.88,12.5195672591923,1,3,7,2,0
0,287.53,2,1,20,0,59,0,1,35.91,575.06,12.4891315688798,1,0,5,1,0
2,397.24,3,1,68,1,53,2,2,25.19,1191.72,6.34125465713423,2,3,4,5,1
2,245.17,4,1,42,1,12,3,0,42.65,980.68,17.3960925072399,1,2,10,4,0
2,431.91,5,1,57,0,28,2,2,9.94,2159.55,2.30140538538121,2,2,10,5,1
3,450.18,5,1,63,1,35,2,1,7.71,2250.9,1.71264827402372,2,3,6,4,0
0,98.61,1,0,29,1,48,2,2,24.63,98.61,24.9771828414968,0,1,12,1,0
3,74.49,3,0,57,1,71,0,0,36.77,223.47,49.362330514163,0,2,10,6,1
4,302.15,4,0,70,0,28,1,2,23.59,1208.6,7.80738044017872,1,3,9,5,1
0,388.41,1,0,52,1,40,0,2,6.88,388.41,1.77132411626889,2,2,7,2,0
3,104.87,4,0,20,1,43,1,2,35.01,419.48,33.3841899494612,0,0,10,1,0
3,425.04,4,0,23,1,66,1,1,6.65,1700.16,1.56455862977602,2,0,9,4,0
0,366.54,5,1,43,0,56,0,1,26.74,1832.7,7.29524744911879,2,2,7,1,0
2,297.63,2,1,24,1,7,0,0,45.52,595.26,15.294157175016,1,0,7,1,0
3,348.92,3,0,38,0,21,0,1,11.2,1046.76,3.20990484924911,2,1,11,2,0
4,68.62,5,0,67,1,87,0,1,35.07,343.1,51.1075488195861,0,3,2,4,0
3,56.86,3,0,28,1,53,2,2,25.24,170.58,44.3897291593387,0,1,6,1,0
4,129.74,2,0,52,0,79,3,1,13.71,259.48,10.5672884229999,0,2,8,4,0
2,59.54,5,0,68,0,7,3,1,38.84,297.7,65.2334564998321,0,3,10,2,0
1,389.97,5,1,40,1,91,3,0,29.24,1949.85,7.4980126676411,2,1,4,0,0
3,10.16,1,0,23,0,23,0,1,30.19,10.16,297.145669291339,0,0,8,4,0
2,166.2,2,0,24,0,62,0,0,16.98,332.4,10.216606498195,0,0,6,4,0
4,492.8,4,1,27,1,38,2,1,44.15,1971.2,8.95900974025974,2,1,2,6,1
4,345.99,3,0,38,0,93,3,0,2.89,1037.97,0.835284256770427,2,1,10,3,0
1,62.01,5,1,20,1,79,2,1,43.1,310.05,69.5049185615224,0,0,1,4,0
2,42.18,3,0,61,0,23,3,1,32.37,126.54,76.7425320056899,0,3,4,5,1
4,385.21,3,0,63,1,44,1,2,2.31,1155.63,0.599672905687807,2,3,7,0,0
1,289.2,5,0,60,1,44,3,1,7.89,1446,2.72821576763486,1,2,7,3,0
2,358.53,4,1,36,0,21,1,0,35.24,1434.12,9.82902407051014,2,1,1,3,0
3,431.69,1,1,41,1,58,1,0,46.62,431.69,10.7994162477704,2,2,8,4,0
0,98.87,3,0,51,0,31,0,2,17.74,296.61,17.9427531101446,0,2,3,5,1
1,124.99,3,0,27,0,96,2,2,33.74,374.97,26.9941595327626,0,1,7,6,1
1,264.78,3,1,32,0,62,0,2,31.26,794.34,11.8060276455926,1,1,1,0,0
0,87.53,3,0,18,0,13,2,2,18.42,262.59,21.0442134125443,0,0,8,4,0
0,334.58,1,1,54,0,64,2,2,37.26,334.58,11.13635005081,1,2,4,2,0
1,370.91,2,1,35,0,52,2,0,30.16,741.82,8.13135261923378,2,1,9,5,1
1,422.59,5,1,20,1,45,0,2,27.5,2112.95,6.50748952885776,2,0,1,1,0
3,19.51,3,0,37,0,57,2,1,11.09,58.53,56.8426447975397,0,1,11,3,0
0,351.3,5,0,22,0,36,0,0,15.27,1756.5,4.3467122117848,2,0,6,3,0
3,496.87,2,1,40,1,37,3,1,32.48,993.74,6.53692112625033,2,1,2,2,0
4,374.84,1,0,66,1,85,1,0,5.54,374.84,1.47796393127735,2,3,3,0,0
0,200.99,2,0,46,1,61,2,1,36.21,401.98,18.0158216826708,1,2,4,6,1
4,472.27,1,1,51,1,85,3,1,23.51,472.27,4.97808457026701,2,2,10,0,0
0,381.74,4,0,46,1,90,1,2,3.88,1526.96,1.01639859590297,2,2,11,6,1
0,211.23,1,0,46,0,67,3,2,8.98,211.23,4.25129006296454,1,2,2,2,0
3,346.1,5,1,68,1,68,3,1,5.05,1730.5,1.4591158624675,2,3,1,6,1
1,198.29,4,1,27,1,82,0,0,43.85,793.16,22.1140753441929,1,1,8,4,0
2,9.71,2,0,31,0,68,0,2,45.44,19.42,467.971163748713,0,1,6,4,0
0,96.48,3,0,43,1,28,0,2,22.61,289.44,23.4349087893864,0,2,1,1,0
0,287.9,1,0,58,0,79,3,0,11.24,287.9,3.90413337964571,1,2,8,0,0
0,393.04,3,1,49,1,12,3,1,41.55,1179.12,10.571443110116,2,2,4,6,1
3,296.67,4,0,51,1,71,2,1,8.42,1186.68,2.83817035763643,1,2,1,0,0
3,234.79,5,0,48,1,68,1,2,29.54,1173.95,12.5814557689851,1,2,5,0,0
0,472.16,3,1,25,0,83,3,2,25.93,1416.48,5.49178244662826,2,0,6,2,0
4,327.46,1,1,56,1,62,1,2,46.11,327.46,14.0811091431015,1,2,6,0,0
1,156.44,4,0,28,0,60,2,1,4.38,625.76,2.79979544873434,0,1,9,2,0
2,112,4,0,70,0,94,2,0,21.81,448,19.4732142857143,0,3,2,3,0
2,121.71,1,1,27,0,89,3,2,41.59,121.71,34.1713910114206,0,1,10,2,0
0,451.8,1,0,70,1,29,0,1,18.3,451.8,4.05046480743692,2,3,6,6,1
4,178.44,4,0,61,0,51,1,0,26.58,713.76,14.8957632817754,1,3,4,6,1
0,44.24,5,0,41,0,48,2,0,41.74,221.2,94.3490054249548,0,2,4,3,0
3,336.44,3,0,18,1,70,3,2,3.04,1009.32,0.903578647009868,2,0,9,6,1
1,309.07,2,1,49,1,3,1,1,49.01,618.14,15.8572491668554,1,2,4,5,1
0,209.66,3,0,31,1,79,0,0,18.73,628.98,8.93351139940857,1,1,4,6,1
3,265.11,4,1,40,0,91,1,1,38.22,1060.44,14.4166572366188,1,1,2,5,1
0,78.11,5,0,19,1,23,3,2,46.28,390.55,59.2497759569837,0,0,4,6,1
3,346.91,4,1,53,0,42,2,2,14.64,1387.64,4.22011472716267,2,2,4,4,0
2,315.92,5,1,20,0,74,2,2,48.67,1579.6,15.4057989364396,1,0,4,3,0
3,321.77,4,1,64,1,77,2,1,23.29,1287.08,7.23808931845728,1,3,10,0,0
3,134.05,3,0,27,1,66,1,0,45.97,402.15,34.2931741887355,0,1,8,3,0
0,187.72,2,0,37,0,54,1,2,48.99,375.44,26.0973790752184,1,1,12,2,0
2,207.29,3,1,59,0,80,3,0,43.58,621.87,21.023686622606,1,2,9,4,0
1,263.37,3,0,59,1,11,2,1,6.97,790.11,2.6464669476402,1,2,11,5,1
0,239.41,4,0,61,1,80,2,1,11.45,957.64,4.78259053506537,1,3,12,0,0
1,351.76,4,1,69,0,18,3,1,33.46,1407.04,9.51216738685467,2,3,7,0,0
4,10.27,2,0,56,0,86,3,1,4.42,20.54,43.0379746835443,0,2,6,2,0
4,95.15,4,0,59,0,23,0,1,17.2,380.6,18.0767209668944,0,2,1,5,1
4,307.56,3,1,20,0,68,2,0,34.47,922.68,11.2075692547796,1,0,3,1,0
0,55.91,1,0,59,1,32,2,1,45.86,55.91,82.0246825254874,0,2,5,0,0
1,195.67,3,0,42,1,10,2,2,13.59,587.01,6.94536719987735,1,2,8,3,0
1,461.27,1,0,20,0,74,3,0,14.81,461.27,3.21070089101828,2,0,7,2,0
1,203.36,1,0,58,0,26,0,2,30.1,203.36,14.8013375295043,1,2,11,5,1
0,183.47,2,0,42,0,41,1,1,30.71,366.94,16.7384313511746,1,2,8,1,0
0,476.61,2,1,50,1,25,3,2,31.75,953.22,6.66163110299826,2,2,6,3,0
4,283.98,5,1,64,0,10,3,0,34.55,1419.9,12.1663497429396,1,3,7,5,1
1,51.35,2,0,39,1,36,0,1,40.24,102.7,78.3641674780915,0,1,1,1,0
0,283.13,4,1,19,1,30,0,2,36.24,1132.52,12.7997739554268,1,0,1,3,0
2,390.47,3,1,44,0,74,3,1,35.91,1171.41,9.19660921453633,2,2,11,5,1
0,362.05,2,1,68,1,58,2,0,33.55,724.1,9.26667587349813,2,3,8,4,0
3,440.27,4,1,24,0,18,1,2,29.69,1761.08,6.74358916119654,2,0,10,5,1
1,417.83,4,1,53,1,90,0,0,15.16,1671.32,3.6282698705215,2,2,6,6,1
2,478.5,3,1,63,1,12,0,1,25.63,1435.5,5.35632183908046,2,3,1,6,1
1,496.58,1,1,44,1,24,0,0,47.06,496.58,9.47682145877804,2,2,7,5,1
4,183.98,1,0,70,1,6,1,0,35.89,183.98,19.5075551690401,1,3,11,4,0
4,497.6,5,1,27,0,81,2,1,41.25,2488,8.28979099678457,2,1,12,1,0
0,73.15,2,0,50,0,43,2,2,28.44,146.3,38.879015721121,0,2,6,0,0
0,432.21,2,1,54,1,93,1,1,34.19,864.42,7.91050646676384,2,2,3,4,0
0,452.72,3,0,68,1,99,2,2,1.23,1358.16,0.271691111503799,2,3,8,4,0
0,197.92,1,0,28,1,52,0,0,7.9,197.92,3.99151172190784,1,1,12,5,1
0,126.77,2,0,33,0,55,0,0,38.59,253.54,30.4409560621598,0,1,4,0,0
0,498.55,3,0,63,1,35,1,0,4.09,1495.65,0.820379099388226,2,3,4,1,0
2,20.53,1,0,58,0,82,3,2,17.76,20.53,86.5075499269362,0,2,10,5,1
1,192.48,2,0,60,0,30,3,2,2.89,384.96,1.50145469659185,1,2,5,0,0
0,248.74,1,1,34,1,60,0,0,48.58,248.74,19.5304333842567,1,1,8,5,1
2,382.24,3,1,19,0,28,3,1,13.26,1146.72,3.46902469652574,2,0,1,3,0
2,16.13,1,0,58,1,62,1,1,6.17,16.13,38.2517048977061,0,2,1,0,0
1,263.39,1,0,43,0,59,0,2,34.72,263.39,13.1819734993736,1,2,6,4,0
2,314.45,2,0,55,0,7,3,2,24.04,628.9,7.64509460963587,1,2,10,5,1
4,305.47,4,1,61,1,9,1,2,28.95,1221.88,9.47719907028513,1,3,6,6,1
4,444.09,4,1,56,0,8,3,2,4.2,1776.36,0.945754239005607,2,2,1,2,0
0,391.94,5,1,59,0,69,1,0,28.18,1959.7,7.18987600142879,2,2,9,0,0
0,129.62,3,0,58,0,19,1,0,14.36,388.86,11.0785372627681,0,2,11,6,1
2,355.68,2,0,52,1,86,3,1,2.26,711.36,0.63540260908682,2,2,8,4,0
1,422.06,2,0,45,1,14,1,2,0.44,844.12,0.104250580486187,2,2,1,4,0
0,53.09,3,0,65,0,60,0,0,23.71,159.27,44.6600113015634,0,3,10,2,0
4,489.39,5,1,41,0,71,2,1,24.07,2446.95,4.91836776395104,2,2,7,6,1
0,422.32,1,0,19,0,50,0,1,15.77,422.32,3.73413525288881,2,0,11,5,1
4,371.05,2,1,56,0,87,1,1,38.49,742.1,10.3732650586174,2,2,7,6,1
2,75.28,1,0,35,1,4,0,1,0.17,75.28,0.225823591923486,0,1,9,3,0
4,187.66,3,0,62,0,49,2,1,24.75,562.98,13.1887456037515,1,3,3,0,0
4,25.59,1,0,50,0,51,0,1,2,25.59,7.81555295037124,0,2,2,1,0
1,272.58,5,1,57,0,61,0,2,44.41,1362.9,16.2924645975493,1,2,4,1,0
3,428.39,5,0,67,0,8,3,2,2.44,2141.95,0.569574453185182,2,3,1,4,0
4,365.81,4,0,38,1,41,3,2,9.36,1463.24,2.5587053388371,2,1,9,0,0
0,335.54,3,1,56,0,81,2,0,41.45,1006.62,12.3532216725279,2,2,2,6,1
4,99.23,4,0,65,1,59,0,2,10.68,396.92,10.7628741308072,0,3,5,6,1
0,283.3,5,1,34,1,9,0,1,47.89,1416.5,16.9043416872573,1,1,11,4,0
3,279.15,3,1,41,1,48,1,2,19.42,837.45,6.95683324377575,1,2,8,2,0
0,21.71,3,0,23,0,35,2,0,36.84,65.13,169.691386457854,0,0,12,5,1
3,78,5,0,49,0,36,0,2,39.21,390,50.2692307692308,0,2,4,0,0
0,142.01,3,1,42,0,93,2,0,38.79,426.03,27.3149778184635,0,2,1,4,0
1,160.59,3,0,64,0,84,0,0,20.36,481.77,12.6782489569712,0,3,11,5,1
3,37.87,1,0,28,0,19,2,2,3.84,37.87,10.1399524689728,0,1,12,6,1
2,322.32,2,0,57,0,6,1,2,8.97,644.64,2.78294862248697,1,2,5,4,0
2,110.69,1,0,33,1,64,3,0,12.21,110.69,11.0308067576114,0,1,12,0,0
0,309.62,2,1,43,1,23,2,2,34.73,619.24,11.216975647568,1,2,9,2,0
0,250.69,3,0,30,1,1,3,0,24.35,752.07,9.71319159120827,1,1,9,2,0
4,379.78,4,0,67,0,5,2,1,2.26,1519.12,0.595081362894307,2,3,11,2,0
1,151.77,5,0,68,1,3,1,0,12.01,758.85,7.91328984647822,0,3,1,5,1
4,460.49,3,1,49,1,32,2,2,4.81,1381.47,1.04453951225868,2,2,2,0,0
0,192.89,5,0,22,1,68,2,2,9.63,964.45,4.99248276219607,1,0,9,1,0
2,104.65,4,0,61,1,18,1,1,0.12,418.6,0.114667940754897,0,3,10,2,0
3,173.31,4,1,30,1,24,3,2,43.84,693.24,25.2957128844268,1,1,8,2,0
2,406.17,4,1,62,0,52,1,2,17.48,1624.68,4.3036167122141,2,3,12,2,0
1,129.14,5,0,48,0,64,0,1,17.15,645.7,13.2801610655103,0,2,11,4,0
1,322.96,2,0,46,1,59,2,1,22.69,645.92,7.02563784988853,1,2,7,2,0
4,177.2,2,0,24,1,6,1,1,31.28,354.4,17.6523702031603,1,0,1,0,0
3,97.56,5,0,27,0,98,0,0,24.53,487.8,25.1435014350144,0,1,4,6,1
3,41.35,3,0,21,0,61,0,1,25.77,124.05,62.3216444981862,0,0,3,4,0
3,204.75,4,1,59,1,62,3,0,29.19,819,14.2564102564103,1,2,12,2,0
4,381.78,1,0,70,0,94,3,1,17.66,381.78,4.62570066530463,2,3,10,5,1
1,67.03,1,0,25,0,69,3,2,5.6,67.03,8.35446814859018,0,0,1,6,1
0,13.85,5,0,35,0,29,1,1,40.61,69.25,293.212996389892,0,1,12,6,1
3,459.32,2,0,44,1,46,2,2,12.01,918.64,2.61473482539406,2,2,1,2,0
4,137.63,4,0,18,1,77,3,0,36.05,550.52,26.1934171328925,0,0,11,5,1
1,439.5,2,0,66,0,7,0,0,7.15,879,1.62684869169511,2,3,10,6,1
1,392.78,5,1,66,1,60,2,2,24.08,1963.9,6.1306583838281,2,3,1,0,0
4,39.22,4,0,69,1,67,2,0,24.47,156.88,62.3916369199388,0,3,2,0,0
1,199.06,1,0,51,1,37,3,1,25.37,199.06,12.7449010348639,1,2,12,1,0
1,386.47,4,1,60,0,76,2,0,1.89,1545.88,0.489041840246332,2,2,2,5,1
0,415.61,3,1,18,0,34,0,2,36.37,1246.83,8.75099251702317,2,0,2,4,0
3,406.02,2,1,30,1,28,0,2,11.26,812.04,2.77326240086695,2,1,6,6,1
4,55.57,2,0,30,0,41,3,0,2.16,111.14,3.88698938276048,0,1,1,5,1
0,80.86,2,0,27,1,11,3,2,5.97,161.72,7.38313133811526,0,1,3,2,0
1,157.19,3,0,58,0,30,0,2,33.38,471.57,21.2354475475539,0,2,3,3,0
1,385.8,2,1,33,0,10,0,2,13.8,771.6,3.57698289269051,2,1,4,0,0
3,189.71,1,1,34,0,36,3,1,43.21,189.71,22.7768699594117,1,1,11,1,0
2,399.65,5,1,28,0,66,2,2,22.84,1998.25,5.71500062554735,2,1,5,2,0
2,207.66,1,1,22,1,55,3,2,45.2,207.66,21.7663488394491,1,0,2,0,0
4,405.83,1,0,32,1,87,2,2,5.67,405.83,1.39713673212922,2,1,12,6,1
3,418.02,5,1,70,0,51,2,0,26.35,2090.1,6.3035261470743,2,3,1,2,0
1,74.1,3,1,29,1,72,3,2,49.16,222.3,66.3427800269906,0,1,4,4,0
0,289.18,3,0,63,0,96,0,2,23.38,867.54,8.08492980150771,1,3,1,3,0
3,333.65,1,0,47,1,16,2,0,7.53,333.65,2.25685598681253,1,2,2,1,0
3,493.34,4,1,42,0,84,2,2,22.75,1973.36,4.61142416994365,2,2,11,1,0
0,153.38,3,0,34,1,93,2,1,35.08,460.14,22.8713000391185,0,1,9,3,0
3,335.17,4,1,65,0,0,3,0,42.04,1340.68,12.5428886833547,2,3,1,6,1
3,141.34,2,0,27,0,44,3,1,22.08,282.68,15.6219046271402,0,1,12,4,0
0,69.36,2,0,39,0,62,0,0,33.88,138.72,48.8465974625144,0,1,3,0,0
2,14.22,4,1,41,0,55,2,1,43.31,56.88,304.571026722926,0,2,1,3,0
2,189.04,4,0,44,0,40,2,1,10.22,756.16,5.40626322471435,1,2,5,2,0
2,332.89,3,0,29,1,60,0,1,10.94,998.67,3.28637087326144,1,1,1,1,0
2,120.27,1,0,38,1,94,1,2,31.41,120.27,26.1162384634572,0,1,10,3,0
0,409.21,3,1,30,0,14,2,0,23.52,1227.63,5.74766012560788,2,1,4,1,0
0,496.71,5,1,59,1,13,0,1,23.77,2483.55,4.78548851442492,2,2,7,5,1
0,283.36,2,0,65,0,25,0,2,24.55,566.72,8.66389045736872,1,3,4,1,0
1,422.22,3,1,52,0,96,3,0,36.66,1266.66,8.68267727724883,2,2,5,2,0
2,404.88,3,1,27,1,69,2,0,41.07,1214.64,10.1437462951986,2,1,5,3,0
3,26.78,3,0,31,0,81,1,1,0.59,80.34,2.20313666915609,0,1,1,0,0
0,280.41,3,0,45,1,92,2,1,27.05,841.23,9.64658892336222,1,2,4,5,1
4,214.22,1,0,39,0,28,2,0,46.03,214.22,21.4872560918682,1,1,1,2,0
3,207.46,3,0,40,0,35,0,1,47.53,622.38,22.9104405668563,1,1,6,5,1
2,307.19,5,1,58,0,12,3,1,40.86,1535.95,13.3012142322341,1,2,4,6,1
3,14.86,2,0,51,1,64,2,0,22.43,29.72,150.942126514132,0,2,4,4,0
2,26.1,4,0,33,0,82,3,0,22.83,104.4,87.4712643678161,0,1,6,0,0
1,385.74,5,1,37,0,67,2,1,47.93,1928.7,12.4254679317675,2,1,5,2,0
2,114.12,3,0,20,1,21,2,2,2.52,342.36,2.20820189274448,0,0,10,6,1
4,60.27,2,0,37,1,35,0,1,26.22,120.54,43.504230960677,0,1,4,5,1
2,257.68,5,0,22,1,58,2,0,12.1,1288.4,4.69574666252717,1,0,9,0,0
0,27.19,3,0,37,0,26,2,1,2.53,81.57,9.3048915042295,0,1,4,6,1
3,318.44,2,0,39,1,34,1,0,14.78,636.88,4.64137671146841,1,1,8,2,0
0,340.32,3,0,42,0,84,3,2,14.44,1020.96,4.24306535025858,2,2,6,0,0
4,195.91,4,0,51,1,33,1,1,0.78,783.64,0.39814200398142,1,2,9,2,0
1,439.18,3,1,31,1,73,2,1,24.71,1317.54,5.62639464456487,2,1,11,6,1
4,265.22,1,1,43,1,28,3,0,47.64,265.22,17.9624462710203,1,2,7,0,0
2,393.02,4,1,40,0,69,3,1,15.11,1572.08,3.84458806167625,2,1,2,6,1
0,246.7,4,1,32,0,84,3,0,20.82,986.8,8.43940008107013,1,1,1,5,1
2,42.47,1,0,66,0,79,2,0,42.12,42.47,99.1758888627266,0,3,8,3,0
2,175.33,5,0,35,1,38,1,1,22.19,876.65,12.656134147037,1,1,6,6,1
0,150.54,4,0,47,0,67,1,2,39.66,602.16,26.3451574332403,0,2,11,6,1
4,26.48,5,1,27,1,23,1,2,34.6,132.4,130.664652567976,0,1,7,3,0
0,140.72,1,0,60,1,11,0,2,4.09,140.72,2.90648095508812,0,2,3,3,0
0,97.52,3,0,28,0,81,0,2,28.1,292.56,28.8146021328958,0,1,3,5,1
1,146.51,2,1,27,1,51,2,1,44.62,293.02,30.4552590266876,0,1,10,3,0
1,321.76,2,0,63,1,21,2,1,19.73,643.52,6.13189955246146,1,3,3,3,0
1,458.37,2,1,55,1,34,3,1,24.3,916.74,5.30139407029256,2,2,2,5,1
0,468.23,1,1,40,1,71,3,1,45.91,468.23,9.80501035815732,2,1,6,2,0
0,136.37,5,1,48,1,67,2,2,45.21,681.85,33.152452885532,0,2,8,1,0
1,415.57,4,1,19,1,48,0,2,28.94,1662.28,6.96392906128931,2,0,10,2,0
3,224.41,5,0,44,0,25,2,1,26.39,1122.05,11.7597255024286,1,2,9,1,0
3,445.4,1,1,67,0,85,3,0,35.41,445.4,7.95015716210148,2,3,5,4,0
0,159.64,3,0,23,0,34,3,1,14.38,478.92,9.00776747682285,0,0,6,3,0
2,495.82,5,1,64,0,90,3,0,25.17,2479.1,5.07643903029325,2,3,9,1,0
3,449.4,3,1,19,1,78,3,0,43.21,1348.2,9.61504227859368,2,0,4,6,1
4,354.26,2,0,20,0,27,2,2,29.13,708.52,8.22277423361373,2,0,9,2,0
4,457.56,5,1,41,0,69,2,0,9.37,2287.8,2.04781886528543,2,2,6,2,0
3,45.48,1,0,69,0,95,3,2,13.04,45.48,28.6719437115216,0,3,1,6,1
3,196.78,1,0,30,1,2,3,1,6,196.78,3.04909035471084,1,1,3,1,0
1,58.68,2,0,55,1,84,2,2,9.83,117.36,16.7518745739605,0,2,10,0,0
0,110.65,4,0,24,1,70,0,2,21.57,442.6,19.4938996836873,0,0,4,3,0
2,479.34,2,1,36,0,4,1,0,25.61,958.68,5.34276296574457,2,1,9,4,0
0,421.33,2,0,54,1,14,0,0,8.5,842.66,2.01742102390051,2,2,8,3,0
1,282.92,4,1,27,0,54,3,0,39.06,1131.68,13.8060229040011,1,1,8,0,0
3,58.13,3,0,60,0,27,1,0,36.78,174.39,63.2719766041631,0,2,8,3,0
1,65.33,4,0,39,0,79,3,2,4.9,261.32,7.50038267258534,0,1,6,1,0
0,40.05,3,0,20,1,8,3,0,38.78,120.15,96.8289637952559,0,0,5,5,1
4,262.65,4,1,24,0,12,2,0,39.9,1050.6,15.1913192461451,1,0,11,5,1
3,66.56,3,0,36,1,71,0,1,28.39,199.68,42.6532451923077,0,1,10,0,0
3,337.24,5,1,51,1,70,2,0,28.89,1686.2,8.5665994543945,2,2,5,0,0
4,76.59,2,0,66,0,87,3,0,24.71,153.18,32.2626974800888,0,3,6,1,0
1,440.06,3,0,31,1,20,0,1,1.13,1320.18,0.256783165931918,2,1,12,0,0
2,43.53,1,0,55,1,93,1,2,2.61,43.53,5.99586492074431,0,2,12,5,1
4,406.61,2,1,44,0,8,1,1,39.85,813.22,9.80054597771821,2,2,10,1,0
0,173.06,1,0,35,0,75,0,0,49.74,173.06,28.7414769444123,1,1,10,2,0
1,374.94,2,1,61,0,39,2,1,15.68,749.88,4.18200245372593,2,3,6,2,0
1,101.48,2,1,42,1,26,3,2,47.22,202.96,46.5313362238865,0,2,2,6,1
4,166.33,4,1,53,1,86,3,2,47.4,665.32,28.4975650814646,0,2,8,6,1
3,256.22,3,0,69,0,98,2,0,15.6,768.66,6.08851768011865,1,3,11,6,1
4,123.74,4,0,35,1,85,3,2,40.38,494.96,32.6329400355584,0,1,4,3,0
0,368.46,2,0,45,0,42,2,1,0.02,736.92,0.00542799761168105,2,2,11,1,0
0,346.02,4,0,68,0,94,3,2,0.06,1384.08,0.0173400381480839,2,3,12,1,0
0,279.66,2,1,39,0,76,2,0,42.02,559.32,15.0253879711078,1,1,7,1,0
3,139.38,2,0,62,0,95,0,0,37.57,278.76,26.9550868130291,0,3,4,4,0
2,358.74,3,1,40,1,36,0,0,30.25,1076.22,8.43229079556225,2,1,2,3,0
0,183.32,1,0,38,1,32,3,0,21.29,183.32,11.6135718961379,1,1,5,5,1
2,165.61,3,0,37,1,92,1,2,21.51,496.83,12.9883461143651,0,1,12,1,0
0,31.92,1,0,20,1,9,2,1,0.36,31.92,1.12781954887218,0,0,4,6,1
0,111.19,2,0,50,1,63,2,0,11.82,222.38,10.630452378811,0,2,1,6,1
1,285.89,4,0,47,0,69,0,2,6.05,1143.56,2.11619853789919,1,2,5,4,0
2,58.29,1,0,25,0,64,0,0,31.68,58.29,54.3489449305198,0,0,5,0,0
4,268.57,3,0,67,0,78,1,0,35.66,805.71,13.2777302006926,1,3,9,5,1
1,415.86,4,1,18,1,57,1,0,32.67,1663.44,7.85600923387679,2,0,11,0,0
0,488.11,5,1,38,0,95,0,0,15.52,2440.55,3.17961115322366,2,1,10,6,1
0,45.84,2,0,50,0,94,1,0,38.72,91.68,84.4677137870855,0,2,3,0,0
4,355.98,5,1,64,0,35,2,0,44.82,1779.9,12.5905949772459,2,3,12,0,0
1,228.78,3,0,34,0,64,0,1,10.66,686.34,4.65949820788531,1,1,5,1,0
0,6.99,1,0,23,0,31,2,1,11.14,6.99,159.370529327611,0,0,10,3,0
3,234.72,3,1,44,0,46,3,1,40.79,704.16,17.3781526925699,1,2,3,4,0
1,151.65,2,0,31,0,7,0,0,44.37,303.3,29.2581602373887,0,1,3,0,0
3,436.46,5,1,37,0,88,2,1,13.62,2182.3,3.12056087613985,2,1,2,4,0
0,116.07,5,0,56,0,40,2,1,15.25,580.35,13.1386232445938,0,2,2,3,0
4,313.9,4,1,21,1,54,2,1,36.89,1255.6,11.7521503663587,1,0,11,6,1
0,256.35,3,0,42,1,99,1,2,25.35,769.05,9.8888238736103,1,2,4,6,1
4,389.28,2,0,64,0,9,2,1,15.29,778.56,3.92776407727086,2,3,5,6,1
3,433.4,3,0,26,0,87,2,1,6.52,1300.2,1.50438394093216,2,1,3,5,1
0,195.96,4,1,68,0,2,3,2,40.2,783.84,20.514390691978,1,3,6,5,1
0,468.85,2,1,65,0,28,1,2,28.39,937.7,6.05524154846966,2,3,9,6,1
1,9.08,3,0,32,1,55,0,2,11.44,27.24,125.991189427313,0,1,3,0,0
2,467.97,1,0,19,0,13,1,0,20.04,467.97,4.28232579011475,2,0,12,0,0
1,78.14,5,0,60,1,14,1,1,7.9,390.7,10.1100588686972,0,2,8,0,0
4,257.46,2,1,59,0,79,0,2,38.5,514.92,14.9537792278412,1,2,4,4,0
0,42.72,2,0,40,0,54,1,2,21.38,85.44,50.0468164794008,0,1,6,0,0
1,336.92,3,1,26,1,29,3,0,45.48,1010.76,13.4987534132732,2,1,1,1,0
3,200.71,5,1,43,0,61,1,2,34.06,1003.55,16.9697573613672,1,2,5,3,0
3,462.98,3,1,50,0,30,3,0,46.07,1388.94,9.95075381225971,2,2,8,5,1
1,483.14,5,1,51,0,40,1,1,12.51,2415.7,2.58931158670365,2,2,1,5,1
4,478.52,4,1,60,0,82,0,0,24.3,1914.08,5.07815765276269,2,2,4,1,0
3,214.66,2,1,55,0,1,1,1,48.8,429.32,22.7336252678655,1,2,10,5,1
3,395.46,3,1,62,0,29,3,1,11.66,1186.38,2.94846507864259,2,3,11,4,0
4,324.32,1,0,53,1,90,2,2,13.71,324.32,4.22730636408486,1,2,6,4,0
1,431.87,5,1,25,0,37,2,2,16.08,2159.35,3.7233426725635,2,0,10,1,0
3,100.78,3,0,33,1,94,2,1,27.02,302.34,26.8108751736456,0,1,5,0,0
1,94.91,5,0,50,1,0,2,0,6.09,474.55,6.41660520493099,0,2,11,5,1
1,306.82,4,1,39,1,44,2,0,24.81,1227.28,8.08617430415227,1,1,12,5,1
2,46.96,2,0,26,1,22,3,0,3.77,93.92,8.02810902896082,0,1,4,2,0
2,344.28,3,1,70,0,22,3,2,14.67,1032.84,4.26106657371907,2,3,8,2,0
1,403.35,5,1,29,0,72,2,1,48.18,2016.75,11.9449609520268,2,1,2,3,0
3,74.26,2,0,23,1,87,0,1,19.77,148.52,26.6226770805279,0,0,10,0,0
4,380,1,0,52,0,21,0,2,13.08,380,3.4421052631579,2,2,12,5,1
3,36.7,1,0,26,0,25,2,1,19.43,36.7,52.9427792915531,0,1,4,1,0
4,490.19,4,1,67,0,21,0,0,48.43,1960.76,9.87984251004713,2,3,12,2,0
2,303.85,2,1,35,1,23,3,2,40.96,607.7,13.4803356919533,1,1,6,3,0
1,258.65,4,1,63,0,91,1,2,34.13,1034.6,13.195437850377,1,3,3,3,0
4,264.42,4,1,26,1,62,0,0,47.41,1057.68,17.9298086377732,1,1,9,6,1
3,407.85,5,0,48,1,36,2,1,1.01,2039.25,0.247640063748927,2,2,2,2,0
2,355.27,5,1,70,0,85,0,0,49.57,1776.35,13.9527683170546,2,3,8,3,0
3,357.52,3,1,47,1,51,0,1,35.59,1072.56,9.95468784963079,2,2,6,2,0
0,20.62,2,0,26,0,13,2,0,1.89,41.24,9.16585838991271,0,1,12,1,0
2,175.24,2,0,22,1,8,1,0,35.84,350.48,20.4519516092216,1,0,6,3,0
0,23.73,3,0,28,0,1,2,2,15.83,71.19,66.708807416772,0,1,10,1,0
0,454.4,4,1,58,0,65,2,2,44.65,1817.6,9.82614436619718,2,2,7,2,0
0,239.86,4,1,30,0,4,2,0,27.06,959.44,11.2815809222046,1,1,10,1,0
3,395.32,3,1,68,1,86,1,1,16.72,1185.96,4.22948497419812,2,3,1,1,0
4,20.02,5,0,19,1,76,0,1,14.89,100.1,74.3756243756244,0,0,4,6,1
3,223.89,5,0,44,1,96,3,0,3.83,1119.45,1.71066148555094,1,2,8,0,0
2,35.7,4,0,49,0,83,3,0,43.26,142.8,121.176470588235,0,2,4,0,0
3,53.44,2,0,59,1,88,1,1,42.2,106.88,78.9670658682635,0,2,2,4,0
0,402.9,4,1,50,0,83,3,1,36.07,1611.6,8.95259369570613,2,2,3,6,1
4,382.59,2,1,53,1,17,3,0,3.84,765.18,1.00368540735513,2,2,2,2,0
1,165.6,4,1,53,0,9,0,0,47.79,662.4,28.8586956521739,0,2,5,5,1
1,229.86,2,0,49,0,66,1,2,14.42,459.72,6.27338379883407,1,2,7,4,0
1,448.82,2,0,19,0,68,2,2,4.63,897.64,1.03159395748853,2,0,4,1,0
3,241.36,1,0,18,0,83,1,1,33.18,241.36,13.7470997679814,1,0,9,1,0
3,421.33,4,1,36,1,43,1,0,47.02,1685.32,11.1598984169179,2,1,12,4,0
0,423.31,3,0,54,0,67,3,1,4.06,1269.93,0.959107982329735,2,2,10,2,0
1,29.51,5,0,21,1,72,3,0,3.39,147.55,11.4876313114199,0,0,8,4,0
4,497.87,4,1,58,0,69,3,1,13.72,1991.48,2.75573945005724,2,2,1,5,1
3,257.6,3,0,69,1,46,3,0,0.08,772.8,0.031055900621118,1,3,4,5,1
3,365.79,3,1,50,1,14,1,1,46.28,1097.37,12.6520681265207,2,2,6,1,0
0,345.98,5,1,62,1,45,0,0,31.3,1729.9,9.04676570900052,2,3,8,4,0
2,5.45,4,0,50,0,99,2,0,13.69,21.8,251.192660550459,0,2,7,4,0
0,198.82,2,0,52,1,68,2,1,22.94,397.64,11.5380746403782,1,2,1,4,0
2,201.18,5,1,28,1,42,1,1,49.36,1005.9,24.5352420717765,1,1,12,2,0
4,415.28,3,1,19,0,50,1,0,20.92,1245.84,5.03756501637449,2,0,3,5,1
2,153.98,4,0,18,1,57,2,0,24.49,615.92,15.9046629432394,0,0,12,4,0
0,193.53,5,0,42,1,46,1,0,9.48,967.65,4.89846535420865,1,2,5,2,0
3,33.34,5,0,41,0,83,1,0,24.34,166.7,73.005398920216,0,2,7,5,1
0,174.71,4,0,60,0,84,1,2,7.44,698.84,4.25848549024097,1,2,5,2,0
3,338.78,3,1,66,1,88,2,1,42.94,1016.34,12.674892260464,2,3,3,5,1
4,80.15,2,0,29,1,52,1,2,14.42,160.3,17.9912663755459,0,1,7,5,1
3,312.04,5,1,43,1,92,1,0,47.52,1560.2,15.2288168183566,1,2,9,1,0
1,128.61,3,1,53,0,44,2,2,49.91,385.83,38.8072467148744,0,2,12,4,0
0,250.63,1,1,39,0,0,1,1,44.42,250.63,17.7233371902805,1,1,1,0,0
4,124.8,2,0,45,0,92,1,0,30.38,249.6,24.3429487179487,0,2,5,3,0
2,219.96,5,0,62,0,35,1,1,2.1,1099.8,0.954719039825423,1,3,9,5,1
1,418.68,2,0,66,1,62,2,2,8.03,837.36,1.91793254991879,2,3,10,2,0
1,484.56,3,1,46,0,33,1,2,32.69,1453.68,6.74632656430576,2,2,1,3,0
0,52.52,3,0,30,0,10,2,0,40.92,157.56,77.9131759329779,0,1,12,3,0
2,455.97,4,1,61,1,23,1,2,43.91,1823.88,9.63001951882799,2,3,6,3,0
2,421.45,4,1,36,0,38,0,0,18.86,1685.8,4.47502669355796,2,1,3,1,0
1,472.77,2,1,37,1,88,2,1,43.55,945.54,9.21166740698437,2,1,6,6,1
0,107.28,1,0,59,1,24,0,0,49.83,107.28,46.4485458612975,0,2,5,1,0
0,327.59,3,0,69,1,18,0,0,0.29,982.77,0.0885252907597912,1,3,8,2,0
0,276.28,1,0,61,1,28,2,2,12.78,276.28,4.62574200086868,1,3,9,6,1
4,33.61,3,0,62,0,53,0,1,28.97,100.83,86.1945849449569,0,3,7,6,1
0,133.34,3,1,28,1,33,3,2,48.33,400.02,36.2456877156142,0,1,4,6,1
2,443.61,4,1,35,1,53,0,1,4.05,1774.44,0.912964090079124,2,1,9,5,1
3,131.3,4,0,20,1,50,0,1,19.11,525.2,14.5544554455446,0,0,1,3,0
0,494.15,2,0,70,0,65,3,0,3.27,988.3,0.661742385915208,2,3,6,5,1
4,404.7,2,0,69,0,66,1,2,10.26,809.4,2.53521126760563,2,3,2,3,0
0,497.55,2,1,19,0,20,3,1,9.8,995.1,1.96965129132751,2,0,9,4,0
2,295.21,5,1,35,0,41,3,1,25.46,1476.05,8.6243690931879,1,1,8,5,1
4,221.45,5,1,47,1,29,3,2,38.04,1107.25,17.1776924813728,1,2,2,3,0
3,352.78,3,0,70,1,55,0,1,12.22,1058.34,3.46391518793583,2,3,7,3,0
0,438.07,4,1,29,1,54,1,0,35.34,1752.28,8.06720387152738,2,1,12,0,0
2,481.63,5,1,21,0,57,0,1,40,2408.15,8.30513049436289,2,0,8,1,0
4,439.12,4,1,54,1,49,2,2,27.79,1756.48,6.3285662233558,2,2,6,2,0
3,47.71,2,0,47,0,0,0,1,7.57,95.42,15.8666946132886,0,2,10,3,0
3,98.15,3,0,20,1,12,1,0,10.83,294.45,11.0341314314824,0,0,10,1,0
2,469.16,4,1,43,1,65,3,0,39.01,1876.64,8.31486060192685,2,2,8,3,0
1,155.7,3,0,38,0,38,1,1,27.91,467.1,17.9254977520874,0,1,4,6,1
3,115.73,1,0,67,0,16,0,2,38.17,115.73,32.9819407240992,0,3,6,3,0
4,259.15,3,0,66,1,80,2,1,25.59,777.45,9.87459000578816,1,3,10,6,1
4,215.54,1,0,19,1,40,1,0,3.21,215.54,1.48928273174353,1,0,3,1,0
2,6.29,4,0,55,0,75,2,2,40.58,25.16,645.151033386327,0,2,12,5,1
0,197.21,3,0,24,1,8,2,2,7.88,591.63,3.99574058110643,1,0,2,5,1
0,18.2,4,0,39,1,29,3,1,1.63,72.8,8.95604395604396,0,1,3,4,0
0,486.34,4,1,42,0,63,0,1,33.46,1945.36,6.8799605214459,2,2,8,0,0
1,414.62,2,1,52,0,19,0,0,27.89,829.24,6.72664126187835,2,2,7,4,0
2,122.95,1,0,44,1,43,0,2,34.04,122.95,27.6860512403416,0,2,2,2,0
1,271.1,4,1,18,1,81,0,0,38.38,1084.4,14.1571375876061,1,0,5,4,0
1,74.22,5,1,60,0,98,3,0,44.99,371.1,60.6170843438426,0,2,6,3,0
2,397.49,1,1,48,0,44,1,1,40.89,397.49,10.2870512465722,2,2,12,3,0
3,227.92,2,0,20,0,64,2,0,27.46,455.84,12.0480870480871,1,0,1,0,0
4,292.97,5,0,68,0,50,2,1,10.13,1464.85,3.45769191384783,1,3,3,5,1
1,432.09,3,1,59,1,65,0,0,16.12,1296.27,3.7307042514291,2,2,9,6,1
2,489.06,5,1,25,0,7,2,2,29.77,2445.3,6.08718766613503,2,0,12,2,0
3,104.72,1,0,49,0,93,3,0,28.58,104.72,27.2918258212376,0,2,5,0,0
2,109.27,2,0,42,0,61,0,1,2,218.54,1.83032854397364,0,2,6,0,0
1,72.94,4,0,44,1,55,1,2,39.66,291.76,54.3734576364135,0,2,1,6,1
3,258.37,3,1,22,1,94,3,2,33.15,775.11,12.8304369702365,1,0,6,4,0
2,270.07,2,0,48,1,65,3,1,27.05,540.14,10.0159217980524,1,2,3,1,0
4,67.21,2,0,24,0,27,2,1,5.64,134.42,8.39160839160839,0,0,12,4,0
4,169.56,4,1,28,0,10,2,0,44.65,678.24,26.3328615239443,0,1,10,1,0
0,472.11,2,1,56,1,99,3,1,17.56,944.22,3.71947215691258,2,2,8,5,1
1,262.66,2,0,52,0,4,0,0,0.42,525.32,0.15990253559735,1,2,1,5,1
1,464.14,1,0,42,1,38,0,0,7.42,464.14,1.59865557805834,2,2,11,4,0
2,182.33,4,1,25,1,49,2,1,27.81,729.32,15.2525640322492,1,0,6,5,1
1,494.3,4,1,43,1,95,2,2,49.71,1977.2,10.0566457616832,2,2,5,3,0
3,410.87,3,0,36,1,38,0,2,2.3,1232.61,0.559787767420352,2,1,10,6,1
3,425.77,1,1,69,1,78,0,1,39.75,425.77,9.33602649317707,2,3,9,0,0
4,399.72,3,1,24,1,71,3,0,23.87,1199.16,5.97168017612329,2,0,9,3,0
3,424.75,3,1,36,1,28,0,0,42.18,1274.25,9.93054738081224,2,1,7,4,0
0,261.33,4,1,33,1,32,3,2,29.14,1045.32,11.1506524317912,1,1,7,0,0
0,491.06,1,1,20,1,29,0,2,49.52,491.06,10.084307416609,2,0,7,5,1
3,217.88,1,0,65,1,74,2,1,45.89,217.88,21.0620525059666,1,3,4,1,0
3,40.17,1,0,42,0,34,3,1,13.41,40.17,33.3831217326363,0,2,5,3,0
4,64.06,3,0,37,0,93,0,0,40.97,192.18,63.9556665625976,0,1,9,1,0
0,38.9,5,0,22,0,29,3,0,26.07,194.5,67.0179948586118,0,0,11,1,0
4,214.44,5,1,46,1,2,1,2,47.07,1072.2,21.9501958589815,1,2,11,6,1
3,290.52,3,1,19,1,72,3,2,19.63,871.56,6.75684978658956,1,0,12,0,0
3,384.24,1,0,19,0,44,1,2,9.28,384.24,2.41515719342078,2,0,5,6,1
2,193.15,3,0,70,1,15,0,2,34.02,579.45,17.613253947709,1,3,10,1,0
2,378.22,1,1,50,0,7,3,2,38.89,378.22,10.2823753371054,2,2,6,3,0
2,105.02,4,0,63,0,18,0,1,5.95,420.08,5.6655875071415,0,3,4,4,0
4,9.65,5,0,51,1,51,2,1,15.33,48.25,158.860103626943,0,2,4,3,0
1,110.88,2,0,37,0,27,1,0,44.98,221.76,40.5663780663781,0,1,2,0,0
2,161.17,2,0,18,1,16,3,2,5.17,322.34,3.20779301358814,0,0,4,6,1
2,304.88,1,0,30,1,57,0,2,3.19,304.88,1.04631330359486,1,1,11,6,1
2,77.46,2,0,30,1,90,1,0,31.83,154.92,41.0921766072812,0,1,5,2,0
3,83.12,3,0,33,0,50,0,2,39.58,249.36,47.6179018286814,0,1,8,1,0
3,13.31,1,0,48,0,12,1,2,10.17,13.31,76.4087152516905,0,2,8,3,0
0,119.68,1,0,57,1,62,1,2,47.17,119.68,39.413435828877,0,2,5,2,0
1,229.45,3,0,61,0,81,1,1,6.06,688.35,2.64109827849205,1,3,8,2,0
3,125.17,3,0,32,1,98,3,2,27.05,375.51,21.6106095709835,0,1,3,0,0
1,5.48,5,0,53,1,30,0,2,4.55,27.4,83.029197080292,0,2,8,2,0
3,72.82,4,0,64,1,3,0,0,39.09,291.28,53.6803076078001,0,3,12,5,1
2,172.92,3,0,69,0,39,0,1,11.62,518.76,6.71987046032848,1,3,7,1,0
1,177.02,3,0,34,1,85,1,1,16.45,531.06,9.29273528414868,1,1,10,1,0
0,363.96,1,0,21,0,91,2,1,27.85,363.96,7.6519397736015,2,0,11,2,0
3,413.54,4,1,42,1,79,0,2,21.48,1654.16,5.19417710499589,2,2,6,0,0
3,90.76,4,0,61,1,99,3,2,16.62,363.04,18.3120317320405,0,3,3,6,1
2,48.1,4,0,56,0,78,1,1,35.56,192.4,73.9293139293139,0,2,7,0,0
4,142.5,1,0,63,0,81,2,0,48.58,142.5,34.0912280701754,0,3,2,3,0
3,248.88,1,0,22,0,75,1,0,23.35,248.88,9.38203150112504,1,0,11,5,1
3,384.37,1,0,43,1,84,2,2,3.4,384.37,0.884564352056612,2,2,4,2,0
2,195.92,5,1,24,0,54,2,2,10.94,979.6,5.58391180073499,1,0,8,4,0
1,15.61,1,0,35,0,5,1,0,9.41,15.61,60.281870595772,0,1,12,4,0
2,335.28,2,0,20,0,79,3,1,11.94,670.56,3.56120257695061,2,0,6,6,1
1,54.98,4,1,41,1,49,1,0,42,219.92,76.3914150600218,0,2,8,5,1
2,313.42,5,1,23,1,43,0,0,5.52,1567.1,1.76121498308978,1,0,1,4,0
1,235.24,1,1,21,0,53,0,2,28.08,235.24,11.9367454514538,1,0,11,5,1
4,141.31,3,1,26,1,26,0,1,39.92,423.93,28.2499469251999,0,1,7,3,0
3,169.26,3,1,56,1,72,2,1,42.34,507.78,25.0147701760605,0,2,3,2,0
4,422.57,5,1,30,1,96,1,1,0.14,2112.85,0.0331306055801406,2,1,8,6,1
4,233.46,5,1,51,1,67,2,1,16.82,1167.3,7.20466032725092,1,2,1,4,0
1,23.11,1,0,40,0,26,1,1,22.31,23.11,96.5382951103419,0,1,10,2,0
0,359.94,4,1,22,1,58,1,1,31.9,1439.76,8.86258820914597,2,0,7,0,0
0,67.2,3,0,50,1,28,3,0,35.67,201.6,53.0803571428572,0,2,1,5,1
3,47.46,3,1,36,1,46,2,0,47.83,142.38,100.779603876949,0,1,9,4,0
4,226.34,2,0,64,1,97,2,1,28.94,452.68,12.7860740478926,1,3,4,3,0
0,76.37,3,0,57,0,85,0,0,17.45,229.11,22.8492863689931,0,2,3,1,0
2,35.97,5,0,53,0,62,2,2,12.54,179.85,34.8623853211009,0,2,1,6,1
3,129.78,2,0,42,1,38,0,1,9.48,259.56,7.30466944059177,0,2,10,0,0
4,468.12,5,1,30,0,28,3,1,35.66,2340.6,7.6177048620012,2,1,9,6,1
1,19.96,4,0,68,0,22,1,0,12.06,79.84,60.4208416833667,0,3,6,6,1
3,59.07,2,0,50,1,77,0,1,26.95,118.14,45.6238361266294,0,2,8,3,0
1,396.84,4,1,42,1,2,0,1,14.84,1587.36,3.73954238484024,2,2,12,2,0
0,461.12,1,1,58,1,50,0,0,21.47,461.12,4.65605482303956,2,2,5,1,0
4,414.58,1,1,23,1,82,0,1,37.43,414.58,9.02841429880843,2,0,1,2,0
2,473,1,1,57,0,81,1,2,15.44,473,3.26427061310782,2,2,12,0,0
4,27.41,5,0,43,1,80,0,0,22.93,137.05,83.6556001459321,0,2,3,0,0
1,242.74,5,1,33,0,28,0,1,41.85,1213.7,17.2406690285903,1,1,7,0,0
0,466.61,5,1,54,1,75,3,1,3.74,2333.05,0.80152589957352,2,2,8,1,0
3,120.12,3,0,30,1,7,1,0,12.56,360.36,10.4562104562105,0,1,10,0,0
0,122.82,1,0,57,0,84,0,1,7.58,122.82,6.17163328448136,0,2,9,1,0
3,471.25,4,1,60,1,45,2,2,36.45,1885,7.73474801061008,2,2,11,4,0
2,188,5,0,54,1,24,1,2,23.6,940,12.5531914893617,1,2,4,2,0
0,394.27,3,1,45,0,20,1,2,46.91,1182.81,11.8979379612956,2,2,5,2,0
1,177.24,4,1,63,0,93,2,0,36.53,708.96,20.6104716768224,1,3,2,3,0
3,481.7,5,1,23,1,99,0,0,47.15,2408.5,9.78824994810048,2,0,10,3,0
4,129.34,4,0,47,0,33,0,1,5.02,517.36,3.8812432348848,0,2,6,2,0
1,170.22,2,0,39,0,41,1,2,15.19,340.44,8.92374574080602,0,1,8,5,1
4,48.1,4,0,46,1,61,1,0,9.2,192.4,19.1268191268191,0,2,5,3,0
1,399.54,4,1,43,0,80,3,0,37.73,1598.16,9.44335986384342,2,2,6,3,0
4,337.71,3,1,69,1,80,3,0,45.19,1013.13,13.3813034852388,2,3,4,6,1
3,232.67,1,0,26,0,57,3,1,22.7,232.67,9.756307216229,1,1,8,0,0
2,5.46,2,0,47,1,64,3,1,9.32,10.92,170.695970695971,0,2,3,3,0
2,279.62,3,0,30,1,88,2,2,24.21,838.86,8.65817895715614,1,1,11,3,0
0,166.66,2,0,25,1,54,0,1,45.27,333.32,27.1630865234609,0,0,9,5,1
4,113.52,3,0,63,0,95,2,1,37.41,340.56,32.9545454545455,0,3,1,0,0
2,179.43,4,0,52,1,96,1,0,8.57,717.72,4.77623585799476,1,2,11,5,1
0,290.01,1,0,30,1,98,1,2,1.75,290.01,0.603427468018344,1,1,3,1,0
1,467.27,2,1,52,0,9,0,1,43.59,934.54,9.32865366918484,2,2,12,1,0
4,145.79,5,1,24,0,0,0,2,45.43,728.95,31.1612593456341,0,0,9,5,1
0,293.1,5,1,41,1,30,1,1,48.83,1465.5,16.6598430569771,1,2,12,4,0
1,286.71,4,0,58,1,81,2,0,5.24,1146.84,1.82763070698615,1,2,2,3,0
2,355.83,1,1,68,0,68,2,0,33.56,355.83,9.43147008402889,2,3,8,6,1
3,469.94,4,0,24,1,89,0,0,3.81,1879.76,0.810741796825127,2,0,7,4,0
3,278.39,3,0,54,0,86,1,0,13.02,835.17,4.67689212974604,1,2,2,3,0
1,55.53,5,0,65,0,28,1,0,1.79,277.65,3.22348280208896,0,3,2,2,0
1,119.12,1,0,56,1,77,2,0,27.23,119.12,22.8593015446608,0,2,3,2,0
4,465.92,2,0,44,0,2,1,1,10.54,931.84,2.26219093406593,2,2,8,6,1
0,411.5,3,1,35,1,33,1,2,33.22,1234.5,8.07290400972054,2,1,8,4,0
0,167.34,1,0,29,0,38,2,2,44.16,167.34,26.3893868770169,0,1,5,1,0
3,390.63,3,1,48,0,53,0,1,42.15,1171.89,10.7902618846479,2,2,4,0,0
4,489.35,1,1,21,1,59,2,1,29.54,489.35,6.03657913558802,2,0,6,0,0
1,403.01,3,1,29,0,17,1,1,47.34,1209.03,11.7466067839508,2,1,4,4,0
1,459.64,1,1,33,0,84,3,2,31.73,459.64,6.90322861369768,2,1,2,3,0
3,132.47,5,0,68,1,59,0,2,26.04,662.35,19.6572808937873,0,3,12,5,1
4,325.05,1,1,62,1,5,0,2,34.69,325.05,10.6722042762652,1,3,10,4,0
1,71.42,2,0,51,1,86,0,0,46.94,142.84,65.723886866424,0,2,6,1,0
3,407.48,5,1,56,1,5,0,1,21.37,2037.4,5.24442917443801,2,2,4,2,0
0,15.34,2,0,35,0,94,3,2,7.35,30.68,47.9139504563233,0,1,5,2,0
3,481.65,3,1,39,0,38,3,0,12.08,1444.95,2.5080452610817,2,1,5,0,0
4,381.32,2,1,48,1,95,3,0,22.6,762.64,5.92678065666632,2,2,6,0,0
1,14.17,2,0,21,0,90,0,1,41.7,28.34,294.283697953423,0,0,8,4,0
3,399.07,3,1,51,0,11,3,0,44.44,1197.21,11.1358909464505,2,2,5,0,0
3,222.77,4,0,26,0,98,0,0,23.53,891.08,10.562463527405,1,1,4,5,1
3,96.69,4,0,60,1,70,3,2,5.61,386.76,5.80204778156997,0,2,2,3,0
2,218.3,2,1,67,0,10,2,2,44.87,436.6,20.554283096656,1,3,9,3,0
0,338.7,4,1,60,0,32,0,0,25.71,1354.8,7.59078830823738,2,2,3,5,1
3,388.46,1,0,31,0,96,2,2,8.27,388.46,2.12891932245276,2,1,3,6,1
3,63.59,1,0,31,1,97,1,0,47.26,63.59,74.3198616134612,0,1,6,2,0
4,191.49,2,0,30,1,51,2,1,37.26,382.98,19.4579351402162,1,1,4,3,0
3,392.94,2,1,44,0,22,3,2,29.73,785.88,7.56604061688807,2,2,4,3,0
1,393.56,2,1,28,0,41,3,2,47.63,787.12,12.1023477995731,2,1,2,3,0
0,467.57,4,1,68,0,92,3,2,3.96,1870.28,0.846932010180294,2,3,11,6,1
2,101.53,1,0,51,1,70,3,1,1.84,101.53,1.81227223480745,0,2,10,0,0
0,210.37,4,1,19,1,95,3,0,41.08,841.48,19.5274991681323,1,0,12,0,0
2,197.92,5,0,22,0,64,2,0,23.22,989.6,11.732012934519,1,0,8,5,1
0,60.24,3,0,24,0,53,0,1,17.63,180.72,29.2662682602922,0,0,3,5,1
3,284.85,3,0,41,0,55,1,0,29.37,854.55,10.3106898367562,1,2,3,2,0
0,307.78,5,1,61,0,80,1,0,41.58,1538.9,13.5096497498213,1,3,10,0,0
2,485.51,3,1,26,0,61,3,1,45.95,1456.53,9.46427468023316,2,1,2,5,1
2,351.87,3,0,63,0,9,0,2,26.2,1055.61,7.44593173615256,2,3,12,5,1
1,213.75,5,1,20,1,33,1,2,30.05,1068.75,14.0584795321637,1,0,9,2,0
3,495,2,1,58,1,59,0,2,19.39,990,3.91717171717172,2,2,9,1,0
2,439.21,4,1,67,1,19,0,0,0.93,1756.84,0.211743812754719,2,3,6,0,0
0,28.56,3,0,56,0,3,1,2,11.86,85.68,41.5266106442577,0,2,1,0,0
3,136.3,3,1,27,1,60,1,0,43.7,408.9,32.061628760088,0,1,5,5,1
3,332.63,3,1,60,0,48,1,1,46.56,997.89,13.9975347984247,1,2,6,2,0
4,117.16,3,0,25,1,87,1,2,6.44,351.48,5.49675657220895,0,0,4,2,0
3,269.57,2,0,43,1,59,3,2,17.76,539.14,6.58827020810921,1,2,11,0,0
4,32.71,2,0,25,1,80,3,1,9.87,65.42,30.1742586365026,0,0,10,0,0
3,217.44,1,0,29,1,52,0,1,0.72,217.44,0.33112582781457,1,1,3,2,0
0,357.82,4,1,36,0,97,2,0,15.35,1431.28,4.28986641328042,2,1,10,0,0
3,174.59,4,0,37,0,96,3,0,27.34,698.36,15.6595452202303,1,1,10,0,0
3,293.47,4,0,31,0,23,0,2,19.06,1173.88,6.4947013323338,1,1,7,2,0
4,443.25,1,0,62,0,85,0,2,12.59,443.25,2.84038353073886,2,3,5,1,0
4,89.22,1,0,70,1,80,1,1,41.56,89.22,46.5814839722036,0,3,9,3,0
3,40.04,2,0,63,0,92,3,0,35.62,80.08,88.961038961039,0,3,8,5,1
3,408.43,2,1,43,0,92,3,2,16,816.86,3.91743995299072,2,2,2,5,1
3,465.19,3,1,44,1,79,2,1,2.61,1395.57,0.561061071820116,2,2,11,6,1
1,420.84,2,0,31,0,76,0,1,5.14,841.68,1.22136679022907,2,1,3,5,1
2,190.42,5,1,62,1,76,0,1,35.55,952.1,18.6692574309421,1,3,10,3,0
4,430.94,3,1,33,1,32,1,1,28.47,1292.82,6.60648814220077,2,1,10,4,0
2,483.65,5,1,40,1,15,3,0,42.83,2418.25,8.85557738033702,2,1,10,0,0
4,370.47,5,1,38,1,22,1,2,47.05,1852.35,12.7000836774908,2,1,3,0,0
0,22.32,3,0,55,0,8,3,2,49.41,66.96,221.370967741936,0,2,7,1,0
4,164.31,3,0,32,0,1,0,2,44.72,492.93,27.2168462053436,0,1,12,3,0
2,402.91,5,0,47,1,61,3,0,2.9,2014.55,0.719763718944677,2,2,6,3,0
1,103.24,2,0,34,0,54,0,1,10.76,206.48,10.4223169314219,0,1,2,2,0
3,94.15,4,0,61,0,56,2,0,23.71,376.6,25.1832182687201,0,3,5,0,0
2,355.25,2,1,29,0,99,0,1,44.2,710.5,12.441942294159,2,1,11,5,1
4,46.32,3,0,19,1,64,2,2,18.99,138.96,40.9974093264249,0,0,6,5,1
1,455.62,2,1,28,1,93,2,1,33.22,911.24,7.29116368903911,2,1,8,4,0
0,197.6,1,1,51,0,16,2,2,42.28,197.6,21.3967611336032,1,2,5,2,0
0,227.42,3,0,39,0,52,1,2,16.56,682.26,7.28168147040718,1,1,12,1,0
2,476.1,1,1,38,0,26,0,1,32.84,476.1,6.89771056500735,2,1,8,3,0
0,278.97,1,0,44,0,87,0,1,32.74,278.97,11.7360289636879,1,2,12,4,0
1,385.65,1,1,66,1,12,3,0,23.8,385.65,6.17139893685985,2,3,8,1,0
2,299.71,2,1,39,0,65,3,1,41.87,599.42,13.9701711654599,1,1,4,4,0
4,422.42,5,1,26,0,8,2,1,31.84,2112.1,7.53752189763742,2,1,12,3,0
0,406.03,2,0,32,0,66,0,1,8.5,812.06,2.09344137132724,2,1,10,0,0
4,61.53,1,0,35,1,48,0,2,38.87,61.53,63.1724362099789,0,1,6,2,0
2,70.46,1,0,32,1,94,2,2,44.07,70.46,62.5461254612546,0,1,9,0,0
2,449.09,2,1,41,0,41,1,1,33.63,898.18,7.48847669732125,2,2,2,4,0
4,455.6,2,1,50,0,81,0,0,20.93,911.2,4.59394205443371,2,2,8,1,0
2,332.82,2,0,59,1,20,0,1,24.84,665.64,7.46349378042185,1,2,11,0,0
2,167.52,2,0,64,1,25,3,2,0.36,335.04,0.214899713467049,0,3,12,4,0
4,307.2,2,1,68,1,41,3,0,34.59,614.4,11.259765625,1,3,11,1,0
4,320.54,1,0,51,1,66,0,1,19.1,320.54,5.95869470268921,1,2,8,6,1
4,244.51,2,0,28,0,9,0,2,28.27,489.02,11.5618993088217,1,1,5,3,0
1,397.66,2,1,64,0,39,3,0,35.54,795.32,8.9372831061711,2,3,12,5,1
3,226.04,3,1,61,0,29,1,0,42.02,678.12,18.5896301539551,1,3,12,0,0
4,218.3,2,1,40,0,51,0,2,42.36,436.6,19.4044892349977,1,1,1,0,0
0,292.29,4,1,67,1,37,3,1,38.61,1169.16,13.2094837319101,1,3,10,6,1
2,402.62,5,1,23,1,42,3,2,21.31,2013.1,5.29283195072277,2,0,10,4,0
1,131.99,5,0,22,0,65,3,0,4.85,659.95,3.67452079703008,0,0,4,3,0
0,401.52,5,1,49,1,6,0,1,46.12,2007.6,11.4863518629209,2,2,12,6,1
0,426.79,3,1,19,0,10,2,1,41.81,1280.37,9.79638698188805,2,0,3,1,0
2,63.34,3,0,63,0,64,2,2,30.48,190.02,48.1212503946953,0,3,10,1,0
4,52.7,1,0,26,0,21,2,0,32,52.7,60.7210626185958,0,1,9,3,0
3,196.05,4,0,31,0,87,0,0,21.17,784.2,10.7982657485335,1,1,3,2,0
1,249.08,3,0,32,1,11,1,2,31.22,747.24,12.5341255821423,1,1,7,0,0
0,122.29,4,0,61,1,53,3,2,29.5,489.16,24.1229863439365,0,3,12,5,1
2,396.04,5,1,42,0,44,2,0,30.61,1980.2,7.72901727098273,2,2,11,4,0
0,446.07,2,1,64,1,59,2,2,37.85,892.14,8.485215324949,2,3,5,6,1
4,310.26,1,1,50,1,53,0,2,37.5,310.26,12.0866370141172,1,2,8,4,0
0,52.81,3,0,33,1,58,0,0,0.37,158.43,0.700624881651202,0,1,12,5,1
0,22.98,3,0,59,0,61,1,1,25.14,68.94,109.399477806789,0,2,1,0,0
1,45.82,1,0,62,1,44,3,2,4.33,45.82,9.45002182453077,0,3,8,2,0
2,99.11,4,0,61,1,98,0,2,2.6,396.44,2.62334779537887,0,3,7,6,1
0,429.68,2,1,22,1,49,1,2,47.29,859.36,11.0058648296407,2,0,1,4,0
1,119.19,1,0,65,1,3,3,0,37.71,119.19,31.6385602819028,0,3,7,3,0
1,159.61,2,1,18,0,5,0,0,33.24,319.22,20.8257627968172,0,0,3,3,0
2,346.6,5,1,20,0,88,3,2,41.86,1733,12.0773225620312,2,0,7,4,0
0,186.1,3,1,27,1,80,1,1,31.07,558.3,16.6953250940355,1,1,11,0,0
0,471.21,3,1,18,1,69,3,1,47.62,1413.63,10.1058975828187,2,0,7,5,1
3,215.61,5,1,36,0,35,1,0,33.69,1078.05,15.6254348128566,1,1,3,2,0
0,159.83,3,0,44,1,97,3,1,22.64,479.49,14.1650503660139,0,2,1,3,0
4,11.25,3,0,66,0,8,0,1,5.79,33.75,51.4666666666667,0,3,11,1,0
2,111.96,3,0,65,1,18,3,0,10.96,335.88,9.78921043229725,0,3,1,1,0
3,226.67,2,1,56,0,14,2,2,31.73,453.34,13.9983235540654,1,2,7,3,0
3,76.37,2,0,65,1,83,2,1,6.52,152.74,8.53738378944612,0,3,3,1,0
3,111.77,5,0,65,0,55,3,0,33.42,558.85,29.9006889147356,0,3,2,3,0
2,439.04,5,1,28,1,96,2,2,17.36,2195.2,3.95408163265306,2,1,2,1,0
4,279.5,1,0,53,0,87,3,1,15.9,279.5,5.68872987477639,1,2,11,3,0
3,410.4,4,1,38,0,77,0,1,25.19,1641.6,6.13791423001949,2,1,7,2,0
1,164.53,4,1,56,1,88,3,1,45.72,658.12,27.7882453048076,0,2,6,4,0
4,285.16,4,1,41,0,88,2,1,38.42,1140.64,13.4731378875018,1,2,6,3,0
0,305.41,4,1,20,0,92,3,1,25.07,1221.64,8.20863756916931,1,0,3,4,0
4,480.18,5,1,24,0,79,0,1,26.63,2400.9,5.54583697779999,2,0,8,4,0
2,448.67,5,1,65,0,9,3,0,24.7,2243.35,5.50515969420732,2,3,11,4,0
4,59.62,1,0,25,0,26,2,1,26.03,59.62,43.659845689366,0,0,5,1,0
1,277.89,5,0,45,0,14,1,0,0.83,1389.45,0.298679333549246,1,2,10,1,0
0,204.49,3,0,36,1,51,0,2,45.78,613.47,22.3874028069832,1,1,10,0,0
4,242.8,2,0,30,1,1,0,2,21.69,485.6,8.9332784184514,1,1,7,3,0
3,432.45,3,0,28,1,99,2,2,15.52,1297.35,3.58885420279801,2,1,10,2,0
2,419.47,3,1,54,0,1,1,1,40.03,1258.41,9.54299473144683,2,2,6,1,0
3,35.48,4,0,67,0,5,1,1,41.72,141.92,117.587373167982,0,3,4,1,0
4,243.95,2,0,58,0,5,1,1,4.35,487.9,1.78315228530437,1,2,2,0,0
3,144.91,3,1,62,1,42,2,2,34.91,434.73,24.0908149886136,0,3,10,0,0
3,150.91,5,1,20,0,83,1,1,33.8,754.55,22.3974554370154,0,0,2,0,0
3,316.7,1,1,50,0,84,3,2,40.38,316.7,12.7502368171771,1,2,9,5,1
3,266.2,4,1,55,0,46,1,2,43.68,1064.8,16.4087152516905,1,2,11,4,0
3,220.08,5,0,62,1,77,3,2,17.72,1100.4,8.05161759360233,1,3,6,5,1
4,52.81,1,0,52,1,21,3,0,48.46,52.81,91.7629236886953,0,2,6,3,0
4,12.24,3,0,32,0,86,2,0,23.63,36.72,193.055555555556,0,1,9,4,0
3,401.55,2,1,63,0,80,3,2,15.18,803.1,3.78035113933508,2,3,6,3,0
3,340.34,5,1,48,0,33,1,2,47.23,1701.7,13.8772991714168,2,2,5,4,0
2,226.96,4,1,43,0,4,0,1,48.15,907.84,21.2151921043356,1,2,10,3,0
3,482.35,3,1,59,1,76,3,0,28.46,1447.05,5.90027987975536,2,2,7,6,1
0,175.66,4,0,26,0,46,3,2,10.96,702.64,6.23932597062507,1,1,7,4,0
1,124.76,1,0,33,0,12,3,1,31.96,124.76,25.6171849951908,0,1,11,5,1
1,446.63,5,1,32,1,46,1,2,48.6,2233.15,10.8814902715895,2,1,3,1,0
0,119.61,4,0,54,1,38,2,2,25.44,478.44,21.2691246551292,0,2,10,1,0
2,39.51,1,0,55,1,63,1,2,14.63,39.51,37.0286003543407,0,2,2,5,1
3,65.07,3,0,38,0,3,2,2,2.7,195.21,4.149377593361,0,1,1,3,0
1,37.44,1,0,21,0,39,0,0,2.44,37.44,6.51709401709402,0,0,6,2,0
3,449.46,1,1,51,0,72,0,0,14.84,449.46,3.30173986561652,2,2,10,0,0
3,175.35,4,1,36,1,43,3,1,40.74,701.4,23.2335329341317,1,1,11,4,0
0,67.65,4,1,67,1,85,0,2,47.96,270.6,70.8943089430894,0,3,12,0,0
4,461.96,3,1,43,0,57,2,1,16.78,1385.88,3.63234912113603,2,2,4,1,0
3,407.63,2,1,36,1,49,0,2,28.98,815.26,7.10938841596546,2,1,10,1,0
3,104.4,1,0,64,0,2,2,1,47.01,104.4,45.0287356321839,0,3,5,1,0
4,279.58,5,0,30,1,10,1,1,9.04,1397.9,3.2334215609128,1,1,12,6,1
2,485.64,4,1,34,0,95,1,1,40.06,1942.56,8.24890865661807,2,1,12,4,0
3,387.73,1,0,55,0,20,3,0,22.71,387.73,5.85716864828618,2,2,10,3,0
1,437.28,4,1,24,1,71,1,2,12.17,1749.12,2.78311379436517,2,0,9,5,1
0,253.72,2,1,51,1,32,1,2,43.76,507.44,17.2473592937096,1,2,10,5,1
0,194.73,1,0,21,0,2,3,1,6.2,194.73,3.18389565038772,1,0,9,1,0
3,403.78,4,1,61,1,59,2,0,34.01,1615.12,8.42290356134529,2,3,3,2,0
2,157.16,1,0,25,1,69,3,2,30.42,157.16,19.3560702468822,0,0,10,4,0
1,31.96,4,0,36,1,47,1,1,22.51,127.84,70.4317897371715,0,1,1,0,0
1,237.49,5,1,66,1,85,1,2,34.38,1187.45,14.476399006274,1,3,3,4,0
1,413.62,3,1,28,0,43,0,1,41.79,1240.86,10.1034766210531,2,1,2,5,1
2,459.23,3,1,28,0,13,1,1,44.14,1377.69,9.61174139320166,2,1,12,3,0
3,259.63,4,0,32,0,54,3,2,2.15,1038.52,0.828101529099103,1,1,1,0,0
3,396.16,4,1,63,1,79,2,0,17.46,1584.64,4.40731017770598,2,3,6,1,0
0,36.23,2,0,31,1,17,0,0,32.48,72.46,89.6494617720122,0,1,10,3,0
0,300.33,1,0,40,0,34,3,1,3.2,300.33,1.06549462258183,1,1,1,1,0
2,202.07,4,0,28,1,97,1,1,31.57,808.28,15.6232988568318,1,1,5,1,0
0,395.24,5,1,70,1,39,3,2,36.55,1976.2,9.24754579496002,2,3,6,6,1
0,160.95,5,0,47,1,14,3,2,11.65,804.75,7.23827275551414,0,2,2,3,0
4,300.1,2,0,42,1,71,1,2,31.07,600.2,10.3532155948017,1,2,8,5,1
4,490.26,3,1,67,1,59,0,1,38.12,1470.78,7.77546607922327,2,3,3,4,0
0,251.98,3,1,36,1,41,2,1,32.89,755.94,13.0526232240654,1,1,3,1,0
2,154.56,5,1,38,1,81,2,0,34.34,772.8,22.2179089026915,0,1,11,0,0
0,87.22,5,0,22,1,86,0,0,18.48,436.1,21.1878009630819,0,0,3,3,0
3,483.36,4,1,47,1,17,2,2,24.87,1933.44,5.14523336643496,2,2,12,1,0
1,466.85,4,1,59,1,85,1,1,44.11,1867.4,9.44843097354611,2,2,4,1,0
1,134.39,4,0,70,1,22,0,2,1.46,537.56,1.08639035642533,0,3,12,4,0
2,42.38,2,0,28,1,86,1,0,30.34,84.76,71.5903728173667,0,1,12,2,0
4,228.3,2,0,55,1,0,1,2,7.73,456.6,3.38589575120456,1,2,5,1,0
2,354.54,3,1,35,1,26,2,2,25.39,1063.62,7.16139222654708,2,1,7,2,0
4,195.71,5,1,60,1,81,2,0,46.25,978.55,23.6319043482704,1,2,3,3,0
2,213.79,5,0,22,1,5,3,0,4.33,1068.95,2.02535198091585,1,0,3,3,0
3,385.15,1,1,61,0,97,0,0,37.99,385.15,9.86368947163443,2,3,10,0,0
0,394.96,1,0,37,1,71,1,2,0.35,394.96,0.0886165687664574,2,1,10,4,0
4,338.28,1,0,48,0,4,1,0,15.02,338.28,4.44010878562138,2,2,11,0,0
3,249.42,1,1,30,0,89,2,0,46.98,249.42,18.8356988212653,1,1,6,5,1
2,60.53,2,0,37,1,60,1,1,8.74,121.06,14.4391210969767,0,1,6,1,0
2,218.88,2,0,27,0,71,3,2,19.06,437.76,8.70796783625731,1,1,2,4,0
2,265.79,4,1,56,0,33,3,1,33.75,1063.16,12.6979946574363,1,2,1,1,0
3,330.55,4,0,57,0,40,1,1,8.62,1322.2,2.6077749205869,1,2,1,1,0
4,254.95,5,0,42,0,34,3,0,5.66,1274.75,2.22004314571485,1,2,1,5,1
2,345.98,4,1,39,1,74,0,1,29.19,1383.92,8.43690386727556,2,1,4,1,0
2,204.83,5,1,39,0,23,3,2,38.09,1024.15,18.5959088024215,1,1,4,4,0
2,276.22,2,0,59,0,85,3,0,16.35,552.44,5.91919484468902,1,2,8,0,0
4,44.7,4,0,51,0,95,1,1,43.27,178.8,96.8008948545861,0,2,10,2,0
2,165.88,5,0,37,1,83,1,0,15.09,829.4,9.09693754521341,0,1,5,0,0
2,111.41,4,0,24,0,85,0,2,8.89,445.64,7.97953505071358,0,0,1,6,1
3,98.41,4,0,30,0,75,2,1,23.01,393.64,23.3817701453104,0,1,8,6,1
2,168.88,5,1,50,0,46,2,2,44.5,844.4,26.3500710563714,0,2,9,0,0
4,290.89,5,0,53,0,9,2,1,8,1454.45,2.75018048059404,1,2,8,4,0
3,75.5,3,1,49,1,44,2,0,45.83,226.5,60.7019867549669,0,2,4,3,0
2,352.34,4,1,58,1,95,2,0,25.57,1409.36,7.25719475506613,2,2,8,1,0
2,483.41,1,1,29,1,95,0,1,48,483.41,9.92945946505037,2,1,5,4,0
3,277.07,5,0,49,1,3,2,0,8.65,1385.35,3.12195474067925,1,2,12,0,0
1,437,2,0,38,1,22,2,0,1.63,874,0.372997711670481,2,1,4,5,1
3,392.55,4,0,61,1,24,2,0,10.79,1570.2,2.74869443383009,2,3,12,5,1
1,261.08,3,0,53,0,56,2,2,26.72,783.24,10.2344109085338,1,2,3,1,0
3,425.03,1,1,28,1,41,0,1,32.48,425.03,7.64181351904572,2,1,12,6,1
2,423.17,5,1,65,0,17,2,2,9.75,2115.85,2.30403856606092,2,3,4,1,0
4,261.01,3,1,26,0,28,3,1,38.81,783.03,14.8691621010689,1,1,7,0,0
4,63.55,3,0,35,1,52,3,2,5.17,190.65,8.13532651455547,0,1,6,0,0
0,390.33,3,1,70,0,94,2,0,30.9,1170.99,7.91637844900469,2,3,4,6,1
3,354.55,1,0,40,1,91,2,2,27,354.55,7.61528698350021,2,1,6,0,0
3,497.27,2,1,63,0,77,0,1,17.79,994.54,3.57753333199268,2,3,4,5,1
4,264.68,3,0,26,0,68,0,2,2.9,794.04,1.09566268701829,1,1,1,3,0
0,239.87,2,0,46,1,81,2,1,0.03,479.74,0.0125067745028557,1,2,5,1,0
3,358.04,2,1,39,0,65,3,0,28.8,716.08,8.04379398949838,2,1,6,6,1
0,488.06,4,1,26,1,85,3,0,21.43,1952.24,4.39085358357579,2,1,5,0,0
1,498.5,4,1,57,0,54,0,1,33.88,1994,6.79638916750251,2,2,6,4,0
3,86.25,3,0,70,0,27,2,0,44.67,258.75,51.7913043478261,0,3,10,0,0
1,432.8,1,1,48,1,98,0,2,17.37,432.8,4.0134011090573,2,2,3,5,1
3,353.05,2,1,27,1,0,0,0,43.02,706.1,12.1852428834443,2,1,1,6,1
3,204.27,1,0,64,0,9,3,1,31.13,204.27,15.239633817986,1,3,3,2,0
3,44.27,2,0,20,0,6,3,2,14.91,88.54,33.6796927942173,0,0,9,6,1
2,348.25,1,1,70,0,85,3,2,31.38,348.25,9.01076812634602,2,3,9,1,0
2,262,3,1,52,0,81,0,1,26.03,786,9.9351145038168,1,2,1,1,0
0,133.56,5,1,50,0,88,0,0,43.59,667.8,32.6370170709793,0,2,10,3,0
3,146.53,5,1,39,0,23,0,0,43.75,732.65,29.8573670920631,0,1,4,0,0
1,122.38,5,1,52,1,3,2,0,32.37,611.9,26.450400392221,0,2,6,3,0
0,329.11,2,0,23,0,64,1,0,2.78,658.22,0.844702379143751,1,0,3,5,1
3,168.16,3,0,63,0,29,3,0,13.15,504.48,7.81993339676499,0,3,7,5,1
4,279.93,4,1,68,0,95,0,2,31.52,1119.72,11.2599578466045,1,3,4,1,0
2,356.28,2,0,18,0,16,2,0,15.73,712.56,4.41506680139216,2,0,6,4,0
4,31.82,4,0,67,1,41,1,1,19.58,127.28,61.5336266499057,0,3,7,2,0
1,335.82,1,0,24,0,96,1,2,22.48,335.82,6.69406229527723,2,0,7,4,0
4,82.17,2,0,49,1,13,3,1,41.45,164.34,50.4442010466107,0,2,11,3,0
1,294.54,5,0,41,1,46,0,2,12.09,1472.7,4.10470564269709,1,2,2,3,0
0,24.41,1,0,39,1,82,2,2,0.33,24.41,1.35190495698484,0,1,6,1,0
4,404.27,2,1,33,1,32,3,2,35.26,808.54,8.72189378385732,2,1,9,1,0
3,40.97,5,0,70,0,67,2,2,27.22,204.85,66.4388577007566,0,3,9,0,0
4,345.67,2,1,38,0,71,0,0,38.14,691.34,11.0336448057396,2,1,9,3,0
3,455.13,1,1,45,1,24,1,1,42.56,455.13,9.3511743897348,2,2,3,3,0
1,257.51,1,0,52,0,70,2,1,42.59,257.51,16.53916352763,1,2,6,5,1
3,18.83,2,0,43,0,44,0,1,40.58,37.66,215.507169410515,0,2,10,0,0
2,301.73,5,1,58,0,95,2,2,12.67,1508.65,4.1991184171279,1,2,7,3,0
4,58.95,2,0,70,0,45,1,2,38.4,117.9,65.1399491094148,0,3,8,2,0
0,5.27,1,0,69,0,73,2,2,23.96,5.27,454.648956356736,0,3,2,1,0
2,78.05,1,0,26,1,61,2,2,5.89,78.05,7.54644458680333,0,1,9,0,0
3,67.22,5,0,40,0,63,2,0,22.26,336.1,33.115144302291,0,1,3,6,1
4,304.8,5,0,65,1,21,2,2,10.21,1524,3.3497375328084,1,3,7,0,0
3,401.16,4,1,46,0,87,2,2,30.07,1604.64,7.49576228936085,2,2,10,6,1
3,360.83,5,1,37,0,33,2,0,31.17,1804.15,8.63841698306682,2,1,6,3,0
1,459.98,4,1,23,0,67,2,0,17.61,1839.92,3.82842732292708,2,0,5,3,0
0,27.87,1,0,43,0,63,2,1,16.51,27.87,59.2393254395407,0,2,7,0,0
4,328.05,4,0,40,0,80,1,1,9.28,1312.2,2.8288370675202,1,1,1,5,1
4,264.8,5,1,28,1,18,0,1,36.35,1324,13.7273413897281,1,1,3,6,1
3,451.27,4,1,21,0,93,3,2,2.09,1805.08,0.463137367872892,2,0,11,3,0
2,125.91,1,0,37,0,19,0,1,28.76,125.91,22.841712334207,0,1,10,5,1
1,113.7,4,0,61,0,6,2,2,19.4,454.8,17.0624450307828,0,3,1,1,0
3,408.69,5,1,65,0,50,3,1,47.43,2043.45,11.6053732658005,2,3,9,3,0
1,369.5,3,1,65,1,43,1,2,39.64,1108.5,10.7280108254398,2,3,3,0,0
0,126.96,2,0,32,0,92,1,2,17.6,253.92,13.8626339004411,0,1,11,6,1
0,346.29,3,1,56,0,81,3,2,34.72,1038.87,10.0262785526582,2,2,5,1,0
3,437.09,1,1,45,1,57,1,0,38.99,437.09,8.92035965133039,2,2,3,1,0
0,269.78,2,1,53,1,0,3,2,46.55,539.56,17.2548002075765,1,2,4,2,0
3,447.68,4,1,46,1,74,2,2,43.5,1790.72,9.71676197283774,2,2,12,4,0
3,122.46,1,0,35,0,96,1,2,0.14,122.46,0.11432304425935,0,1,3,5,1
1,344.72,4,0,36,1,23,3,0,19.49,1378.88,5.65386400556974,2,1,10,6,1
1,227.29,2,1,56,1,43,1,0,23.33,454.58,10.2644199040873,1,2,7,6,1
2,221.51,1,0,52,0,97,3,0,38.52,221.51,17.3897340977834,1,2,8,3,0
2,359.45,1,0,65,0,57,1,0,25.47,359.45,7.08582556683823,2,3,11,4,0
3,277.36,2,1,36,0,93,2,0,40.9,554.72,14.7461782520911,1,1,8,6,1
0,316.09,5,1,18,1,30,1,2,35.46,1580.45,11.2183238950932,1,0,8,1,0
3,18.46,3,0,55,1,55,2,0,30.6,55.38,165.763813651138,0,2,11,4,0
4,13.69,3,0,29,1,91,0,0,17.33,41.07,126.588750913075,0,1,10,5,1
3,169.67,5,0,40,1,5,0,2,17.84,848.35,10.5145282018035,0,1,7,0,0
3,497.13,5,1,45,1,88,3,1,27.8,2485.65,5.59209864622936,2,2,1,2,0
4,390.73,4,1,27,1,9,3,0,18.79,1562.92,4.80894735495099,2,1,3,4,0
3,324.49,2,1,50,1,15,3,2,18.31,648.98,5.64270085364726,1,2,12,5,1
4,254.39,2,0,40,1,8,3,0,12.21,508.78,4.79971697000668,1,1,2,3,0
0,278.35,5,1,32,0,85,1,1,48.53,1391.75,17.4348841386743,1,1,4,2,0
4,85.89,2,0,35,0,41,1,1,11.55,171.78,13.4474327628362,0,1,7,4,0
0,157.47,3,0,41,1,50,2,0,34.7,472.41,22.0359433542897,0,2,3,4,0
3,130.51,4,1,53,1,12,3,0,49.75,522.04,38.1196843153781,0,2,6,1,0
2,248.24,3,1,48,0,88,0,2,41.06,744.72,16.5404447309056,1,2,5,6,1
0,498.82,1,1,48,1,83,1,1,25.04,498.82,5.01984683853895,2,2,8,2,0
1,442.2,3,1,49,0,7,3,2,10.01,1326.6,2.2636815920398,2,2,9,5,1
0,276.3,2,1,66,1,96,0,0,34.31,552.6,12.4176619616359,1,3,7,4,0
1,237.41,5,1,69,1,7,2,0,15.85,1187.05,6.67621414430732,1,3,3,4,0
1,164.4,4,0,28,0,21,3,1,23.41,657.6,14.2396593673966,0,1,10,4,0
0,87.35,5,0,66,1,15,3,1,11.41,436.75,13.062392673154,0,3,3,2,0
1,73.61,2,0,61,0,71,2,0,5.43,147.22,7.37671512022823,0,3,7,0,0
2,360.46,4,1,26,0,93,1,1,29.75,1441.84,8.25334295067414,2,1,8,2,0
2,195,2,0,35,1,25,2,1,19.75,390,10.1282051282051,1,1,6,1,0
0,217.84,1,0,42,0,66,2,2,18.7,217.84,8.58428204186559,1,2,9,1,0
2,34.18,1,0,32,1,87,1,0,1.21,34.18,3.54008191925102,0,1,7,5,1
3,298.37,3,0,48,1,63,1,2,20.5,895.11,6.87066394074471,1,2,1,5,1
0,264.01,5,1,41,0,6,0,0,37.82,1320.05,14.325214953979,1,2,7,5,1
1,381.76,4,1,58,1,5,0,1,44.9,1527.04,11.7613160100587,2,2,3,3,0
4,10.11,4,0,30,1,62,3,1,16,40.44,158.259149357072,0,1,1,6,1
4,219.15,3,0,23,1,67,0,2,27.14,657.45,12.3842117271275,1,0,9,1,0
3,276.74,4,1,55,0,87,1,2,33.41,1106.96,12.072703620727,1,2,11,2,0
4,236.62,1,0,40,0,19,1,1,48.58,236.62,20.5308088918942,1,1,2,1,0
3,396.29,3,0,41,1,52,2,0,5.33,1188.87,1.344974639784,2,2,7,6,1
4,449.45,4,0,42,1,18,3,2,6.72,1797.8,1.49516075203026,2,2,3,3,0
4,184.43,1,0,51,0,73,0,2,27.8,184.43,15.0734696090658,1,2,11,2,0
1,302.19,3,1,37,0,43,0,2,38.54,906.57,12.7535656375128,1,1,10,4,0
3,345.03,1,1,21,1,52,1,2,45.24,345.03,13.1119033127554,2,0,11,5,1
1,271.26,2,0,48,1,10,2,1,22.72,542.52,8.37572808375728,1,2,5,1,0
1,374.02,3,1,68,0,47,1,2,13.97,1122.06,3.73509437997968,2,3,6,4,0
0,54.91,4,1,36,0,85,0,0,45.65,219.64,83.1360407940266,0,1,4,6,1
0,117.49,3,0,24,0,19,0,2,35.55,352.47,30.2578942888757,0,0,2,1,0
1,356.39,4,1,70,1,19,2,2,29.49,1425.56,8.27464294733298,2,3,10,1,0
0,287.54,2,0,26,1,54,1,2,5.36,575.08,1.86408847464701,1,1,2,2,0
1,344.03,4,1,57,1,88,0,2,41.24,1376.12,11.9873266866262,2,2,10,0,0
4,284.52,5,1,31,1,25,1,0,20.81,1422.6,7.31407282440602,1,1,4,4,0
2,474.72,2,1,64,1,18,3,1,17.98,949.44,3.78749578699023,2,3,10,3,0
4,485.04,1,1,29,0,40,2,1,44.55,485.04,9.1848095002474,2,1,1,2,0
2,385.09,4,1,38,1,43,1,0,33.45,1540.36,8.68628112908671,2,1,2,3,0
2,476.39,3,1,40,0,99,2,0,37.74,1429.17,7.9220806482084,2,1,7,5,1
3,15.16,4,0,29,1,82,3,1,26.45,60.64,174.472295514512,0,1,8,5,1
3,429.53,3,1,24,1,77,2,1,2,1288.59,0.465625218261821,2,0,3,5,1
0,290.07,5,0,35,1,26,1,0,7.6,1450.35,2.62005722756576,1,1,9,4,0
2,221.24,4,0,23,0,10,1,1,12.1,884.96,5.46917374796601,1,0,11,1,0
1,103.32,5,0,26,0,31,1,0,3.87,516.6,3.74564459930314,0,1,6,3,0
2,69.91,3,0,25,1,11,2,1,37.71,209.73,53.9407810041482,0,0,5,3,0
2,200.49,1,0,60,1,88,1,0,25.86,200.49,12.8983989226395,1,2,4,2,0
0,401.15,4,1,20,1,81,0,2,13.94,1604.6,3.47500934812414,2,0,5,6,1
1,179.2,1,0,30,1,12,0,1,19.86,179.2,11.0825892857143,1,1,7,4,0
4,186.24,2,1,46,1,57,3,0,38.68,372.48,20.7689003436426,1,2,2,2,0
0,149.64,1,0,52,0,55,3,0,30.06,149.64,20.0882117080994,0,2,6,3,0
2,419.69,4,1,25,0,25,0,2,31.74,1678.76,7.56272486835521,2,0,2,5,1
4,238.44,2,0,21,1,50,0,0,14.15,476.88,5.93440697869485,1,0,7,6,1
1,294.19,2,1,29,1,35,2,1,46.26,588.38,15.7245317651858,1,1,8,3,0
2,69.83,1,0,48,1,77,2,1,28.03,69.83,40.1403408277245,0,2,1,6,1
3,25.95,4,0,29,1,22,3,1,11.57,103.8,44.5857418111753,0,1,12,1,0
2,109.36,1,0,47,1,66,0,1,16.26,109.36,14.8683247988296,0,2,1,4,0
4,325.63,1,0,32,1,63,1,1,14.99,325.63,4.60338420907165,1,1,10,4,0
0,378.63,5,0,67,1,77,0,2,0.96,1893.15,0.253545677838523,2,3,9,6,1
0,107.57,3,0,33,1,74,0,0,3.32,322.71,3.08636236869016,0,1,5,1,0
4,400.2,5,0,47,0,34,3,2,1.56,2001,0.389805097451274,2,2,5,0,0
2,131.83,1,0,43,1,86,0,1,32.67,131.83,24.7819161040734,0,2,7,6,1
2,477.28,1,0,39,1,9,3,1,4.4,477.28,0.921890714046262,2,1,5,3,0
2,342.7,1,0,68,1,5,1,1,21.71,342.7,6.33498686898162,2,3,2,3,0
2,395.65,2,0,69,0,40,1,1,3.4,791.3,0.859345381018577,2,3,12,1,0
2,440.66,2,1,45,0,1,0,2,32.58,881.32,7.393455271638,2,2,1,2,0
0,490.26,5,1,46,1,98,2,0,45.72,2451.3,9.32566393342308,2,2,5,5,1
3,191.2,3,0,64,1,63,1,1,23.78,573.6,12.4372384937239,1,3,6,3,0
0,205.75,4,0,45,1,65,1,0,13.56,823,6.59052247873633,1,2,3,0,0
3,160.06,5,1,68,1,86,2,2,37.27,800.3,23.2850181182057,0,3,6,2,0
2,322.17,2,1,44,1,12,0,1,26.4,644.34,8.1944315113139,1,2,8,6,1
4,98.56,2,0,57,1,25,3,1,17.97,197.12,18.2325487012987,0,2,4,2,0
4,432.29,5,1,51,1,61,3,2,25.95,2161.45,6.00291471003262,2,2,12,2,0
1,487.28,2,1,55,1,23,2,1,45.44,974.56,9.32523395173206,2,2,6,3,0
2,499.66,5,1,50,0,88,2,2,40.42,2498.3,8.0895008605852,2,2,4,4,0
3,405.91,1,1,44,1,34,2,1,13.78,405.91,3.39484122096031,2,2,10,2,0
3,72.26,1,0,24,1,82,2,2,20.79,72.26,28.7711043454193,0,0,11,5,1
0,182.15,5,0,64,1,91,0,2,19.52,910.75,10.7164424924513,1,3,8,4,0
4,279.73,3,0,56,1,17,1,1,11.21,839.19,4.00743574160798,1,2,9,4,0
3,274.08,3,0,57,1,91,1,1,22.55,822.24,8.22752481027437,1,2,6,6,1
4,66.96,1,0,42,0,98,3,0,19.22,66.96,28.7037037037037,0,2,6,6,1
2,436.55,3,1,50,0,84,1,1,11.53,1309.65,2.64116366968274,2,2,5,6,1
2,396.25,2,1,43,0,24,1,0,32.93,792.5,8.31041009463723,2,2,7,5,1
2,129.12,5,1,22,1,73,2,1,28.1,645.6,21.7627013630731,0,0,11,0,0
4,129.02,1,0,48,0,40,3,0,26.04,129.02,20.1829173771508,0,2,8,6,1
2,81.4,2,0,61,1,73,3,1,23.53,162.8,28.9066339066339,0,3,2,6,1
4,338.09,2,1,44,0,95,3,0,39.13,676.18,11.573841284865,2,2,10,3,0
2,73.52,3,0,47,0,14,0,0,8.22,220.56,11.1806311207835,0,2,12,4,0
2,237.03,2,0,60,0,4,2,0,15.74,474.06,6.64050964012994,1,2,10,1,0
0,390.61,2,0,51,1,69,2,0,12.16,781.22,3.11307954225442,2,2,10,1,0
4,478.23,5,1,35,0,91,1,1,36.67,2391.15,7.6678585617799,2,1,9,3,0
2,334.41,4,1,62,1,73,3,1,41.42,1337.64,12.3859932418289,1,3,3,2,0
3,65.56,5,0,46,1,92,3,0,23.99,327.8,36.5924344112264,0,2,9,6,1
3,196.95,5,1,63,0,71,3,0,27.83,984.75,14.1304899720741,1,3,9,6,1
3,186.63,3,0,21,0,58,1,2,13.71,559.89,7.34608583828967,1,0,8,6,1
4,17.34,3,0,51,0,40,1,0,1.24,52.02,7.15109573241061,0,2,6,5,1
0,427.78,2,0,38,0,92,3,1,10,855.56,2.33765019402497,2,1,8,4,0
1,272.88,2,0,44,1,50,0,0,17.08,545.76,6.25916153620639,1,2,8,4,0
2,68.67,2,0,23,0,93,0,0,9.78,137.34,14.2420270860638,0,0,10,0,0
0,413.02,1,1,30,0,10,1,1,26.61,413.02,6.44278727422401,2,1,5,2,0
0,428.28,3,0,62,1,83,3,0,1.41,1284.84,0.329223872233119,2,3,8,1,0
0,111.84,4,0,37,0,53,1,2,39.06,447.36,34.9248927038627,0,1,12,3,0
3,485.02,4,1,60,1,98,2,0,35.2,1940.08,7.25743268318832,2,2,7,6,1
0,488.99,4,1,19,0,50,3,0,32.5,1955.96,6.646352686149,2,0,3,4,0
1,482.67,3,1,69,0,39,1,2,36.74,1448.01,7.61182588518035,2,3,7,5,1
4,264.37,3,0,54,0,95,2,0,12.01,793.11,4.54287551537618,1,2,12,1,0
3,234.86,4,1,30,1,96,3,2,29.79,939.44,12.6841522609214,1,1,5,0,0
0,325.21,5,1,63,0,79,1,2,28.96,1626.05,8.90501522093417,1,3,1,6,1
0,152.9,5,1,66,1,10,3,2,47.87,764.5,31.3080444735121,0,3,10,0,0
4,144.88,1,0,19,0,24,3,2,29.83,144.88,20.5894533406958,0,0,1,5,1
2,6.29,2,0,24,1,64,0,0,42.91,12.58,682.193958664547,0,0,1,1,0
4,81.78,5,0,18,0,65,2,1,16.89,408.9,20.6529713866471,0,0,6,0,0
3,423.3,3,1,67,1,48,2,0,38.11,1269.9,9.00307110796126,2,3,12,5,1
3,359.01,3,1,67,1,49,2,1,33.89,1077.03,9.43984847218741,2,3,1,5,1
0,63.69,5,0,33,0,42,0,0,21.45,318.45,33.6787564766839,0,1,7,2,0
3,25.92,1,0,41,1,66,3,0,14.41,25.92,55.5941358024691,0,2,12,5,1
0,484,2,1,29,1,58,3,1,22.12,968,4.5702479338843,2,1,6,0,0
1,144.89,2,0,62,0,11,0,2,22.92,289.78,15.8188970943474,0,3,9,3,0
1,113.07,1,0,26,0,92,3,0,4.66,113.07,4.1213407623596,0,1,11,6,1
2,157.64,5,1,50,0,91,1,0,49.07,788.2,31.1278863232682,0,2,11,5,1
1,44.84,2,0,27,1,29,3,2,29.25,89.68,65.2319357716325,0,1,6,3,0
3,27.5,1,0,26,0,24,2,1,27.83,27.5,101.2,0,1,1,3,0
4,420.2,1,1,41,1,69,1,1,49.1,420.2,11.6849119466921,2,2,7,5,1
0,8.67,2,0,26,0,47,3,0,13.9,17.34,160.322952710496,0,1,3,1,0
3,438.38,1,0,37,1,57,2,1,21.76,438.38,4.96373009717597,2,1,9,4,0
2,332.46,5,0,58,0,80,1,0,20.84,1662.3,6.26842326896469,1,2,1,3,0
1,402.57,1,1,43,1,49,1,2,48.53,402.57,12.0550463273468,2,2,9,6,1
3,409.96,3,0,65,1,22,0,1,8.89,1229.88,2.16850424431652,2,3,3,0,0
2,498.39,5,1,67,1,17,1,1,35.49,2491.95,7.12092939264432,2,3,8,3,0
0,14.24,4,0,49,1,14,2,1,12.32,56.96,86.5168539325843,0,2,7,3,0
1,476.67,4,1,43,1,7,0,0,48.98,1906.68,10.2754526192125,2,2,3,4,0
4,140.34,1,0,43,0,24,3,1,26.31,140.34,18.7473279179136,0,2,5,4,0
1,484.68,4,1,69,1,39,1,1,12.83,1938.72,2.64710736981101,2,3,1,4,0
3,65.67,3,0,39,0,76,1,0,29.38,197.01,44.7388457438709,0,1,3,6,1
0,261.78,3,0,64,1,70,1,1,42.45,785.34,16.2159064863626,1,3,6,0,0
4,326,2,0,32,0,21,1,1,1.75,652,0.53680981595092,1,1,9,3,0
4,339.72,1,1,43,1,11,0,0,44.11,339.72,12.9842223007182,2,2,3,4,0
2,96.21,1,0,30,1,53,3,0,10.82,96.21,11.246232200395,0,1,12,6,1
2,243.28,3,0,33,0,92,1,2,30.08,729.84,12.3643538309767,1,1,8,0,0
2,363.26,4,1,52,0,4,2,0,46.42,1453.04,12.7787259813907,2,2,2,1,0
2,118.85,5,0,66,0,53,0,1,13.64,594.25,11.4766512410602,0,3,4,5,1
4,220.86,3,0,54,0,83,2,1,15.54,662.58,7.03613148600924,1,2,4,6,1
4,139.53,2,0,25,1,37,3,2,41.87,279.06,30.0078836092597,0,0,10,2,0
3,175.46,2,0,54,1,46,1,2,30.9,350.92,17.6108514761199,1,2,3,5,1
2,422.01,1,0,43,0,41,3,1,1.72,422.01,0.407573280254022,2,2,12,2,0
1,443.31,3,1,66,1,72,0,0,23.37,1329.93,5.27170602964066,2,3,6,0,0
3,21.87,3,0,49,1,0,1,1,19.01,65.61,86.9227251943301,0,2,3,5,1
0,385.4,5,1,58,0,61,2,1,20.67,1927,5.36325895173845,2,2,1,1,0
3,327.77,1,0,23,1,89,2,0,25.27,327.77,7.70967446685176,1,0,9,3,0
2,416.91,5,0,67,1,48,0,2,0.12,2084.55,0.0287831906166799,2,3,2,5,1
1,177.07,3,0,60,0,97,1,2,9.73,531.21,5.49500197661942,1,2,8,4,0
1,425.98,1,1,67,1,27,2,0,29.6,425.98,6.94868303676229,2,3,7,5,1
2,155.47,5,0,41,0,85,3,2,22.49,777.35,14.4658133401943,0,2,5,0,0
0,136.58,1,0,54,0,59,2,2,4.63,136.58,3.3899546053595,0,2,2,2,0
4,21.88,3,0,21,0,12,3,0,0.58,65.64,2.65082266910421,0,0,2,1,0
3,338.37,1,1,21,1,3,1,0,35.96,338.37,10.6274196885067,2,0,9,5,1
0,397.05,4,1,25,1,26,0,1,41.63,1588.2,10.4848255887168,2,0,8,3,0
4,308.02,3,0,40,1,28,0,2,3.1,924.06,1.00642815401597,1,1,8,4,0
4,177.52,3,0,59,0,28,2,0,16.61,532.56,9.35669220369536,1,2,5,0,0
0,85.63,4,0,58,1,48,1,0,32.76,342.52,38.2576199929931,0,2,4,3,0
4,458.51,5,1,31,0,30,2,1,26.2,2292.55,5.71416108699919,2,1,6,3,0
2,199.85,4,0,32,0,76,2,1,11.12,799.4,5.56417312984739,1,1,6,4,0
2,268.69,5,0,33,0,25,0,1,9.15,1343.45,3.40541144069374,1,1,8,3,0
3,441.71,1,1,47,0,53,0,0,25.44,441.71,5.75943492336601,2,2,1,2,0
3,205.66,3,1,36,1,63,3,2,39.15,616.98,19.0362734610522,1,1,5,3,0
0,276.65,4,0,19,0,80,2,2,7.8,1106.6,2.81944695463582,1,0,12,5,1
0,439.35,3,1,64,0,53,1,1,14.43,1318.05,3.28439740525777,2,3,1,1,0
2,459.7,2,1,37,1,28,2,0,25.14,919.4,5.46878398955841,2,1,4,5,1
0,98.47,5,0,68,0,87,0,1,0.55,492.35,0.558545749974612,0,3,4,3,0
4,336.11,2,0,29,0,60,0,2,0.83,672.22,0.246942965100711,2,1,6,6,1
0,235.13,4,0,58,0,91,0,1,8.76,940.52,3.72559860502701,1,2,12,5,1
2,143.28,1,0,26,1,32,2,2,8.2,143.28,5.72305974316025,0,1,7,3,0
3,374.81,2,0,30,1,24,3,1,7.33,749.62,1.95565753315013,2,1,10,5,1
3,420.96,5,1,37,0,65,1,2,33.4,2104.8,7.93424553401748,2,1,2,3,0
3,291.38,5,0,29,1,60,1,0,6.63,1456.9,2.27537922987165,1,1,12,3,0
3,318.91,1,1,24,0,83,3,0,49.02,318.91,15.3711078360666,1,0,10,1,0
0,96.39,4,0,67,1,40,3,2,30.25,385.56,31.3829235397863,0,3,3,5,1
0,418.93,3,1,24,1,82,3,1,17.81,1256.79,4.25130690091423,2,0,1,3,0
0,274.43,5,1,67,0,55,1,0,41,1372.15,14.9400575738804,1,3,2,3,0
1,180.4,3,0,58,1,1,1,2,42.25,541.2,23.420177383592,1,2,10,4,0
3,149,2,0,46,0,73,1,1,26.65,298,17.8859060402685,0,2,4,5,1
3,433.82,3,1,31,1,16,2,1,1.85,1301.46,0.426444147342216,2,1,11,6,1
1,290.21,1,1,24,0,55,0,1,34.84,290.21,12.0050997553496,1,0,9,1,0
1,63.51,2,0,26,1,12,0,0,37.05,127.02,58.3372697213037,0,1,4,3,0
4,129.08,2,0,18,0,19,2,1,32.5,258.16,25.1781840718934,0,0,5,1,0
0,95.76,5,0,51,0,50,0,1,10.09,478.8,10.5367585630744,0,2,12,0,0
0,156.13,2,0,31,1,30,0,2,11.14,312.26,7.13507974124127,0,1,12,6,1
0,474.99,3,0,66,0,57,1,2,0.33,1424.97,0.0694751468451967,2,3,8,2,0
3,46.68,3,0,28,0,70,0,1,1.61,140.04,3.4490145672665,0,1,1,2,0
3,179.21,4,1,69,1,74,0,1,27.61,716.84,15.4065063333519,1,3,7,3,0
1,285.76,3,1,35,1,60,0,0,39.71,857.28,13.8962765957447,1,1,1,2,0
4,375.48,1,0,63,1,31,1,0,11.86,375.48,3.15862362842229,2,3,6,1,0
4,380.47,1,1,57,1,31,1,0,30.43,380.47,7.99800247062843,2,2,1,3,0
3,99.37,5,0,56,0,7,0,0,38.78,496.85,39.0258629365,0,2,8,3,0
1,263.33,5,1,35,0,84,2,2,28.2,1316.65,10.7089963164091,1,1,2,4,0
1,340.16,3,1,36,1,0,0,0,34.94,1020.48,10.2716368767639,2,1,3,2,0
1,73.71,2,0,54,0,38,1,1,45.5,147.42,61.7283950617284,0,2,12,3,0
3,223.75,4,1,57,0,24,1,1,34.88,895,15.5888268156425,1,2,6,1,0
2,25.44,2,0,55,0,38,3,0,43.97,50.88,172.838050314465,0,2,9,1,0
2,266.95,4,0,59,1,40,1,2,19.08,1067.8,7.14740588125117,1,2,5,2,0
1,391.29,1,1,46,1,72,0,0,14.91,391.29,3.81047305067853,2,2,10,6,1
3,192.06,1,0,51,1,59,0,0,11.36,192.06,5.91481828595231,1,2,4,6,1
1,92.93,5,0,69,1,76,2,0,7.98,464.65,8.58710857634779,0,3,2,6,1
1,428.2,3,1,49,0,23,1,1,23.91,1284.6,5.5838393274171,2,2,6,3,0
3,467.29,4,1,20,1,75,3,0,45.19,1869.16,9.67065419760748,2,0,11,5,1
2,305.65,4,1,31,0,90,3,1,6.74,1222.6,2.20513659414363,1,1,6,1,0
4,359.97,2,1,61,0,28,1,0,41.14,719.94,11.4287301719588,2,3,10,0,0
4,349.88,3,1,65,1,97,0,2,33.13,1049.64,9.46896078655539,2,3,6,3,0
3,44.52,2,0,30,1,46,2,0,20.1,89.04,45.1482479784367,0,1,2,3,0
0,257.02,3,1,31,0,31,2,0,39.61,771.06,15.4112520426426,1,1,4,0,0
1,139.65,2,1,20,1,28,3,1,42.01,279.3,30.0823487289653,0,0,3,4,0
4,259.22,2,1,55,0,77,2,1,48.43,518.44,18.6829719929018,1,2,12,4,0
1,379.27,3,1,25,1,32,1,1,49.39,1137.81,13.0223851082342,2,0,11,6,1
0,252.54,5,0,28,1,57,3,2,15.32,1262.7,6.06636572424171,1,1,6,1,0
3,78.23,5,0,35,0,87,1,0,36.67,391.15,46.8746005368784,0,1,3,0,0
3,460.98,1,1,48,0,76,1,1,39.1,460.98,8.48192980172676,2,2,2,1,0
2,294.17,3,1,35,1,36,2,1,36.87,882.51,12.5335690247136,1,1,3,5,1
3,146.33,4,0,58,1,35,2,1,27.43,585.32,18.745301715301,0,2,6,6,1
1,62.42,3,1,51,1,21,1,2,44.83,187.26,71.8199295097725,0,2,10,2,0
4,316.76,3,1,63,1,65,3,1,41.31,950.28,13.0414193711327,1,3,2,3,0
0,183.44,2,1,61,0,33,3,2,38.57,366.88,21.0259485390318,1,3,8,4,0
4,490.27,3,1,32,0,67,2,2,38.89,1470.81,7.93236379953903,2,1,11,0,0
1,229.06,5,1,33,0,22,0,1,31.38,1145.3,13.6994673884572,1,1,2,6,1
4,300.55,1,0,54,1,63,3,2,14.66,300.55,4.87772417235069,1,2,8,6,1
3,108.41,2,0,53,0,92,3,0,14.22,216.82,13.116871137349,0,2,10,1,0
2,212.84,1,0,24,1,14,1,0,9.69,212.84,4.55271565495208,1,0,9,1,0
1,411.48,2,1,55,0,33,0,1,25.63,822.96,6.22873529697677,2,2,6,3,0
3,10.79,1,0,66,1,39,3,0,31.73,10.79,294.068582020389,0,3,5,1,0
0,139.15,3,0,42,0,79,3,1,28.56,417.45,20.5246137261948,0,2,5,0,0
2,476.27,1,1,33,1,85,3,0,16.49,476.27,3.46232179226069,2,1,2,3,0
3,470.77,4,1,67,1,15,1,0,3.66,1883.08,0.777449710049494,2,3,7,5,1
2,138.83,4,0,47,0,17,1,0,36.11,555.32,26.0102283368148,0,2,3,3,0
2,242.09,4,1,42,0,48,2,0,10.74,968.36,4.4363666405056,1,2,11,0,0
1,471.26,3,1,52,1,27,3,2,20.11,1413.78,4.26728345287103,2,2,9,4,0
3,290.74,4,0,31,1,23,3,0,1.09,1162.96,0.374905413771755,1,1,10,5,1
1,235.29,2,0,25,1,11,0,1,16.98,470.58,7.21662629096009,1,0,9,3,0
1,101.39,4,0,43,0,66,0,0,35.8,405.56,35.309202090936,0,2,10,2,0
2,49.58,4,0,57,1,93,1,2,33.69,198.32,67.950786607503,0,2,10,1,0
0,359.17,4,1,28,1,3,3,0,29.07,1436.68,8.09366038366233,2,1,2,1,0
1,131.54,5,0,40,1,38,3,0,25.91,657.7,19.6974304394101,0,1,10,5,1
3,229.71,5,0,37,1,93,3,0,26.93,1148.55,11.7234774280615,1,1,8,6,1
2,182.12,1,0,47,1,94,0,2,31.24,182.12,17.1535251482539,1,2,9,3,0
4,116.28,3,0,51,1,0,0,2,11.97,348.84,10.2941176470588,0,2,4,2,0
3,129.4,2,0,37,1,14,2,1,39.91,258.8,30.8423493044822,0,1,11,0,0
4,373.07,3,1,46,1,12,0,2,17.32,1119.21,4.64256037740907,2,2,6,2,0
1,184.37,5,1,30,1,14,3,0,37.73,921.85,20.4642837771872,1,1,5,2,0
0,481.46,4,1,67,0,61,1,2,9.73,1925.84,2.0209363186973,2,3,11,4,0
1,208.57,4,0,63,1,28,2,2,20.51,834.28,9.83362899745889,1,3,8,1,0
4,400.5,5,1,67,0,69,2,2,22.24,2002.5,5.55305867665418,2,3,11,1,0
4,370.67,5,1,66,0,38,2,0,9.61,1853.35,2.59260258450913,2,3,11,2,0
3,58.77,2,0,69,1,23,0,0,6.57,117.54,11.1791730474732,0,3,7,2,0
3,290.49,3,0,51,1,53,1,0,1.71,871.47,0.588660539089125,1,2,11,2,0
0,160.3,4,0,62,0,7,3,0,3.16,641.2,1.97130380536494,0,3,11,0,0
1,77.04,5,1,48,1,14,3,2,45.53,385.2,59.0991692627207,0,2,7,2,0
3,390.03,4,1,69,0,74,2,2,3.43,1560.12,0.879419531830885,2,3,1,0,0
3,255.38,2,1,61,0,81,2,1,46.05,510.76,18.0319523846817,1,3,6,0,0
1,409.36,3,0,39,1,46,2,1,4.36,1228.08,1.06507719366817,2,1,5,4,0
4,182.27,2,0,63,0,83,2,0,9.61,364.54,5.2723980907445,1,3,4,0,0
0,272.24,5,0,62,1,38,0,0,8.95,1361.2,3.28754040552454,1,3,4,1,0
3,18.23,3,0,40,1,36,0,2,32.1,54.69,176.083379045529,0,1,7,2,0
0,73.65,4,0,64,0,48,1,0,44.91,294.6,60.9775967413442,0,3,10,0,0
3,458.88,1,1,35,1,41,1,1,39,458.88,8.4989539748954,2,1,7,1,0
3,40.5,1,0,67,0,68,3,1,47,40.5,116.049382716049,0,3,1,5,1
2,377.28,2,0,25,1,48,0,1,2.42,754.56,0.641433418150975,2,0,10,3,0
1,427.57,2,1,35,0,8,1,2,12.44,855.14,2.90946511682298,2,1,11,0,0
1,478.82,1,0,22,0,50,0,2,15.97,478.82,3.33528256965039,2,0,11,1,0
3,448.98,2,0,56,0,2,0,2,1.76,897.96,0.391999643636688,2,2,4,4,0
3,256.97,3,1,19,0,22,2,0,47.64,770.91,18.5391290812157,1,0,9,0,0
0,233.03,1,1,66,0,11,0,0,45.11,233.03,19.358022572201,1,3,9,0,0
2,275.51,3,1,51,0,91,0,2,45.33,826.53,16.4531232986099,1,2,11,0,0
2,170.48,3,1,67,0,43,3,2,40.25,511.44,23.6098076020648,0,3,10,5,1
4,498.15,2,1,22,1,39,1,2,43.65,996.3,8.76242095754291,2,0,5,0,0
1,463.44,5,1,55,1,49,2,2,49.64,2317.2,10.7112031762472,2,2,5,6,1
0,482.25,3,1,34,0,87,3,2,43.74,1446.75,9.06998444790047,2,1,12,2,0
2,181.31,5,1,38,0,43,2,1,48.51,906.55,26.7552810104241,1,1,1,5,1
1,174.43,3,1,33,1,75,0,0,23.79,523.29,13.6387089376827,1,1,4,0,0
0,449.83,4,1,36,1,81,2,2,18.99,1799.32,4.22159482471156,2,1,10,0,0
0,230.35,5,1,29,1,2,1,1,30.42,1151.75,13.2059908834383,1,1,10,1,0
1,296.15,3,1,25,1,70,0,0,21.07,888.45,7.11463785243964,1,0,4,2,0
0,5.6,4,0,63,1,73,0,2,30.21,22.4,539.464285714286,0,3,2,5,1
1,143.13,4,0,65,1,31,1,0,9.93,572.52,6.93774889960176,0,3,7,5,1
2,461.99,1,1,24,0,0,0,0,24.07,461.99,5.21006948202342,2,0,12,0,0
0,468.12,3,1,56,1,50,1,1,17.46,1404.36,3.72981286849526,2,2,11,3,0
4,23.68,3,0,66,1,89,2,2,23,71.04,97.1283783783784,0,3,4,5,1
2,178.24,3,0,56,0,87,1,0,38.66,534.72,21.6898563734291,1,2,2,4,0
4,465.56,3,1,59,0,20,3,0,30.83,1396.68,6.62213248560873,2,2,1,0,0
3,310.89,3,1,33,1,9,0,2,26.73,932.67,8.59789636205732,1,1,1,5,1
0,277.77,5,1,66,1,60,1,1,33.06,1388.85,11.9019332541311,1,3,9,5,1
1,89.63,4,0,49,1,39,3,2,28.25,358.52,31.5184647997322,0,2,12,6,1
1,459.95,3,0,22,0,3,3,1,0.69,1379.85,0.150016306120231,2,0,1,0,0
4,198.09,2,0,54,1,1,1,0,1.27,396.18,0.641122721995053,1,2,4,6,1
2,97.72,2,0,53,0,19,1,2,11.62,195.44,11.89111747851,0,2,9,0,0
4,393.68,5,1,38,1,86,3,1,43.29,1968.4,10.9962406015038,2,1,10,0,0
3,253.11,2,1,65,0,60,1,2,46.74,506.22,18.4662794832286,1,3,11,1,0
0,434.26,1,1,41,0,8,3,1,33.86,434.26,7.79717220098558,2,2,8,6,1
3,321.33,4,1,68,0,68,3,0,29.3,1285.32,9.11835185012293,1,3,7,5,1
2,146.29,3,0,26,0,13,0,1,27.68,438.87,18.9213206644337,0,1,1,1,0
3,111.8,2,0,46,0,62,3,1,31.45,223.6,28.1305903398927,0,2,9,2,0
0,331.68,1,0,62,1,84,1,2,16.68,331.68,5.02894356005789,1,3,5,5,1
3,496.58,2,1,42,1,71,2,2,4.57,993.16,0.920294816545169,2,2,3,4,0
3,178.99,1,0,56,1,5,1,2,1.9,178.99,1.06151181630259,1,2,3,1,0
0,72.19,2,0,24,0,74,1,2,43.58,144.38,60.3684720875468,0,0,3,2,0
1,190.11,5,1,39,1,34,1,2,37.81,950.55,19.8884856135921,1,1,1,5,1
4,231.47,2,0,48,0,56,0,1,15.64,462.94,6.75681513803085,1,2,12,6,1
2,305.19,5,1,64,1,96,2,0,20.94,1525.95,6.86129951833284,1,3,3,2,0
2,282.86,2,1,46,1,66,3,0,48.42,565.72,17.1180089090009,1,2,8,4,0
1,157.46,1,0,69,0,85,2,2,9.16,157.46,5.81735043820653,0,3,5,2,0
0,427.49,3,1,21,1,84,1,2,21.89,1282.47,5.12058761608459,2,0,8,5,1
0,475.42,2,1,27,0,84,1,1,17.48,950.84,3.6767489798494,2,1,9,4,0
4,301.67,1,1,53,0,25,0,1,45.02,301.67,14.9235920045082,1,2,3,6,1
2,310.92,1,0,56,0,52,0,2,36.12,310.92,11.6171362408337,1,2,1,6,1
2,196.61,4,0,66,1,49,1,0,16.21,786.44,8.24474848685214,1,3,9,3,0
2,387.27,5,0,59,0,33,2,1,3.09,1936.35,0.797892942908049,2,2,8,1,0
4,99.41,3,0,52,0,53,0,0,5.62,298.23,5.65335479328036,0,2,10,0,0
3,47.71,1,0,49,1,60,2,0,35.39,47.71,74.1773213162859,0,2,12,2,0
0,181.31,2,0,62,1,39,2,1,40.59,362.62,22.3870718658651,1,3,9,5,1
1,260.11,1,0,26,1,31,3,1,1.08,260.11,0.41520895005959,1,1,7,2,0
1,433.06,4,0,66,1,64,3,0,9.95,1732.24,2.29760310349605,2,3,10,1,0
2,447.6,5,0,44,0,64,0,0,9.16,2238,2.04647006255585,2,2,5,3,0
0,308.3,3,1,45,1,89,1,1,49.27,924.9,15.9811871553682,1,2,3,2,0
2,73.18,4,0,18,1,28,1,1,21.58,292.72,29.4889314020224,0,0,12,1,0
3,157.27,2,1,43,0,3,0,1,38.52,314.54,24.4929102816812,0,2,8,2,0
4,301.38,5,0,39,1,58,2,0,13.97,1506.9,4.63534408388082,1,1,2,3,0
4,238.5,5,1,42,1,83,2,1,45,1192.5,18.8679245283019,1,2,7,4,0
3,373.23,2,1,65,0,44,2,1,20.2,746.46,5.41221230876403,2,3,9,5,1
0,5.81,5,0,61,1,27,2,0,48.88,29.05,841.308089500861,0,3,7,1,0
0,305.49,3,0,68,0,10,3,1,18.44,916.47,6.03620413106812,1,3,3,4,0
2,348.15,3,1,46,1,78,3,0,47.01,1044.45,13.5028005170185,2,2,3,2,0
2,357.22,5,1,51,0,82,3,2,38.05,1786.1,10.6516992329657,2,2,9,3,0
0,286.67,1,0,24,0,32,0,2,10.16,286.67,3.54414483552517,1,0,10,6,1
3,293.74,5,1,45,0,76,3,2,23.06,1468.7,7.85048001634098,1,2,12,5,1
2,396.48,3,1,54,1,78,0,0,31.23,1189.44,7.87681598062954,2,2,11,2,0
0,30.82,3,0,28,0,18,1,1,26.71,92.46,86.664503569111,0,1,3,0,0
3,245.09,1,0,34,0,62,0,2,5.97,245.09,2.43583989554857,1,1,10,3,0
3,284.48,4,1,55,1,59,3,1,29.87,1137.92,10.4998593925759,1,2,9,6,1
4,234.4,2,0,48,0,80,1,2,14.92,468.8,6.36518771331058,1,2,10,6,1
2,118.35,1,0,44,0,55,1,0,38.68,118.35,32.6827207435573,0,2,7,1,0
3,380.57,5,1,32,1,7,2,2,17.74,1902.85,4.66142890926768,2,1,3,6,1
3,399.11,1,0,70,0,23,2,1,16.12,399.11,4.03898674550876,2,3,9,1,0
3,111.46,2,0,66,0,56,3,2,16.59,222.92,14.8842634128836,0,3,4,4,0
2,205.52,1,0,58,1,22,2,1,49.99,205.52,24.3236667964188,1,2,8,0,0
3,385.69,3,1,32,0,3,2,0,42.99,1157.07,11.1462573569447,2,1,8,5,1
2,18.93,4,0,57,0,31,1,1,40.24,75.72,212.57263602747,0,2,5,0,0
2,462.63,5,1,22,1,54,0,0,26.34,2313.15,5.69353479022113,2,0,11,1,0
1,69.2,2,0,32,0,10,0,0,17.12,138.4,24.7398843930636,0,1,9,6,1
2,482.85,5,1,26,1,12,2,0,15.32,2414.25,3.17282800041421,2,1,5,5,1
2,121.28,3,0,69,1,57,0,0,24.15,363.84,19.912598944591,0,3,6,4,0
2,390.08,3,0,49,0,25,0,0,18.15,1170.24,4.6528917145201,2,2,9,0,0
1,39.23,1,0,35,0,22,0,1,45.56,39.23,116.135610502167,0,1,10,4,0
4,383.91,2,1,29,0,7,2,1,44.88,767.82,11.6902398999766,2,1,9,1,0
1,96.47,5,0,45,1,42,0,1,20.96,482.35,21.7269617497668,0,2,4,0,0
0,181.09,1,0,18,1,75,3,2,33.27,181.09,18.3720801811254,1,0,3,5,1
0,392.18,5,0,36,0,43,1,1,14.59,1960.9,3.72023050640012,2,1,9,2,0
0,338.68,2,1,46,0,6,1,2,39.31,677.36,11.6068265028936,2,2,1,4,0
0,455.07,4,1,53,0,32,3,2,26.2,1820.28,5.75735601116312,2,2,1,0,0
3,258.41,3,0,50,0,85,1,1,0.38,775.23,0.147053132618707,1,2,6,2,0
0,86.22,1,0,30,0,91,1,2,14.62,86.22,16.9566225933658,0,1,7,3,0
1,224.1,1,0,55,1,1,3,0,22.58,224.1,10.0758589915216,1,2,1,1,0
0,483.27,1,1,60,0,66,1,0,34.45,483.27,7.12852028886544,2,2,7,6,1
0,78.57,4,1,41,0,14,2,2,48.03,314.28,61.1302023673158,0,2,9,0,0
3,294.86,1,1,19,0,63,1,0,33.91,294.86,11.5003730584006,1,0,10,5,1
2,39.4,3,0,61,0,42,0,2,16.21,118.2,41.1421319796954,0,3,6,1,0
3,257.84,4,0,57,1,66,1,0,2.99,1031.36,1.15963388147689,1,2,4,3,0
2,95.47,1,0,44,1,62,3,1,35.18,95.47,36.8492720226249,0,2,1,3,0
3,124.31,2,0,65,1,97,3,1,13.41,248.62,10.7875472608801,0,3,10,5,1
1,404.84,2,1,69,1,57,1,1,49.42,809.68,12.207291769588,2,3,1,2,0
4,334.85,4,0,48,0,45,1,0,14.64,1339.4,4.37210691354338,1,2,7,6,1
1,170.97,4,1,51,1,13,3,1,41.18,683.88,24.0860969760777,0,2,4,3,0
4,36.09,1,0,60,1,99,1,0,45.56,36.09,126.23995566639,0,2,4,5,1
0,46.8,3,0,41,0,7,2,0,41.31,140.4,88.2692307692308,0,2,3,5,1
2,96.3,4,0,42,1,57,1,0,8.6,385.2,8.93042575285566,0,2,3,2,0
4,157.56,1,0,35,0,31,3,2,13.92,157.56,8.83472962680884,0,1,1,1,0
4,454.6,5,1,70,1,4,0,2,38.04,2273,8.36779586449626,2,3,3,5,1
2,300.47,2,0,31,0,69,3,2,28.81,600.94,9.58831164508936,1,1,8,1,0
1,34.47,3,0,59,1,58,1,2,25.29,103.41,73.3681462140992,0,2,10,6,1
4,353.53,1,1,32,0,75,2,2,28.7,353.53,8.11812293157582,2,1,4,3,0
1,114.15,2,1,70,0,66,3,1,33.17,228.3,29.0582566798073,0,3,9,2,0
4,55.83,4,0,64,0,20,1,2,9.12,223.32,16.3353036002149,0,3,11,6,1
0,97.09,5,0,39,0,46,1,1,44.78,485.45,46.1221547018231,0,1,5,4,0
1,209.86,3,1,26,0,27,1,2,35.21,629.58,16.7778519012675,1,1,2,6,1
0,297.09,5,1,38,1,19,3,2,31.6,1485.45,10.6365074556532,1,1,4,1,0
0,437.76,3,1,34,0,88,3,1,20.23,1313.28,4.62125365497076,2,1,12,5,1
1,403.21,5,1,54,0,44,1,2,46.08,2016.05,11.4282879888892,2,2,4,0,0
4,10.71,4,0,63,0,4,2,1,48.74,42.84,455.088702147526,0,3,7,5,1
1,368.49,4,1,22,0,92,3,2,32.65,1473.96,8.86048468072404,2,0,5,6,1
1,139.34,4,1,65,0,34,1,1,43.47,557.36,31.1970719104349,0,3,12,0,0
1,379.39,5,1,32,1,96,0,1,22.18,1896.95,5.8462268378186,2,1,6,5,1
2,388.98,1,0,20,1,2,3,2,13.98,388.98,3.59401511645843,2,0,6,6,1
2,111.64,3,0,60,1,64,2,2,16.42,334.92,14.7079899677535,0,2,10,6,1
1,317.95,1,0,62,0,43,3,2,8.56,317.95,2.69224720868061,1,3,3,4,0
1,12.7,5,0,30,0,15,1,2,33.98,63.5,267.55905511811,0,1,6,3,0
1,358.37,2,1,45,1,98,0,0,20.61,716.74,5.75103942852359,2,2,4,6,1
2,49.73,3,0,61,1,36,0,1,21.54,149.19,43.3138950331792,0,3,4,1,0
4,23.62,3,0,47,1,88,3,2,19.11,70.86,80.9060118543607,0,2,3,5,1
0,269.13,4,1,51,0,77,1,0,30.9,1076.52,11.4814401961877,1,2,1,1,0
2,433.41,5,1,34,0,21,0,2,24.91,2167.05,5.7474446828638,2,1,1,3,0
1,414.28,4,0,58,1,23,0,2,2.68,1657.12,0.64690547455827,2,2,7,6,1
4,418.85,3,1,34,0,22,1,2,26.3,1256.55,6.27909752894831,2,1,7,6,1
1,91.83,2,0,70,1,82,0,0,3.58,183.66,3.89850811281716,0,3,11,1,0
2,431.01,5,1,32,1,88,3,1,43.37,2155.05,10.0624115449758,2,1,6,5,1
3,214.19,3,0,67,0,77,1,1,15.17,642.57,7.08249684859237,1,3,6,4,0
1,23.47,2,0,21,0,29,0,0,32.65,46.94,139.11376224968,0,0,7,4,0
3,42.33,1,0,41,0,54,1,1,37.64,42.33,88.9203874320813,0,2,3,4,0
4,348.04,5,1,37,0,48,1,1,34.24,1740.2,9.83794966095851,2,1,7,6,1
2,398.42,1,1,51,0,34,2,0,28.67,398.42,7.19592389940264,2,2,6,3,0
1,432.15,5,1,19,0,49,3,1,32.29,2160.75,7.4719426125188,2,0,5,1,0
2,432.55,1,1,68,0,9,2,0,19.65,432.55,4.54282741879552,2,3,6,3,0
1,277.87,5,1,33,1,92,2,2,25.92,1389.35,9.32810306978083,1,1,10,0,0
0,493.98,2,1,66,1,20,0,0,32.21,987.96,6.52050690311349,2,3,9,0,0
2,236.58,3,1,38,1,85,2,2,40.41,709.74,17.0809028658382,1,1,6,5,1
0,12.7,4,0,41,1,61,3,2,48.06,50.8,378.425196850394,0,2,6,4,0
2,236.34,4,1,28,0,11,0,2,44.85,945.36,18.976897689769,1,1,5,0,0
1,431.51,2,1,45,0,43,3,2,19.75,863.02,4.57695070797896,2,2,3,5,1
4,356.05,5,0,57,1,9,0,1,11.98,1780.25,3.36469596966718,2,2,5,4,0
4,398.88,4,1,32,1,96,0,1,23.63,1595.52,5.92408744484557,2,1,2,3,0
2,396.34,4,1,68,0,5,3,0,40.17,1585.36,10.1352374224151,2,3,2,5,1
4,309.18,2,0,57,0,25,3,0,19.07,618.36,6.16792806779222,1,2,3,1,0
1,340.59,3,1,30,1,23,1,2,9.13,1021.77,2.68064241463343,2,1,9,6,1
4,286.96,4,0,66,0,64,1,1,5.45,1147.84,1.89921940340117,1,3,4,5,1
2,59.71,3,0,41,0,95,2,1,42.62,179.13,71.3783285881762,0,2,6,5,1
3,291.49,2,1,62,0,48,0,2,18.67,582.98,6.40502247075371,1,3,5,4,0
2,119.99,3,0,60,1,63,1,0,8.28,359.97,6.90057504792066,0,2,8,3,0
4,485.35,5,1,50,0,2,3,0,46.34,2426.75,9.54774904707943,2,2,8,5,1
2,423.03,3,1,62,1,50,2,0,42.23,1269.09,9.98274354064724,2,3,6,3,0
3,213.28,3,0,68,0,49,2,1,11.79,639.84,5.52794448612153,1,3,6,3,0
3,25.27,2,0,57,1,87,3,2,0.08,50.54,0.316580925999209,0,2,1,3,0
3,166.41,1,0,31,0,13,1,0,24.51,166.41,14.7286821705426,0,1,11,3,0
3,394.58,4,1,59,1,75,2,2,9.51,1578.32,2.41015763596736,2,2,10,5,1
4,128.55,2,0,55,0,37,0,0,20.59,257.1,16.0171139634384,0,2,4,5,1
2,215.96,3,0,36,1,63,2,0,7.71,647.88,3.5701055751065,1,1,3,2,0
3,347.65,2,1,29,1,36,1,2,19.29,695.3,5.54868402128578,2,1,8,5,1
0,301.15,3,0,56,1,15,0,0,14.8,903.45,4.91449443798772,1,2,10,5,1
4,96.7,3,0,31,0,87,1,0,5.68,290.1,5.87383660806618,0,1,3,0,0
4,278.44,2,0,21,1,18,1,0,20.15,556.88,7.23674759373653,1,0,8,4,0
4,381.91,4,1,38,0,9,0,0,21.25,1527.64,5.56413814773114,2,1,11,6,1
1,174.18,4,0,33,0,12,2,2,16.29,696.72,9.35239407509473,1,1,4,6,1
0,472.63,5,1,49,1,42,0,0,21.3,2363.15,4.5066965702558,2,2,8,6,1
4,195.78,3,0,48,1,99,0,2,2.3,587.34,1.17478802737767,1,2,7,1,0
2,417.02,1,0,38,0,51,0,0,7.39,417.02,1.77209726152223,2,1,11,0,0
1,114.02,1,0,26,0,18,1,0,6.1,114.02,5.34993860726188,0,1,8,5,1
4,165.99,2,0,52,0,31,2,0,43,331.98,25.9051750105428,0,2,3,0,0
4,225.2,1,0,38,0,71,3,2,41.65,225.2,18.4946714031972,1,1,2,0,0
2,478.59,3,0,65,1,60,1,0,0.75,1435.77,0.156710336613803,2,3,6,6,1
0,223.93,3,1,27,1,44,1,2,25.55,671.79,11.4098155673648,1,1,8,3,0
2,60.73,1,0,68,0,26,1,1,6.94,60.73,11.4276304956364,0,3,10,6,1
2,35.32,1,0,34,0,23,2,0,41.27,35.32,116.845979614949,0,1,11,1,0
2,130.72,2,0,27,0,83,0,2,40.79,261.44,31.2041003671971,0,1,5,1,0
0,192.98,2,0,35,1,10,1,0,3.87,385.96,2.00538915949839,1,1,10,6,1
2,477.05,1,1,66,1,46,0,2,34.09,477.05,7.14600146735143,2,3,12,1,0
0,130.81,5,0,39,1,89,3,2,15.86,654.05,12.1244553168718,0,1,3,3,0
0,416.26,1,1,40,1,10,2,2,31.6,416.26,7.59140921539423,2,1,5,3,0
0,160.26,3,0,54,1,73,3,0,40.85,480.78,25.4898290278298,0,2,6,5,1
4,136.13,4,0,37,0,66,2,1,17.38,544.52,12.7672078160582,0,1,9,2,0
1,300.35,2,0,63,0,63,2,2,7.71,600.7,2.56700516064591,1,3,10,6,1
2,187.08,1,0,43,0,93,2,2,40.36,187.08,21.573658327988,1,2,12,2,0
3,434.65,3,1,66,0,0,3,0,26.95,1303.95,6.20039111929138,2,3,10,4,0
1,469.43,1,1,54,1,64,3,2,9.07,469.43,1.93213045608504,2,2,6,3,0
3,110.43,1,0,44,0,15,0,2,24.27,110.43,21.9777234447161,0,2,6,6,1
4,370.07,5,1,26,0,9,1,0,10.79,1850.35,2.91566460399384,2,1,7,1,0
0,493.54,2,1,21,0,22,1,2,48.5,987.08,9.82696437978685,2,0,9,1,0
4,53.88,1,0,39,1,19,2,1,47.76,53.88,88.641425389755,0,1,2,3,0
2,206.49,1,0,35,0,70,0,2,10.59,206.49,5.12857765509226,1,1,8,1,0
4,215.55,4,0,66,1,87,2,2,3.21,862.2,1.48921363952679,1,3,10,6,1
1,246.62,1,0,37,1,84,2,0,37.46,246.62,15.1893601492174,1,1,4,1,0
4,22.17,2,0,69,0,91,0,2,49.12,44.34,221.560667568787,0,3,12,3,0
4,67.93,3,0,27,1,37,1,2,46.94,203.79,69.1005446783453,0,1,5,6,1
0,80.17,4,0,33,1,14,2,1,10.58,320.68,13.1969564675066,0,1,10,0,0
3,55.83,5,0,54,0,93,3,1,8.4,279.15,15.045674368619,0,2,1,0,0
3,329.5,2,1,21,1,15,2,0,48.87,659,14.8315629742033,1,0,6,3,0
2,382.49,1,1,18,1,76,1,2,39.65,382.49,10.3662840858585,2,0,10,5,1
1,136.94,3,0,69,0,27,1,1,36.78,410.82,26.85847816562,0,3,3,4,0
3,307.89,2,0,37,0,92,2,1,2.86,615.78,0.928903179707038,1,1,4,6,1
0,353.45,4,0,20,0,67,2,2,7.88,1413.8,2.22945253925591,2,0,2,6,1
2,332.05,4,1,56,0,7,2,0,41.15,1328.2,12.3927119409728,1,2,7,3,0
2,142.45,5,1,48,1,79,0,2,46.31,712.25,32.5096525096525,0,2,3,3,0
3,32.09,4,0,39,1,72,1,0,33.58,128.36,104.643191025242,0,1,1,4,0
1,348.76,1,0,64,1,36,0,1,23.1,348.76,6.62346599380663,2,3,9,0,0
0,211.88,5,1,69,0,1,3,2,39.36,1059.4,18.5765527657165,1,3,10,4,0
0,88.02,4,0,57,0,59,1,2,25.95,352.08,29.4819359236537,0,2,8,1,0
1,207.06,5,0,24,0,35,2,0,3.12,1035.3,1.50680962039988,1,0,9,2,0
0,386.03,2,1,18,0,72,2,1,42.64,772.06,11.0457736445354,2,0,3,3,0
2,295.18,5,1,32,0,65,3,1,15.96,1475.9,5.40687038417237,1,1,8,1,0
1,434.91,1,1,39,1,98,2,2,17.33,434.91,3.9847324733853,2,1,11,1,0
1,365.86,1,1,62,0,50,2,2,41.69,365.86,11.3950691521347,2,3,9,4,0
3,265.79,2,1,43,1,16,3,1,42.56,531.58,16.0126415591256,1,2,12,1,0
3,34.21,2,0,25,0,93,3,2,17.34,68.42,50.686933645133,0,0,11,4,0
2,40.04,2,1,39,0,76,0,0,47.02,80.08,117.432567432568,0,1,10,3,0
0,18.68,5,0,26,1,33,3,1,13.88,93.4,74.304068522484,0,1,6,4,0
2,130.97,5,0,36,1,43,3,0,40.93,654.85,31.2514316255631,0,1,11,5,1
2,453.2,3,1,45,1,81,0,0,35.52,1359.6,7.83759929390998,2,2,8,1,0
4,129.92,5,0,36,0,78,1,2,2.2,649.6,1.69334975369458,0,1,9,2,0
2,207.34,2,0,58,0,42,2,0,38.86,414.68,18.7421626314266,1,2,5,4,0
3,42.21,3,0,38,1,78,2,0,11.93,126.63,28.2634446813551,0,1,9,6,1
0,183.73,5,0,32,1,7,3,1,25.39,918.65,13.8191912044848,1,1,4,0,0
0,26.11,1,0,29,1,29,2,1,48.97,26.11,187.552661815396,0,1,12,2,0
4,457.61,1,1,29,1,47,0,2,47.76,457.61,10.4368348593781,2,1,4,0,0
1,415.54,5,1,21,0,3,0,1,2.91,2077.7,0.700293593877846,2,0,12,6,1
4,126.36,1,0,33,1,31,0,0,42.96,126.36,33.9981006647673,0,1,9,3,0
0,385.48,4,1,49,0,7,1,1,22.39,1541.92,5.8083428452838,2,2,2,2,0
0,252.01,1,0,64,0,74,0,1,29.81,252.01,11.8288956787429,1,3,3,6,1
0,176.62,4,0,36,0,71,3,1,32.71,706.48,18.5199864115049,1,1,10,6,1
2,374.89,2,1,46,1,30,0,1,37.56,749.78,10.0189388887407,2,2,8,3,0
1,286.59,4,1,35,0,62,0,2,21.08,1146.36,7.35545552880422,1,1,5,4,0
1,488.14,1,1,66,0,33,0,1,28.88,488.14,5.91633547752694,2,3,5,0,0
3,210.76,1,0,48,1,32,1,1,29.97,210.76,14.2199658379199,1,2,1,3,0
1,479.67,5,1,19,0,8,2,0,5.28,2398.35,1.10075677027957,2,0,4,0,0
4,334.8,1,1,61,0,39,0,0,43.79,334.8,13.0794504181601,1,3,5,5,1
4,31,4,0,18,1,81,3,2,34.46,124,111.161290322581,0,0,5,5,1
0,127.51,5,0,33,0,87,3,1,18.27,637.55,14.3282879774135,0,1,11,5,1
3,395.26,1,0,59,0,29,2,2,8.29,395.26,2.0973536406416,2,2,6,0,0
2,288.89,1,1,27,0,90,2,2,41.22,288.89,14.2684066599744,1,1,2,4,0
0,104.18,1,0,47,0,63,0,2,14.2,104.18,13.6302553273181,0,2,6,2,0
4,95.7,2,0,41,1,40,3,2,42.91,191.4,44.8380355276907,0,2,1,4,0
4,223.69,4,0,69,0,89,0,1,11.12,894.76,4.9711654521883,1,3,1,4,0
4,469.94,4,1,51,1,14,2,1,38.56,1879.76,8.20530280461336,2,2,8,4,0
0,458.94,1,1,53,1,30,3,1,42.47,458.94,9.25393297598815,2,2,8,0,0
0,129.99,4,0,66,1,3,2,0,19.26,519.96,14.8165243480268,0,3,12,2,0
0,281.14,1,0,65,0,9,1,2,23.46,281.14,8.34459699793697,1,3,4,2,0
4,68.97,2,0,46,1,59,3,2,27.98,137.94,40.5683630564013,0,2,5,6,1
3,385.41,5,1,40,0,75,2,1,33.37,1927.05,8.65831192755766,2,1,9,2,0
1,167.55,1,0,62,0,26,3,1,26.71,167.55,15.9415099970158,0,3,7,2,0
0,62.24,1,0,27,0,2,1,2,15.16,62.24,24.3573264781491,0,1,11,4,0
4,465.36,1,1,55,1,47,1,1,11.18,465.36,2.40244112085267,2,2,7,3,0
0,380.5,2,1,70,1,5,1,0,44.84,761,11.784494086728,2,3,8,3,0
2,188.4,2,0,60,0,61,3,2,36.3,376.8,19.2675159235669,1,2,5,0,0
4,81.46,3,0,19,0,86,0,0,3.35,244.38,4.11244782715443,0,0,9,5,1
2,223.6,5,1,28,1,76,1,0,18.67,1118,8.34973166368515,1,1,7,2,0
3,276.76,3,1,31,1,77,2,1,41.42,830.28,14.9660355542709,1,1,1,3,0
0,65.7,4,1,48,1,24,0,2,45.67,262.8,69.5129375951294,0,2,5,4,0
2,158.13,5,0,61,1,14,0,1,46.54,790.65,29.4314804274964,0,3,12,2,0
1,62.37,3,0,56,1,13,0,2,13.04,187.11,20.9074875741542,0,2,7,2,0
4,15.12,5,0,53,1,62,2,1,30.53,75.6,201.917989417989,0,2,4,2,0
1,347.87,4,1,50,0,81,1,2,49.6,1391.48,14.2581999022623,2,2,11,4,0
0,312.57,4,1,52,1,18,0,1,38.01,1250.28,12.1604760533641,1,2,5,2,0
1,423.25,3,1,47,1,2,1,0,22.97,1269.75,5.42705256940343,2,2,12,4,0
3,278.48,2,0,28,1,49,0,1,27.78,556.96,9.97558172938811,1,1,9,6,1
2,26.55,4,0,45,1,12,3,1,18.67,106.2,70.3201506591337,0,2,10,4,0
0,38.18,5,1,18,0,93,0,2,35.73,190.9,93.5830277632268,0,0,5,2,0
0,287.52,3,1,46,1,65,3,0,24.85,862.56,8.64287701725097,1,2,4,4,0
3,270.31,2,1,31,1,84,3,0,28.89,540.62,10.6877289038511,1,1,6,0,0
1,464.35,3,1,46,1,6,0,0,43.06,1393.05,9.27317756003015,2,2,11,5,1
3,477.52,1,1,44,0,10,0,1,15.18,477.52,3.17892444295527,2,2,7,2,0
2,196.11,2,0,29,0,38,2,0,47.97,392.22,24.4607618173474,1,1,9,0,0
4,144.44,2,0,70,1,5,2,1,33.41,288.88,23.1307117142066,0,3,1,6,1
4,14.49,2,0,49,0,27,3,2,16.45,28.98,113.526570048309,0,2,10,1,0
4,289.17,5,1,45,0,8,0,0,12.87,1445.85,4.45066915655151,1,2,11,2,0
2,442.06,2,0,21,0,47,1,0,4.42,884.12,0.999864271818305,2,0,7,4,0
0,92.63,3,0,42,1,38,2,0,14.96,277.89,16.1502752887833,0,2,1,6,1
3,20.08,3,0,25,0,70,1,2,12.39,60.24,61.703187250996,0,0,8,5,1
1,396.16,1,0,45,0,57,0,1,1.66,396.16,0.419022617124394,2,2,11,2,0
2,271.68,1,1,23,0,59,2,1,22.55,271.68,8.30020612485277,1,0,10,0,0
1,382.22,3,1,45,1,25,0,1,47.5,1146.66,12.4273978337083,2,2,4,4,0
4,257.36,5,1,39,1,54,3,0,32.98,1286.8,12.8147342244327,1,1,2,3,0
3,97.12,2,0,50,1,43,0,0,28.77,194.24,29.6231466227348,0,2,3,2,0
1,29.45,2,0,46,1,69,3,1,5.96,58.9,20.2376910016978,0,2,3,4,0
1,123.51,2,0,34,0,0,3,2,42.85,247.02,34.693547081208,0,1,7,3,0
2,245.76,1,0,63,0,9,2,1,9.81,245.76,3.99169921875,1,3,10,4,0
4,52.45,1,0,37,1,2,0,2,10.93,52.45,20.838894184938,0,1,4,0,0
4,85.32,1,0,27,0,78,0,1,0.17,85.32,0.199249882794187,0,1,6,1,0
2,239.75,1,0,62,1,23,3,0,5.09,239.75,2.12304483837331,1,3,4,1,0
4,157.69,1,0,63,1,84,2,1,44.97,157.69,28.5179783118777,0,3,3,2,0
3,86.81,5,0,70,1,56,1,2,3.37,434.05,3.88204123948854,0,3,7,5,1
2,237.61,5,0,32,0,87,1,2,6.12,1188.05,2.5756491730146,1,1,7,0,0
4,157.45,5,1,48,1,45,2,2,44.32,787.25,28.1486186090823,0,2,2,5,1
2,91.5,5,0,24,0,82,0,0,20.05,457.5,21.9125683060109,0,0,11,4,0
2,49.7,2,0,18,0,94,2,0,31.26,99.4,62.897384305835,0,0,9,0,0
3,294.89,2,0,44,0,49,0,1,26.62,589.78,9.02709484892672,1,2,8,6,1
2,84.2,2,0,36,1,80,3,0,11.5,168.4,13.6579572446556,0,1,10,2,0
2,422.42,5,1,37,1,0,0,1,1.15,2112.1,0.272240897684769,2,1,5,6,1
1,497.62,3,1,23,1,12,3,0,39.19,1492.86,7.87548731964149,2,0,5,0,0
3,130.2,4,0,70,1,60,3,1,19.29,520.8,14.815668202765,0,3,1,5,1
4,353.81,4,0,55,0,25,1,1,2.84,1415.24,0.802690709702948,2,2,1,4,0
1,406.1,1,1,67,1,70,3,1,48.21,406.1,11.8714602314701,2,3,7,4,0
3,314.01,2,0,60,0,27,0,0,14.03,628.02,4.46801057291169,1,2,6,5,1
4,199.43,1,0,41,0,87,2,1,46.3,199.43,23.2161660733089,1,2,7,0,0
3,238.43,2,1,48,1,55,1,2,45.81,476.86,19.2131862601183,1,2,10,0,0
0,219.66,3,0,46,0,93,2,1,25.77,658.98,11.7317672767004,1,2,9,6,1
3,247.57,2,1,38,0,93,0,0,39.13,495.14,15.8056307307024,1,1,10,6,1
1,262.35,4,1,65,0,76,2,0,46.65,1049.4,17.7815894797027,1,3,5,4,0
0,463.65,2,1,61,0,93,0,1,19.59,927.3,4.22516984794565,2,3,8,3,0
4,453.15,2,0,44,0,42,2,0,13.87,906.3,3.06079664570231,2,2,12,1,0
1,16.98,2,0,48,0,44,0,1,42.56,33.96,250.647820965842,0,2,9,3,0
0,196.73,4,0,64,1,82,2,2,40.31,786.92,20.4900116911503,1,3,12,3,0
4,318.09,5,1,68,0,24,2,1,35.87,1590.45,11.2766826998648,1,3,2,2,0
4,37.23,3,0,23,0,57,3,0,25.55,111.69,68.6274509803922,0,0,11,4,0
1,353,3,1,53,1,99,0,0,33.86,1059,9.59206798866856,2,2,12,2,0
0,337.73,3,1,27,0,14,2,2,18.19,1013.19,5.38595919817606,2,1,1,1,0
2,361.16,2,0,24,1,28,1,1,28.5,722.32,7.89123933990475,2,0,7,6,1
4,20.68,4,0,31,0,29,0,1,5.29,82.72,25.5802707930368,0,1,2,2,0
4,394.76,4,1,53,1,27,1,2,19.59,1579.04,4.96250886614652,2,2,9,3,0
2,350.64,5,1,54,0,18,3,0,13.76,1753.2,3.92425279488935,2,2,5,4,0
0,294.5,2,1,20,0,3,2,2,18.44,589,6.26146010186757,1,0,1,4,0
2,117.92,2,0,56,0,82,1,1,16.48,235.84,13.9755766621438,0,2,3,2,0
3,191.62,3,0,50,0,94,0,1,20.41,574.86,10.651289009498,1,2,2,1,0
1,427.69,2,1,53,0,98,2,2,48.04,855.38,11.2324347073815,2,2,1,4,0
3,304.19,2,0,69,1,76,1,2,17.83,608.38,5.86146816134653,1,3,2,2,0
3,105.22,2,0,46,0,20,2,0,25.62,210.44,24.3489830830641,0,2,3,0,0
4,326.91,3,1,36,1,29,1,2,29.14,980.73,8.9137683154385,1,1,2,3,0
4,310.36,3,1,60,1,7,0,0,38.16,931.08,12.2953988916097,1,2,8,2,0
0,444.01,1,1,65,0,82,3,0,30.48,444.01,6.86471025427355,2,3,7,4,0
2,68.9,1,0,36,1,79,3,2,43.98,68.9,63.8316400580551,0,1,1,5,1
3,328.86,4,1,57,0,8,2,2,22.83,1315.44,6.94216383871556,1,2,5,4,0
0,98.3,1,0,61,0,9,0,1,38.96,98.3,39.6337741607325,0,3,9,1,0
1,323.75,1,1,46,1,33,3,2,41.43,323.75,12.7969111969112,1,2,2,5,1
2,454.03,5,1,65,0,60,2,0,37.58,2270.15,8.27698610223994,2,3,12,4,0
1,357.2,5,1,36,1,82,3,1,40.98,1786,11.4725643896977,2,1,6,5,1
1,437.88,2,1,27,0,4,2,1,36.86,875.76,8.41783136932493,2,1,7,0,0
2,316.65,4,1,39,0,23,1,2,22.65,1266.6,7.15300805305542,1,1,2,5,1
3,377.71,5,1,20,1,51,0,0,19.06,1888.55,5.04619946519817,2,0,10,0,0
1,75.04,1,0,31,0,74,3,0,15.18,75.04,20.22921108742,0,1,11,3,0
3,168.91,2,1,57,1,89,2,2,42.55,337.82,25.1909300811083,0,2,2,4,0
2,339.59,4,1,20,0,94,0,0,23.01,1358.36,6.77581789805354,2,0,5,0,0
1,150.48,2,0,38,0,94,3,0,18.58,300.96,12.3471557682084,0,1,5,4,0
0,453.8,4,1,57,0,10,3,0,36.53,1815.2,8.04980167474658,2,2,3,1,0
2,396.16,4,1,19,1,0,0,1,40.98,1584.64,10.3443053311793,2,0,5,5,1
3,29.75,5,0,32,1,83,2,0,7.34,148.75,24.672268907563,0,1,12,6,1
3,239.29,4,1,35,1,86,3,0,25.74,957.16,10.7568222658699,1,1,9,5,1
2,185.82,5,0,53,0,32,2,0,24.92,929.1,13.4108276827037,1,2,6,0,0
0,235.91,4,0,41,0,50,3,0,4.34,943.64,1.83968462549277,1,2,5,6,1
4,229.3,5,1,36,1,21,2,2,33.04,1146.5,14.4090710859137,1,1,8,3,0
3,64.23,5,0,34,0,39,2,0,26.28,321.15,40.91546006539,0,1,10,1,0
4,198.84,3,0,31,1,17,0,1,12.06,596.52,6.06517803258902,1,1,10,4,0
0,322.04,4,1,52,1,84,2,0,27.26,1288.16,8.46478698298348,1,2,9,5,1
3,443.01,2,1,64,1,98,2,1,47.16,886.02,10.6453578925984,2,3,4,5,1
3,290.61,3,0,36,0,61,1,0,10.16,871.83,3.4960944220777,1,1,10,3,0
4,220.22,3,1,19,0,47,0,2,24.78,660.66,11.2523839796567,1,0,6,4,0
2,83.78,4,0,45,1,44,0,0,20.65,335.12,24.6478873239437,0,2,9,0,0
4,58.72,5,0,20,1,56,3,0,26.43,293.6,45.0102179836512,0,0,10,1,0
2,402.03,4,0,41,0,23,3,0,3.5,1608.12,0.870581797378305,2,2,6,6,1
3,372.25,1,0,46,1,85,1,0,17.99,372.25,4.83277367360645,2,2,2,0,0
3,336.99,5,1,47,1,9,0,0,4.58,1684.95,1.35909077420695,2,2,10,5,1
2,160.9,4,0,55,0,50,1,0,40.55,643.6,25.2019888129273,0,2,5,4,0
2,300.93,3,1,36,0,0,0,0,32.16,902.79,10.6868707008274,1,1,10,0,0
4,158.57,2,1,42,0,83,2,0,40.83,317.14,25.7488806205461,0,2,5,0,0
1,28.8,4,0,20,0,93,2,2,44.79,115.2,155.520833333333,0,0,11,3,0
4,430.34,4,1,28,0,39,0,0,15.63,1721.36,3.63201189756936,2,1,4,2,0
1,454.44,2,1,41,1,88,1,2,14.96,908.88,3.29196373558666,2,2,9,6,1
4,486.85,2,1,26,0,31,3,1,6.7,973.7,1.37619389955839,2,1,4,4,0
3,147.5,2,0,65,1,61,0,1,1.83,295,1.2406779661017,0,3,8,0,0
4,309.96,4,0,55,1,73,3,0,12.12,1239.84,3.91018195896245,1,2,4,3,0
3,428.19,1,0,48,1,61,2,1,9.6,428.19,2.24199537588454,2,2,9,6,1
2,76.9,3,0,18,1,5,0,2,31.84,230.7,41.4044213263979,0,0,8,2,0
1,346.68,3,0,69,0,92,3,1,24.49,1040.04,7.06415137879312,2,3,12,6,1
0,332.06,2,1,47,1,81,1,1,43.93,664.12,13.2295368306933,1,2,8,5,1
2,307.88,3,0,28,1,38,3,0,28.97,923.64,9.40951019877875,1,1,9,2,0
3,438.48,1,1,43,0,43,3,2,48.25,438.48,11.0039226418537,2,2,7,0,0
2,11.7,5,0,55,1,93,0,2,26.1,58.5,223.076923076923,0,2,3,3,0
3,34.6,4,0,58,0,21,3,1,19.68,138.4,56.878612716763,0,2,3,3,0
2,246.12,4,0,52,1,27,0,1,14.1,984.48,5.72891272549976,1,2,6,3,0
2,321.29,5,1,64,0,99,3,1,48.96,1606.45,15.2385695166361,1,3,8,0,0
2,292.85,4,1,69,1,21,2,0,41.5,1171.4,14.1710773433498,1,3,10,4,0
4,44.66,5,0,28,1,23,0,0,19.43,223.3,43.5064935064935,0,1,8,4,0
1,281.12,3,1,54,1,70,0,1,30.03,843.36,10.6822709163347,1,2,10,1,0
1,406.07,5,1,23,1,39,0,1,31.11,2030.35,7.66124067279041,2,0,7,4,0
4,310.29,4,0,68,0,86,3,0,3.85,1241.16,1.24077475909633,1,3,7,5,1
1,263.48,4,0,38,1,96,0,0,25.39,1053.92,9.63640504023076,1,1,11,4,0
3,143.03,1,0,24,1,76,0,2,12.09,143.03,8.4527721457037,0,0,5,0,0
3,186.49,3,0,39,1,67,1,2,28.96,559.47,15.5289827872808,1,1,10,0,0
4,366.16,3,0,61,0,30,1,0,22.19,1098.48,6.06019226567621,2,3,11,6,1
1,119.94,1,0,35,1,35,0,1,37.03,119.94,30.8737702184426,0,1,3,1,0
1,17.41,4,0,61,0,7,0,2,6.13,69.64,35.2096496266514,0,3,7,5,1
4,462.05,4,1,61,1,19,3,2,31.42,1848.2,6.80012985607618,2,3,10,5,1
0,445.23,3,0,36,1,6,1,0,13.43,1335.69,3.01641848033601,2,1,12,4,0
3,365.01,2,1,66,1,62,0,1,23.02,730.02,6.30667652941015,2,3,4,0,0
1,388.34,2,1,48,1,53,3,2,16.03,776.68,4.12782613174023,2,2,2,5,1
0,377.38,5,1,59,1,63,3,2,19.88,1886.9,5.26789972971541,2,2,11,2,0
3,436.91,2,1,25,0,72,2,1,43.12,873.82,9.86930946876931,2,0,4,2,0
4,246.46,2,1,41,0,79,1,2,45.18,492.92,18.3315751034651,1,2,10,4,0
1,253.17,4,1,27,0,82,0,2,47.68,1012.68,18.8331950863057,1,1,11,6,1
1,432.9,3,1,49,1,59,0,2,3.25,1298.7,0.750750750750751,2,2,6,4,0
0,453.33,2,1,21,0,92,3,2,43.48,906.66,9.59124699446319,2,0,3,6,1
3,211.81,4,0,65,1,90,1,0,16.49,847.24,7.78527925971389,1,3,12,2,0
0,253.2,4,1,32,1,4,1,2,33.16,1012.8,13.0963665086888,1,1,2,3,0
3,176.36,3,1,18,1,5,1,1,38.96,529.08,22.0911771376729,1,0,6,6,1
1,205.54,1,0,51,0,53,2,1,39.84,205.54,19.3830884499368,1,2,1,1,0
4,265.7,4,0,54,0,18,2,0,5.06,1062.8,1.90440346255175,1,2,10,6,1
1,70.62,4,1,45,0,14,0,2,40.35,282.48,57.1367884451997,0,2,8,3,0
1,295.12,5,1,33,0,28,2,1,36.27,1475.6,12.2899159663866,1,1,12,1,0
4,155.02,2,0,61,0,16,1,0,47.45,310.04,30.6089536833957,0,3,12,1,0
4,379.48,2,0,54,0,51,1,0,14.71,758.96,3.87635712026984,2,2,7,4,0
2,48.91,2,0,39,0,4,2,1,13.23,97.82,27.0496830913924,0,1,12,2,0
4,155.6,3,0,29,0,59,0,0,14.39,466.8,9.24807197943445,0,1,7,1,0
4,165.4,5,1,44,0,23,0,1,34.95,827,21.130592503023,0,2,9,6,1
1,330.35,1,0,67,1,1,2,2,18.32,330.35,5.54563341910095,1,3,2,3,0
1,404.72,5,1,38,0,49,3,0,5,2023.6,1.23542202016209,2,1,8,2,0
2,129.24,4,0,51,1,94,1,1,14.41,516.96,11.1497988238935,0,2,7,6,1
4,428.17,3,1,22,1,95,1,0,27.27,1284.51,6.36896559777658,2,0,7,5,1
4,40.94,3,0,26,0,33,1,1,25.54,122.82,62.3839765510503,0,1,6,6,1
1,157.29,1,0,44,1,65,3,0,37.58,157.29,23.8921736919067,0,2,1,5,1
4,75.15,5,0,44,0,96,1,0,17.74,375.75,23.606121091151,0,2,9,4,0
4,32.58,4,1,23,1,51,3,0,45.1,130.32,138.428483732351,0,0,10,0,0
4,280.94,3,1,62,0,75,0,0,43.06,842.82,15.3271161102015,1,3,11,1,0
3,145.56,4,0,18,1,1,1,1,27.63,582.24,18.9818631492168,0,0,3,0,0
0,236.83,2,0,37,0,11,1,2,31.25,473.66,13.1951188616307,1,1,5,3,0
0,485.7,2,1,20,0,15,3,0,12.69,971.4,2.61272390364423,2,0,10,2,0
2,35,4,0,53,1,20,2,0,33.03,140,94.3714285714286,0,2,6,6,1
2,345.32,2,1,41,0,70,3,0,32.1,690.64,9.29572570369512,2,2,3,5,1
1,220.08,2,0,54,1,89,2,1,35.78,440.16,16.2577244638313,1,2,10,0,0
2,77.17,2,0,44,1,54,3,0,42.14,154.34,54.6067124530258,0,2,5,5,1
1,187.85,5,0,44,0,63,0,1,4.22,939.25,2.24647324993346,1,2,6,2,0
1,430.94,3,1,46,1,29,0,2,33.38,1292.82,7.74585789204994,2,2,5,2,0
2,100.88,3,0,68,0,23,0,2,22.92,302.64,22.7200634417129,0,3,7,1,0
0,357.79,4,0,46,0,26,1,0,8.08,1431.16,2.25830794600185,2,2,8,0,0
2,6.36,4,1,60,0,17,3,2,39.07,25.44,614.308176100629,0,2,8,3,0
3,18.56,3,0,53,1,46,0,1,17.94,55.68,96.6594827586207,0,2,5,2,0
1,133.81,1,0,56,1,22,3,2,10.32,133.81,7.712428069651,0,2,11,5,1
2,120.22,5,0,28,1,93,0,1,22.64,601.1,18.8321410746964,0,1,1,4,0
1,166.01,1,1,25,0,63,1,2,48.87,166.01,29.4379856635143,0,0,7,6,1
4,50.79,5,0,55,0,83,0,2,4.45,253.95,8.76156723764521,0,2,12,1,0
3,489.21,1,1,62,0,5,3,1,31.19,489.21,6.37558512704156,2,3,11,2,0
4,339.69,2,1,33,1,91,2,2,44.14,679.38,12.9942005946598,2,1,3,4,0
2,483.14,4,1,51,1,10,1,2,26.17,1932.56,5.41664941838805,2,2,11,5,1
4,369.19,3,1,56,1,37,0,1,49.5,1107.57,13.4077304369024,2,2,7,0,0
2,261.04,4,1,41,0,12,1,2,11.48,1044.16,4.39779344161814,1,2,6,6,1
3,316.67,4,0,47,1,71,2,0,7.73,1266.68,2.44102693655856,1,2,4,4,0
4,487.87,5,1,33,0,22,3,0,6.04,2439.35,1.23803472236456,2,1,11,1,0
0,382.49,5,1,32,1,12,3,0,11.49,1912.45,3.0040001045779,2,1,10,3,0
3,80.79,5,0,52,0,35,1,1,28.85,403.95,35.7098650823122,0,2,3,5,1
2,458.45,5,1,33,0,38,2,2,31.26,2292.25,6.81862798560367,2,1,8,3,0
0,393.45,5,1,39,1,93,1,1,39.46,1967.25,10.0292286186301,2,1,3,2,0
3,287.51,1,1,43,1,79,0,1,49.43,287.51,17.1924454801572,1,2,9,4,0
2,206.28,3,0,57,0,88,1,0,7.1,618.84,3.44192359899166,1,2,9,6,1
1,417.13,5,1,35,1,36,3,1,7.75,2085.65,1.85793397741711,2,1,3,5,1
3,288.51,2,1,67,0,18,2,0,25.31,577.02,8.77265952653288,1,3,1,0,0
1,392.86,5,1,20,1,30,2,1,45.47,1964.3,11.5740976429262,2,0,1,6,1
2,376.97,1,1,33,1,99,1,0,29.27,376.97,7.76454359763376,2,1,2,2,0
1,223.71,1,0,62,1,25,3,1,25.1,223.71,11.219882884091,1,3,3,6,1
4,147.83,2,1,61,0,39,1,1,43.9,295.66,29.6962727457214,0,3,9,1,0
2,194.41,4,0,64,1,24,2,2,29.12,777.64,14.9786533614526,1,3,10,1,0
0,290.6,4,0,35,1,5,2,0,7.37,1162.4,2.53613214039917,1,1,4,2,0
4,192.96,3,0,23,0,49,3,0,14.46,578.88,7.49378109452736,1,0,9,0,0
1,84.35,3,0,59,0,21,1,1,27.39,253.05,32.4718435091879,0,2,8,1,0
1,207.1,2,0,19,1,2,3,1,32.31,414.2,15.6011588604539,1,0,1,0,0
2,476.4,1,0,39,1,47,3,1,17.86,476.4,3.74895046179681,2,1,12,1,0
3,339.35,1,1,56,0,55,1,1,28.5,339.35,8.39840872255783,2,2,9,5,1
0,141.12,1,0,30,0,74,0,2,43.14,141.12,30.5697278911565,0,1,10,3,0
1,329.73,2,1,61,1,71,2,1,9.55,659.46,2.89630910138598,1,3,8,0,0
3,430.23,4,1,44,0,7,2,1,7.15,1720.92,1.66190177347,2,2,5,4,0
1,53.28,5,0,36,1,88,1,0,27.64,266.4,51.8768768768769,0,1,1,6,1
3,73.19,3,0,19,0,42,2,0,12.41,219.57,16.9558682880175,0,0,5,0,0
2,195.17,1,0,57,1,70,3,0,3.91,195.17,2.00338166726444,1,2,11,0,0
2,388.65,1,0,63,1,9,1,2,4.45,388.65,1.14498906471118,2,3,12,2,0
3,204.1,5,0,66,0,2,0,0,17.7,1020.5,8.67221950024498,1,3,12,3,0
0,482.64,3,1,18,0,39,3,1,17.64,1447.92,3.65489806066634,2,0,11,4,0
0,366.74,5,1,35,0,9,3,2,19.37,1833.7,5.28167093853957,2,1,6,0,0
1,147.66,3,0,63,1,37,2,2,38.62,442.98,26.154679669511,0,3,9,3,0
2,304.48,5,1,46,1,47,3,2,38.98,1522.4,12.8021544929059,1,2,10,3,0
4,7.2,3,0,61,1,63,0,1,7.77,21.6,107.916666666667,0,3,12,5,1
0,58.69,5,0,42,1,84,0,0,35.7,293.45,60.8280797410121,0,2,1,0,0
2,131.28,3,0,56,1,0,3,2,20.26,393.84,15.4326630103595,0,2,2,2,0
3,202.37,3,0,46,0,62,3,2,3.96,607.11,1.95681178040223,1,2,5,5,1
2,375.29,1,1,65,1,62,3,1,44.52,375.29,11.8628260811639,2,3,9,0,0
1,341.64,5,1,67,0,53,3,0,17.55,1708.2,5.13698630136986,2,3,6,5,1
1,261.37,4,1,34,1,84,0,2,23.33,1045.48,8.92604353980947,1,1,5,1,0
3,424.92,3,1,25,0,31,0,1,18.5,1274.76,4.35376070789796,2,0,8,1,0
2,313.63,1,0,24,0,98,2,0,14.91,313.63,4.75400950164206,1,0,3,5,1
1,241.08,5,0,38,0,42,1,0,6.76,1205.4,2.80404844864775,1,1,7,5,1
0,119.66,5,0,27,1,61,3,2,19.02,598.3,15.8950359351496,0,1,5,1,0
4,427.95,3,1,32,0,17,2,1,9.16,1283.85,2.14043696693539,2,1,8,2,0
1,205.16,1,0,53,1,31,2,1,36.69,205.16,17.8836030415286,1,2,4,4,0
0,473.88,5,1,64,0,21,1,2,7.98,2369.4,1.6839706254748,2,3,5,2,0
1,320.18,1,1,53,0,73,2,0,40.96,320.18,12.7928040477232,1,2,6,2,0
0,496.84,3,1,38,0,13,1,1,30.27,1490.52,6.0925046292569,2,1,8,6,1
0,116.64,4,0,28,0,10,0,0,10.8,466.56,9.25925925925926,0,1,12,1,0
3,217.71,1,0,63,0,69,1,2,1.43,217.71,0.656837076845345,1,3,8,6,1
2,86.08,3,0,26,0,64,3,2,11.54,258.24,13.4061338289963,0,1,10,6,1
0,129.83,4,0,35,0,81,3,2,29.54,519.32,22.752830624663,0,1,9,3,0
4,238.17,2,0,60,0,17,2,2,35.53,476.34,14.9179157744468,1,2,7,1,0
4,257.88,4,1,21,1,16,2,0,29.02,1031.52,11.2532961067163,1,0,9,4,0
2,147.65,1,0,62,0,8,0,1,37.87,147.65,25.6484930579072,0,3,10,3,0
0,48.03,1,0,31,1,27,3,2,16.65,48.03,34.6658338538413,0,1,9,6,1
1,497.43,2,1,68,1,90,1,2,17.75,994.86,3.56834127414913,2,3,3,0,0
1,393.95,4,1,66,0,68,1,1,16.94,1575.8,4.30003807589796,2,3,1,2,0
3,13.95,5,0,68,1,41,1,1,37.74,69.75,270.537634408602,0,3,10,1,0
4,396.48,5,1,36,0,7,1,2,15.62,1982.4,3.93966908797417,2,1,3,3,0
1,290.74,2,0,21,0,14,2,1,4.64,581.48,1.59592763293664,1,0,7,2,0
4,200.21,1,0,70,0,87,3,0,20.77,200.21,10.3741071874532,1,3,6,3,0
3,473.54,3,1,42,0,1,3,2,11.05,1420.62,2.33348819529501,2,2,2,2,0
2,312.65,2,0,26,0,61,2,1,17.89,625.3,5.72205341436111,1,1,5,1,0
0,332.72,1,0,33,1,27,0,2,31.61,332.72,9.50048088482808,1,1,8,5,1
3,469.97,2,1,34,1,60,0,1,33.11,939.94,7.04513054024725,2,1,4,2,0
1,158.02,5,0,31,1,57,3,1,30.36,790.1,19.2127578787495,0,1,8,1,0
3,122.15,2,0,29,0,12,2,0,18.71,244.3,15.3172329103561,0,1,6,1,0
2,482.22,3,1,22,0,57,1,0,28.88,1446.66,5.98896769109535,2,0,3,2,0
4,31.31,2,0,56,1,93,2,2,4.06,62.62,12.9671031619291,0,2,10,4,0
2,404.06,3,1,44,1,42,0,1,15.77,1212.18,3.90288571004306,2,2,12,3,0
4,83.23,3,0,34,0,49,3,1,17.58,249.69,21.1221915174817,0,1,11,4,0
3,167.63,1,0,19,0,49,3,2,17.7,167.63,10.5589691582652,0,0,7,4,0
3,302.05,3,0,38,1,79,1,1,12.53,906.15,4.14831981460023,1,1,3,0,0
2,106.54,5,0,25,0,6,1,1,22.27,532.7,20.9029472498592,0,0,4,2,0
1,391.61,3,0,41,0,83,2,2,4.67,1174.83,1.19251295932177,2,2,2,1,0
2,201.88,2,0,33,1,82,1,0,45.17,403.76,22.3746780265504,1,1,7,3,0
2,337.71,3,0,33,0,8,0,0,5.31,1013.13,1.5723549791241,2,1,9,4,0
4,431.61,1,1,37,1,47,0,2,16.1,431.61,3.73021941104238,2,1,12,3,0
1,443.96,1,0,56,0,77,2,1,7.09,443.96,1.59699071988467,2,2,7,0,0
2,395.66,2,1,57,1,16,3,2,49,791.32,12.3843704190467,2,2,4,4,0
4,50.38,3,0,18,0,31,2,0,43.03,151.14,85.4108773322747,0,0,4,3,0
3,195.11,4,0,54,1,30,0,0,8.12,780.44,4.16175490748808,1,2,7,6,1
1,51.47,3,0,65,0,15,1,2,28.6,154.41,55.5663493297066,0,3,12,1,0
1,92.97,3,0,37,1,78,2,0,28.95,278.91,31.1390771216522,0,1,3,5,1
0,102.1,5,0,51,1,38,3,2,32.15,510.5,31.488736532811,0,2,7,6,1
0,434.47,5,1,20,0,18,1,1,10.6,2172.35,2.43975418325776,2,0,5,5,1
1,44.18,4,0,42,0,68,1,0,7.59,176.72,17.1797193300136,0,2,7,3,0
1,498.14,3,0,47,1,46,0,0,23.13,1494.42,4.64327297546874,2,2,3,6,1
1,90.75,3,0,21,1,19,3,0,38.39,272.25,42.3030303030303,0,0,9,0,0
2,163.79,1,0,47,0,10,2,0,7.25,163.79,4.42639965809879,0,2,7,6,1
1,328.67,1,0,48,1,45,2,1,4.43,328.67,1.34785651261143,1,2,4,5,1
4,97.04,3,0,41,0,43,1,1,7.01,291.12,7.22382522671063,0,2,5,2,0
2,325.09,2,0,64,0,9,3,1,21.63,650.18,6.65354209603495,1,3,5,4,0
0,439.37,4,1,24,0,20,0,0,41.61,1757.48,9.47037804128639,2,0,10,3,0
0,161.55,2,0,64,1,80,2,0,20.35,323.1,12.5967192819561,0,3,12,4,0
2,200.61,4,0,60,0,97,2,2,15.72,802.44,7.83609989531928,1,2,6,2,0
2,114.31,3,0,39,0,97,0,0,4.47,342.93,3.91041903595486,0,1,10,1,0
3,39.86,4,0,51,1,40,1,1,38.55,159.44,96.7134972403412,0,2,12,1,0
1,138.54,4,1,24,1,74,1,0,12.14,554.16,8.76281218420673,0,0,9,0,0
2,315.58,2,0,21,1,52,2,1,12.15,631.16,3.85005386906648,1,0,1,5,1
3,421.6,5,1,52,0,74,2,1,16.92,2108,4.01328273244782,2,2,9,4,0
2,480.7,3,1,33,1,32,0,0,48.51,1442.1,10.091533180778,2,1,8,3,0
4,8.73,4,0,68,1,27,1,1,22.07,34.92,252.806414662085,0,3,11,0,0
3,83.51,4,0,43,0,39,3,1,48.33,334.04,57.8733085857981,0,2,9,4,0
4,63.84,5,0,58,0,33,3,1,26.26,319.2,41.1340852130326,0,2,2,4,0
3,103.21,4,0,41,0,11,1,0,11.13,412.84,10.7838387753125,0,2,8,5,1
0,297.23,2,1,29,0,36,3,1,34.15,594.46,11.4894189684756,1,1,4,4,0
3,434.11,5,1,19,0,52,1,1,31.17,2170.55,7.18020778143788,2,0,11,3,0
3,85.87,3,1,28,1,69,0,1,36.96,257.61,43.0418073832538,0,1,3,4,0
4,190.61,3,0,37,1,60,0,2,37.53,571.83,19.6894181837259,1,1,1,4,0
4,439.65,1,1,51,0,31,1,2,34.33,439.65,7.80848402138064,2,2,11,2,0
2,374.13,2,1,39,1,52,3,0,43.49,748.26,11.6243017133082,2,1,2,4,0
2,121.34,4,0,47,0,74,1,0,0.43,485.36,0.354376133179496,0,2,7,0,0
0,328.62,4,1,36,1,32,2,2,41.27,1314.48,12.5585782971213,1,1,3,2,0
1,114.68,2,0,49,1,55,3,1,16.91,229.36,14.7453784443669,0,2,3,4,0
3,337.06,1,0,70,1,13,1,2,3.92,337.06,1.16299768587195,2,3,7,3,0
1,487.08,5,1,35,0,92,2,1,37.36,2435.4,7.67019791410035,2,1,7,2,0
2,148.79,1,0,51,0,68,2,1,48.39,148.79,32.5223469319175,0,2,5,3,0
3,364.06,3,1,39,1,5,1,0,23.55,1092.18,6.46871394825029,2,1,2,4,0
0,15.75,5,0,28,0,34,2,1,18.7,78.75,118.730158730159,0,1,11,1,0
2,491.06,2,1,18,0,30,2,1,28.28,982.12,5.75897039058364,2,0,9,3,0
4,262.56,5,1,21,0,30,2,2,48.97,1312.8,18.6509750152346,1,0,4,1,0
1,336.83,3,1,27,1,36,0,1,46.79,1010.49,13.8912804678918,2,1,1,0,0
0,228.33,4,1,49,0,71,3,1,25.68,913.32,11.2468795164893,1,2,7,1,0
0,205.48,1,0,67,1,53,0,2,27.59,205.48,13.4270975277399,1,3,6,4,0
1,34.33,3,0,53,0,94,0,1,45.1,102.99,131.371977861928,0,2,1,4,0
0,250.22,4,0,34,1,59,3,1,11.7,1000.88,4.67588522100552,1,1,6,2,0
2,426.64,4,0,49,1,6,0,1,1.35,1706.56,0.316426026626664,2,2,6,2,0
4,65.81,1,0,28,1,37,2,0,15.11,65.81,22.9600364686218,0,1,2,2,0
2,30.01,2,0,18,0,23,1,2,24.11,60.02,80.3398867044319,0,0,9,3,0
0,38.99,1,0,37,1,52,2,2,2.27,38.99,5.82200564247243,0,1,11,0,0
1,341.44,3,1,41,1,14,3,1,43.01,1024.32,12.5966494845361,2,2,4,3,0
3,357,3,0,49,0,13,3,1,1.69,1071,0.473389355742297,2,2,11,5,1
0,475.03,3,1,42,1,2,1,1,12.99,1425.09,2.73456413279161,2,2,5,3,0
1,403.24,5,1,36,1,0,2,0,9.63,2016.2,2.38815593691102,2,1,7,3,0
0,299.26,3,1,64,0,73,2,2,31.68,897.78,10.5861124106129,1,3,9,1,0
3,463.64,1,0,31,0,46,1,0,8.95,463.64,1.93037701665085,2,1,10,6,1
3,475,4,1,52,1,36,0,0,8.83,1900,1.85894736842105,2,2,3,4,0
1,462.66,2,1,48,0,48,1,1,40.9,925.32,8.84018501707517,2,2,3,0,0
4,55.13,4,0,55,1,40,0,0,22.78,220.52,41.3205151460185,0,2,2,0,0
3,244.76,1,1,53,0,85,2,0,47.38,244.76,19.3577381925151,1,2,9,4,0
4,470.36,1,1,34,1,64,2,1,21.25,470.36,4.5178161408283,2,1,10,0,0
1,417.16,2,1,18,1,39,3,2,16.49,834.32,3.95291974302426,2,0,2,4,0
4,437.81,3,0,42,0,87,1,2,0.14,1313.43,0.0319773417692606,2,2,12,6,1
0,37.79,4,0,58,0,17,0,1,27.71,151.16,73.3262767928023,0,2,1,1,0
4,120.71,2,0,42,0,5,0,1,43.13,241.42,35.7302626128738,0,2,6,1,0
4,470.32,4,1,54,1,15,3,0,32.69,1881.28,6.95058683449566,2,2,12,0,0
1,401.34,2,1,29,0,80,0,2,32.23,802.68,8.03059749838043,2,1,2,1,0
4,118.73,5,0,67,1,46,1,2,26.66,593.65,22.4543080939948,0,3,4,6,1
2,256.54,4,0,39,0,98,2,1,1.19,1026.16,0.463865284166212,1,1,10,1,0
1,110,2,0,28,1,40,0,1,25.83,220,23.4818181818182,0,1,4,5,1
3,100.7,4,0,42,1,4,2,0,27.51,402.8,27.3187686196624,0,2,2,0,0
3,293.92,2,0,52,0,1,0,0,9.56,587.84,3.25258573761568,1,2,12,1,0
3,248.85,3,1,70,0,72,2,0,32.38,746.55,13.0118545308419,1,3,2,6,1
0,311.17,1,0,35,0,46,3,0,3.56,311.17,1.14406915833789,1,1,12,6,1
1,468.44,3,1,37,0,29,3,1,12.34,1405.32,2.63427546750918,2,1,6,6,1
4,173.67,2,0,29,0,97,0,1,2.57,347.34,1.47981804571889,1,1,6,6,1
3,407.01,1,1,24,0,27,3,1,36.5,407.01,8.96783862804354,2,0,8,1,0
2,271.36,4,0,28,0,66,3,1,6.18,1085.44,2.27741745283019,1,1,9,3,0
3,47.16,3,0,51,0,13,3,0,41.19,141.48,87.3409669211196,0,2,4,6,1
3,5.27,4,0,63,0,19,1,0,22.11,21.08,419.544592030361,0,3,3,4,0
2,261.16,4,0,25,1,55,2,0,16.65,1044.64,6.37540205238168,1,0,6,6,1
0,183.05,2,1,22,0,8,3,0,46.58,366.1,25.4465992898115,1,0,6,5,1
0,136.87,1,0,68,0,22,0,0,34.15,136.87,24.9506831299774,0,3,7,1,0
2,211.99,3,0,27,0,57,3,2,10.58,635.97,4.99080145289872,1,1,12,3,0
4,80.05,5,0,41,0,73,2,1,48.51,400.25,60.5996252342286,0,2,4,2,0
4,442.26,4,1,40,1,76,2,0,36.77,1769.04,8.31411386966943,2,1,1,0,0
3,177.41,2,0,59,0,66,0,0,19,354.82,10.7096556000226,1,2,12,4,0
0,70.48,1,0,56,1,60,2,1,30.75,70.48,43.6293984108967,0,2,12,2,0
0,250.17,2,0,20,0,78,0,0,16.72,500.34,6.68345525042971,1,0,12,4,0
4,432,2,1,24,0,82,2,0,37.56,864,8.69444444444445,2,0,9,4,0
0,439.43,5,1,68,1,45,2,2,16.87,2197.15,3.83906424231391,2,3,1,3,0
4,383.16,3,1,40,1,74,0,2,31.97,1149.48,8.34377283641299,2,1,12,4,0
1,175.09,2,0,61,0,85,2,2,4.01,350.18,2.29025072819693,1,3,4,1,0
2,335.96,1,1,56,1,86,3,2,48.18,335.96,14.3409929753542,2,2,1,4,0
1,294.92,2,0,68,0,53,1,0,13.39,589.84,4.54021429540214,1,3,12,5,1
2,470.65,1,1,54,0,35,3,2,24.42,470.65,5.18856900031871,2,2,10,4,0
0,85.24,4,0,21,0,86,1,2,3.89,340.96,4.56358517128109,0,0,10,2,0
3,114.38,2,0,24,0,47,3,1,20.75,228.76,18.141283441161,0,0,2,0,0
4,169.64,2,0,60,0,75,1,1,12.17,339.28,7.17401556236737,0,2,5,6,1
3,171.56,1,0,51,0,90,3,0,9.54,171.56,5.5607367684775,0,2,8,1,0
3,54.39,5,0,22,0,14,3,0,31.31,271.95,57.5657289943004,0,0,3,1,0
1,82.97,3,0,23,1,67,0,2,34.92,248.91,42.0875015065686,0,0,5,3,0
1,245.67,4,1,70,0,65,2,1,26.52,982.68,10.7949688606668,1,3,4,2,0
1,337.37,2,1,33,1,91,1,1,22.03,674.74,6.52992263686753,2,1,12,5,1
3,246.33,5,1,49,1,83,0,0,40.8,1231.65,16.5631469979296,1,2,9,6,1
4,315.47,3,1,18,1,79,2,1,30.86,946.41,9.78222968903541,1,0,9,5,1
4,498.81,5,1,62,1,27,3,2,22.02,2494.05,4.41450652553076,2,3,4,2,0
2,452.05,4,1,36,0,73,3,1,0.21,1808.2,0.0464550381594956,2,1,1,1,0
0,256.05,4,0,61,0,29,3,1,19.85,1024.2,7.75239211091584,1,3,1,1,0
4,418.07,5,1,35,1,26,0,2,21.13,2090.35,5.0541775300787,2,1,4,3,0
0,56.72,2,0,21,0,52,1,2,36.75,113.44,64.7919605077574,0,0,9,0,0
0,419.59,5,1,37,1,82,2,1,11.33,2097.95,2.70025501084392,2,1,7,0,0
1,196.81,3,0,31,1,83,1,2,23.91,590.43,12.1487729282049,1,1,7,6,1
4,78.92,4,0,44,1,46,2,0,10.43,315.68,13.2159148504815,0,2,11,0,0
0,339.85,4,0,43,0,59,1,0,8.73,1359.4,2.56878034426953,2,2,2,4,0
0,446.49,4,1,18,1,91,3,0,42.25,1785.96,9.46269793276445,2,0,2,1,0
3,57.95,4,0,45,1,1,2,1,1.25,231.8,2.15703192407248,0,2,7,3,0
4,355.29,5,1,58,0,88,0,0,40.15,1776.45,11.3006276562808,2,2,10,1,0
3,274.6,3,0,30,0,59,3,1,8.78,823.8,3.19737800436999,1,1,5,5,1
2,497.81,4,1,20,0,70,3,1,12.05,1991.24,2.42060223780157,2,0,7,1,0
0,480.42,5,1,66,1,14,2,2,44.11,2402.1,9.18154947754049,2,3,10,2,0
0,186.63,5,0,41,1,94,1,2,39.88,933.15,21.3684830948936,1,2,6,4,0
2,130.99,4,1,50,1,15,2,0,44.35,523.96,33.8575463775861,0,2,10,4,0
3,373.65,2,1,25,1,83,2,1,26.6,747.3,7.11896159507561,2,0,7,6,1
3,480.64,4,1,55,0,49,1,1,27.55,1922.56,5.73194074567244,2,2,2,0,0
3,21.41,3,0,26,1,47,1,0,46.74,64.23,218.3092013078,0,1,1,1,0
0,274.23,2,0,61,0,97,3,1,5.11,548.46,1.86339933632352,1,3,10,4,0
1,61.18,3,0,55,0,70,0,1,29.17,183.54,47.6789800588428,0,2,7,0,0
0,90.44,5,0,32,1,62,0,0,46.17,452.2,51.0504201680672,0,1,11,5,1
2,144.28,5,1,37,0,58,2,2,45.56,721.4,31.5774882173551,0,1,10,5,1
1,475.33,4,1,41,1,96,1,2,30.83,1901.32,6.4860202385711,2,2,2,0,0
0,62.85,5,0,29,0,85,1,0,2.65,314.25,4.21638822593477,0,1,7,0,0
0,148.13,5,1,65,1,4,3,0,41.28,740.65,27.8674137581854,0,3,12,1,0
2,47.22,3,1,28,0,70,2,1,49.33,141.66,104.468445573909,0,1,4,1,0
2,156.38,4,0,44,1,37,0,0,25.46,625.52,16.2808543291981,0,2,10,0,0
0,81.83,5,0,23,1,66,0,1,15.85,409.15,19.3694244164732,0,0,5,4,0
1,284.99,4,0,37,0,44,2,2,19.74,1139.96,6.9265588266255,1,1,1,6,1
4,100.38,1,0,36,0,57,3,2,47.03,100.38,46.8519625423391,0,1,9,0,0
3,29.79,2,0,62,0,82,1,2,28.86,59.58,96.8781470292044,0,3,8,1,0
0,43.77,5,0,62,1,42,1,0,7.91,218.85,18.0717386337674,0,3,10,1,0
3,254.77,5,0,67,1,34,3,1,3.63,1273.85,1.42481453860345,1,3,2,1,0
2,492.41,5,1,57,1,97,1,2,40.24,2462.05,8.17205174549664,2,2,2,3,0
4,71.73,3,0,48,1,39,3,2,2.73,215.19,3.80593893768298,0,2,6,5,1
4,148.04,1,0,19,0,87,3,1,27.58,148.04,18.6300999729803,0,0,3,3,0
0,235.47,3,0,23,0,8,0,0,12.38,706.41,5.25756996645008,1,0,3,1,0
2,30.28,3,0,42,0,24,1,1,13.66,90.84,45.112285336856,0,2,2,0,0
1,344.28,1,1,41,0,36,3,1,16.08,344.28,4.67061693970024,2,2,8,0,0
1,203.57,2,0,64,1,60,1,1,5.58,407.14,2.741071867171,1,3,10,3,0
2,225.32,4,1,42,0,50,3,1,49.78,901.28,22.093023255814,1,2,1,0,0
3,219.11,3,0,27,1,15,3,0,24.02,657.33,10.9625302359545,1,1,3,3,0
1,340.89,1,0,64,0,20,1,0,9.64,340.89,2.82789169526827,2,3,3,3,0
1,347.32,4,1,58,1,79,3,2,42.94,1389.28,12.363238512035,2,2,12,0,0
0,219.58,4,0,33,1,33,2,0,4.08,878.32,1.85809272247017,1,1,3,1,0
4,241.55,5,1,52,0,86,3,0,44.64,1207.75,18.4806458290209,1,2,8,3,0
1,110.29,3,0,35,0,13,2,1,22.13,330.87,20.065282437211,0,1,10,5,1
3,159.26,1,0,62,1,32,0,2,36.98,159.26,23.2198920005023,0,3,2,2,0
3,50.09,4,0,20,1,92,1,1,46.48,200.36,92.7929726492314,0,0,5,6,1
2,279.02,3,1,58,1,58,0,1,35.21,837.06,12.6191670847968,1,2,7,6,1
1,363.23,2,1,66,1,31,0,1,40.12,726.46,11.0453431709936,2,3,5,6,1
4,82.18,1,0,60,1,95,1,0,11.49,82.18,13.9815040155756,0,2,4,3,0
1,390.39,1,1,28,0,15,2,0,47.94,390.39,12.2800276646431,2,1,7,1,0
2,408.88,3,1,32,0,63,0,0,19.7,1226.64,4.81803952259832,2,1,12,5,1
3,86.14,2,0,45,0,68,3,0,38.59,172.28,44.7991641513815,0,2,3,5,1
0,73.98,1,0,63,0,72,1,2,10.59,73.98,14.3146796431468,0,3,7,6,1
4,251.29,2,0,57,1,94,0,1,12.73,502.58,5.06586016156632,1,2,5,0,0
2,296.48,5,1,41,1,62,1,0,8.69,1482.4,2.9310577441986,1,2,7,1,0
2,468.32,5,1,31,1,74,2,1,18.4,2341.6,3.92893747864708,2,1,12,5,1
0,256.79,5,1,66,1,76,0,0,37.96,1283.95,14.7825071069746,1,3,9,0,0
1,14.67,5,0,53,1,10,0,2,22.55,73.35,153.71506475801,0,2,12,5,1
4,275.51,1,0,22,0,38,0,2,30.42,275.51,11.0413415121048,1,0,3,3,0
2,262.94,4,0,33,1,31,0,0,27.89,1051.76,10.6069825815776,1,1,11,5,1
1,199.96,3,1,56,1,39,3,1,40.18,599.88,20.0940188037608,1,2,5,1,0
3,430.83,2,1,54,1,36,3,2,48.01,861.66,11.1436065269364,2,2,3,6,1
2,305.87,1,1,22,0,96,0,1,43.43,305.87,14.1988426455684,1,0,3,3,0
2,160.02,2,1,26,0,85,3,2,31.24,320.04,19.52255968004,0,1,1,6,1
2,313.25,2,0,60,0,87,3,2,36.73,626.5,11.7254588986433,1,2,12,0,0
3,486.93,5,1,55,0,29,2,0,2.88,2434.65,0.59146078491775,2,2,8,1,0
3,125.28,2,0,62,1,99,2,0,22.19,250.56,17.7123243933589,0,3,5,3,0
4,161.59,2,0,68,0,28,1,2,2.02,323.18,1.25007735627205,0,3,9,0,0
2,420.21,3,0,31,0,56,2,1,3.42,1260.63,0.813878774898265,2,1,8,5,1
2,151.17,1,0,19,1,9,2,1,30.24,151.17,20.0039690414765,0,0,9,0,0
1,490.35,3,1,39,1,36,3,2,18.27,1471.05,3.72591006423983,2,1,5,6,1
3,194.49,4,0,68,0,79,3,2,14.54,777.96,7.4759627744357,1,3,5,4,0
0,493.42,1,1,56,0,38,3,0,27.8,493.42,5.63414535284342,2,2,1,1,0
3,279.33,5,0,38,1,98,1,1,4.96,1396.65,1.77567751405148,1,1,1,6,1
4,20.16,5,0,62,0,3,3,1,31.01,100.8,153.819444444444,0,3,4,3,0
0,156.04,4,1,18,1,45,0,2,46.16,624.16,29.5821584209177,0,0,2,1,0
0,160.15,1,0,35,0,58,2,1,47.91,160.15,29.9157040274742,0,1,1,2,0
3,379.42,5,1,58,1,20,2,2,15.72,1897.1,4.14316588477149,2,2,12,3,0
4,133.04,5,1,63,0,40,1,1,39.07,665.2,29.367107636801,0,3,5,5,1
4,182.29,3,0,52,0,98,0,1,40.73,546.87,22.3435185693126,1,2,10,1,0
0,166.74,1,0,69,0,64,0,1,27.49,166.74,16.486745831834,0,3,5,0,0
0,145.27,3,0,50,1,80,1,0,16.58,435.81,11.4132305362429,0,2,4,1,0
3,67.21,5,0,37,0,34,1,1,30.93,336.05,46.0199375092992,0,1,5,0,0
0,82.44,4,0,53,0,17,3,2,33.56,329.76,40.7083939835032,0,2,12,4,0
4,172.98,3,0,43,1,35,0,2,3.38,518.94,1.95398311943577,1,2,5,4,0
2,264.3,5,0,31,0,79,3,2,21.73,1321.5,8.22171774498676,1,1,3,3,0
3,360.11,1,0,46,1,39,1,2,17.45,360.11,4.84574157896198,2,2,9,6,1
0,279.12,4,1,33,0,12,3,1,34.42,1116.48,12.3316136428776,1,1,9,4,0
2,80.83,3,0,31,0,30,0,0,32.26,242.49,39.9109241618211,0,1,7,6,1
0,223.8,3,1,31,0,90,1,0,21.67,671.4,9.68275245755139,1,1,7,5,1
4,172.34,3,0,26,0,33,3,1,27.1,517.02,15.724730184519,1,1,2,2,0
2,49.04,4,0,70,0,39,2,2,7.34,196.16,14.9673735725938,0,3,12,3,0
4,260.33,3,0,20,0,77,2,1,29.37,780.99,11.2818345945531,1,0,5,5,1
1,182.51,1,0,65,1,55,1,1,13.08,182.51,7.16673059010465,1,3,4,6,1
0,445.28,5,1,64,0,4,1,0,10.22,2226.4,2.29518505210205,2,3,6,0,0
2,228.75,5,0,65,1,15,2,2,7.44,1143.75,3.25245901639344,1,3,10,5,1
0,219.01,1,0,64,1,68,3,1,16.47,219.01,7.52020455686955,1,3,5,6,1
2,344.96,3,1,53,0,33,1,0,15.43,1034.88,4.47298237476809,2,2,2,0,0
2,61.44,4,0,40,0,42,1,1,18.5,245.76,30.1106770833333,0,1,1,4,0
3,428.42,5,1,48,0,90,3,0,44.2,2142.1,10.3169786657953,2,2,5,6,1
2,211.23,1,0,25,1,59,2,1,12.45,211.23,5.89404914074705,1,0,6,3,0
4,233.2,1,0,69,0,89,1,0,3.17,233.2,1.35934819897084,1,3,1,0,0
0,474.92,3,1,65,1,13,0,0,38.47,1424.76,8.10031163143266,2,3,7,1,0
0,103.36,1,0,26,0,76,1,1,18.81,103.36,18.1985294117647,0,1,8,0,0
2,230.32,5,1,18,1,72,2,2,41.92,1151.6,18.2007641542202,1,0,1,4,0
1,457.37,4,1,25,0,93,0,2,13.73,1829.48,3.0019459081269,2,0,1,6,1
1,217.84,1,0,39,0,65,3,0,23.75,217.84,10.9024972456849,1,1,5,4,0
2,393.72,3,1,20,1,55,0,2,38.35,1181.16,9.74042466727624,2,0,1,6,1
2,287.6,5,0,31,0,75,1,1,21.97,1438,7.63908205841446,1,1,10,5,1
4,29.52,4,0,55,1,81,1,2,13.78,118.08,46.680216802168,0,2,10,1,0
1,27.57,5,0,69,0,26,2,1,37.9,137.85,137.46826260428,0,3,10,5,1
4,169.17,2,0,30,0,32,0,1,26.13,338.34,15.4460010640184,0,1,4,2,0
4,242.63,4,1,60,0,6,3,1,35.38,970.52,14.5818736347525,1,2,1,1,0
1,49.36,1,0,29,0,83,3,2,6.76,49.36,13.6952998379254,0,1,10,1,0
2,277.98,3,0,21,0,21,0,1,13.18,833.94,4.74134829843874,1,0,7,1,0
2,28.91,2,0,56,0,65,0,2,2.59,57.82,8.95883777239709,0,2,1,6,1
3,32.08,4,0,61,1,15,3,2,19.91,128.32,62.0635910224439,0,3,5,5,1
4,251.85,1,0,60,0,12,1,1,35.6,251.85,14.1353980543975,1,2,8,4,0
0,467.4,2,1,31,0,68,0,1,32.72,934.8,7.00042789901583,2,1,12,5,1
2,251.82,5,1,25,1,26,2,0,40.12,1259.1,15.9320149313001,1,0,7,4,0
0,14,5,0,54,0,16,1,1,38.63,70,275.928571428571,0,2,12,1,0
1,43.24,4,0,57,0,17,0,2,11.69,172.96,27.0351526364477,0,2,7,2,0
1,269.52,4,1,58,0,78,2,0,24.74,1078.08,9.17928168596023,1,2,10,2,0
0,387.73,1,0,47,1,35,0,1,9.14,387.73,2.35731049957445,2,2,11,6,1
0,329.21,1,0,52,0,2,0,0,13.08,329.21,3.97314783876553,1,2,11,2,0
1,43.79,2,0,58,1,80,0,0,12.57,87.58,28.7051838319251,0,2,6,2,0
4,337.83,3,0,57,0,78,0,1,9.01,1013.49,2.6670218749075,2,2,7,2,0
3,99.09,4,0,59,1,32,3,1,15,396.36,15.1377535573721,0,2,7,6,1
0,82.39,1,0,34,1,26,3,2,23.6,82.39,28.6442529433184,0,1,2,4,0
0,68.25,3,0,42,1,3,1,0,47.28,204.75,69.2747252747253,0,2,8,1,0
1,247.88,5,0,70,1,30,1,1,3.39,1239.4,1.36759722446345,1,3,8,1,0
4,122.98,2,0,45,1,33,2,1,37,245.96,30.0861928768906,0,2,3,2,0
4,86.48,1,0,56,1,61,3,2,37.41,86.48,43.2585568917669,0,2,11,0,0
4,110.74,1,0,28,0,21,0,1,31.54,110.74,28.48112696406,0,1,12,3,0
1,55.65,5,0,62,0,1,1,0,33.91,278.25,60.9344115004492,0,3,10,2,0
2,165.66,4,0,25,0,13,2,0,10.06,662.64,6.07267898104552,0,0,7,6,1
3,272.36,4,1,38,0,58,1,2,13.18,1089.44,4.8391834336907,1,1,3,2,0
2,333.55,1,0,36,1,83,0,0,22.89,333.55,6.86253934942288,1,1,2,1,0
3,222.34,3,0,43,0,4,1,0,29.44,667.02,13.2409822793919,1,2,9,2,0
0,225.77,3,0,40,0,77,2,2,20.24,677.31,8.9648757585153,1,1,1,0,0
0,379.51,3,1,19,1,85,3,2,28.67,1138.53,7.55447814286844,2,0,2,6,1
3,200.62,5,1,34,0,56,0,0,30.06,1003.1,14.983550991925,1,1,9,0,0
1,351.51,2,0,40,0,52,1,1,20.24,703.02,5.75801541919149,2,1,6,1,0
1,36.64,4,0,38,1,4,2,2,18.96,146.56,51.7467248908297,0,1,12,3,0
0,381.57,2,0,36,0,84,1,1,2.65,763.14,0.694499043425846,2,1,3,5,1
2,232.1,3,0,30,0,43,2,2,13.85,696.3,5.96725549332184,1,1,10,5,1
1,61.57,4,0,35,1,70,2,2,20.39,246.28,33.1167776514536,0,1,3,0,0
4,407.3,2,1,34,0,8,3,0,43.05,814.6,10.5696047139701,2,1,10,0,0
1,275.97,5,0,19,0,84,0,1,10.06,1379.85,3.64532376707613,1,0,6,5,1
4,65.84,3,0,38,0,12,0,1,31.43,197.52,47.7369380315917,0,1,7,4,0
2,309.01,4,1,49,0,73,3,2,37.64,1236.04,12.1808355716644,1,2,7,6,1
0,436.2,3,0,52,0,18,1,1,20.96,1308.6,4.80513525905548,2,2,10,5,1
1,99.68,1,0,63,1,37,2,0,14.79,99.68,14.8374799357945,0,3,9,4,0
0,102,3,0,69,1,72,2,0,24.68,306,24.1960784313726,0,3,2,0,0
3,498.57,5,1,31,1,30,2,0,47.37,2492.85,9.50117335579758,2,1,3,5,1
0,231.89,1,0,66,0,47,2,0,43.02,231.89,18.5518996075726,1,3,12,3,0
1,99.75,1,0,49,0,73,2,2,6.92,99.75,6.93734335839599,0,2,6,1,0
2,141,2,0,51,0,60,1,0,13.17,282,9.34042553191489,0,2,7,0,0
1,496.48,1,1,31,1,41,2,0,25.36,496.48,5.10796003867225,2,1,7,1,0
3,173.32,4,0,69,0,23,2,2,33.52,693.28,19.3399492268636,1,3,4,6,1
0,15.82,5,0,39,1,26,0,0,7.28,79.1,46.0176991150442,0,1,2,0,0
1,302.76,1,1,31,1,60,3,0,24.64,302.76,8.13845950587925,1,1,6,0,0
3,434.39,2,1,63,0,21,3,1,9.97,868.78,2.29517254080435,2,3,5,5,1
0,435.01,4,1,64,1,77,1,2,38.5,1740.04,8.8503712558332,2,3,10,2,0
0,113.88,5,0,53,0,60,0,0,18.67,569.4,16.3944502985599,0,2,5,4,0
2,226.34,4,0,41,0,55,2,1,1.47,905.36,0.649465406026332,1,2,1,3,0
3,201.35,2,0,19,1,23,3,0,0.67,402.7,0.332753911100075,1,0,2,5,1
3,496.05,3,1,35,0,17,2,2,27.62,1488.15,5.56798709807479,2,1,8,0,0
0,472.67,2,1,29,0,34,1,0,20.41,945.34,4.31802314511181,2,1,11,5,1
0,454.02,1,0,68,0,80,0,0,2.82,454.02,0.62111801242236,2,3,7,0,0
0,238.52,2,0,45,1,49,0,2,9.09,477.04,3.81100117390575,1,2,6,0,0
2,176.4,1,0,56,1,72,3,0,20.95,176.4,11.8764172335601,1,2,12,4,0
2,155.73,3,0,44,0,57,1,0,46.2,467.19,29.6667308803699,0,2,9,6,1
0,284.94,5,0,34,1,49,3,1,11.79,1424.7,4.13771320277953,1,1,10,0,0
2,113.45,3,0,20,0,66,0,1,40.23,340.35,35.4605553107096,0,0,3,1,0
2,5.97,4,0,26,0,6,2,2,0.06,23.88,1.00502512562814,0,1,7,3,0
4,474.08,4,1,35,0,55,0,0,45.7,1896.32,9.63972325345933,2,1,5,4,0
3,68.53,3,0,53,1,91,3,1,38.29,205.59,55.8733401430031,0,2,12,0,0
4,305.99,3,1,54,0,60,0,2,48.08,917.97,15.7129317951567,1,2,12,6,1
4,103.58,3,1,38,0,30,3,0,49.9,310.74,48.1753234215099,0,1,6,6,1
1,73.56,1,0,51,0,45,1,1,34.07,73.56,46.31593257205,0,2,4,5,1
4,349.8,2,1,52,0,29,1,0,38.61,699.6,11.0377358490566,2,2,12,4,0
1,460.49,1,1,58,0,91,0,2,13.34,460.49,2.89691415665921,2,2,5,5,1
2,187.56,3,1,51,1,80,3,2,40.01,562.68,21.3318404777138,1,2,11,2,0
3,307.23,2,1,50,0,90,2,2,35.99,614.46,11.7143508120952,1,2,5,1,0
0,446.43,2,1,50,1,25,0,0,14.8,892.86,3.31518939139395,2,2,9,4,0
3,109.12,3,0,52,1,36,0,2,30.08,327.36,27.5659824046921,0,2,8,0,0
3,190.21,5,1,21,0,71,2,1,17.23,951.05,9.05840912675464,1,0,3,4,0
2,227.76,4,0,30,0,15,1,1,26.06,911.04,11.4418686336495,1,1,7,6,1
1,265.58,1,1,47,1,83,1,2,42.5,265.58,16.0027110475186,1,2,3,2,0
3,109.65,4,0,66,1,84,1,1,17.61,438.6,16.0601915184679,0,3,7,2,0
2,382.88,4,1,54,1,46,1,2,46.28,1531.52,12.087338069369,2,2,9,6,1
2,144.58,4,1,66,1,71,1,1,49.62,578.32,34.320099598838,0,3,11,6,1
0,424.53,2,0,34,1,0,0,1,11.46,849.06,2.69945586884319,2,1,8,1,0
4,199.72,4,1,66,0,47,0,0,33.29,798.88,16.6683356699379,1,3,7,3,0
0,414.45,1,1,19,0,39,1,1,35.4,414.45,8.54144046326457,2,0,9,1,0
4,88.15,1,0,52,1,44,0,0,35.93,88.15,40.7600680657969,0,2,3,1,0
2,302.94,5,1,29,0,51,2,1,25.93,1514.7,8.55945071631346,1,1,10,4,0
2,102.92,2,0,45,0,38,0,2,27.9,205.84,27.1084337349398,0,2,9,0,0
4,420.68,1,1,50,0,74,1,2,20.86,420.68,4.95863839497956,2,2,11,4,0
2,341.22,5,1,60,1,87,0,2,10.72,1706.1,3.14166813199695,2,2,2,5,1
0,213.52,1,1,29,0,11,1,0,47.77,213.52,22.3726114649682,1,1,10,3,0
3,135.5,5,0,45,0,83,0,0,32.16,677.5,23.7343173431734,0,2,3,4,0
0,353.76,3,0,31,1,58,3,1,26,1061.28,7.34961555857078,2,1,4,2,0
2,244.25,5,0,28,0,31,1,1,15.03,1221.25,6.15353121801433,1,1,11,3,0
2,480.49,1,1,66,0,1,0,0,18.76,480.49,3.90434764511228,2,3,7,5,1
4,252.68,1,0,44,1,30,1,1,25.25,252.68,9.99287636536331,1,2,8,6,1
3,318.65,5,0,23,1,89,0,1,1.79,1593.25,0.561744861132905,1,0,6,4,0
0,87.02,4,0,40,0,54,0,0,5.44,348.08,6.25143645139049,0,1,7,4,0
4,104.05,4,0,41,1,8,1,2,28.9,416.2,27.7751081210956,0,2,4,0,0
0,48.52,3,0,26,1,13,2,2,15.94,145.56,32.8524319868096,0,1,2,3,0
4,471.91,2,0,43,1,44,1,1,2.65,943.82,0.561547752749465,2,2,7,5,1
0,215.35,1,1,66,0,53,0,1,43.56,215.35,20.2275365683771,1,3,4,5,1
1,83.73,2,0,61,1,48,3,1,23.05,167.46,27.5289621402126,0,3,7,0,0
0,367.84,1,0,57,0,30,0,0,2.58,367.84,0.701391909525881,2,2,6,3,0
3,481.75,1,0,22,0,94,0,0,8.22,481.75,1.70627919045148,2,0,3,0,0
4,61.3,4,0,39,0,53,0,1,27.33,245.2,44.584013050571,0,1,8,3,0
1,112.56,5,0,57,1,70,0,1,26.19,562.8,23.2675906183369,0,2,7,4,0
4,446.58,5,1,35,1,5,3,1,40.77,2232.9,9.12938331318017,2,1,4,1,0
4,13.72,5,0,53,1,16,0,1,29.75,68.6,216.836734693878,0,2,1,4,0
1,436.57,5,1,37,0,59,0,0,30.24,2182.85,6.92672423666308,2,1,5,6,1
3,239.43,4,1,70,0,4,1,1,20.62,957.72,8.61212045274193,1,3,2,3,0
0,478.7,5,1,31,1,18,2,1,11.1,2393.5,2.31878002924587,2,1,6,3,0
0,493.92,3,1,23,1,39,0,1,26.78,1481.76,5.42193067703272,2,0,10,2,0
4,92.56,4,0,34,0,27,3,1,29.42,370.24,31.7847882454624,0,1,5,4,0
4,65.84,4,0,52,1,88,2,0,5.98,263.36,9.08262454434994,0,2,2,1,0
2,344.06,3,1,19,0,92,2,0,44.87,1032.18,13.0413300005813,2,0,2,3,0
0,149.33,3,0,26,0,9,3,0,1.64,447.99,1.09823879997321,0,1,9,0,0
1,64.41,5,1,19,0,59,3,2,40.92,322.05,63.5305076851421,0,0,8,2,0
4,23.78,1,0,26,0,49,1,1,18.43,23.78,77.502102607233,0,1,2,2,0
0,333.95,1,0,67,1,70,0,1,23.06,333.95,6.9052253331337,1,3,6,0,0
3,93.71,2,0,22,1,90,1,0,33.63,187.42,35.8873119197524,0,0,1,6,1
0,368.06,4,0,67,1,62,0,0,9.14,1472.24,2.4832907678096,2,3,2,1,0
0,491.79,3,1,27,1,38,3,2,30.11,1475.37,6.12253197502999,2,1,8,3,0
4,187.08,5,0,48,0,0,0,1,17.18,935.4,9.18323711781056,1,2,3,3,0
2,173.31,2,0,65,0,12,2,1,38.66,346.62,22.3068489989037,1,3,9,0,0
0,453.7,4,1,70,0,87,1,2,4.34,1814.8,0.95657923738153,2,3,7,5,1
3,128.45,3,0,56,1,13,1,0,46.29,385.35,36.0373686259245,0,2,4,0,0
4,225.21,3,0,45,1,2,3,1,36.26,675.63,16.1005283957196,1,2,2,2,0
2,430.72,3,1,53,0,33,2,0,22.52,1292.16,5.22845468053492,2,2,1,5,1
0,78.55,5,0,40,1,41,1,0,17.44,392.75,22.2024188415022,0,1,1,2,0
1,125.13,4,0,63,0,47,1,0,28.15,500.52,22.4966035323264,0,3,1,4,0
3,29.63,5,0,57,0,10,0,0,45.12,148.15,152.278096523793,0,2,2,1,0
0,434.02,1,1,70,0,34,3,1,49.21,434.02,11.3381871803143,2,3,4,4,0
2,348.41,1,0,52,0,59,1,0,12.72,348.41,3.65087110014064,2,2,10,2,0
0,350.51,1,1,63,1,44,3,1,41.31,350.51,11.7856837180109,2,3,6,1,0
2,242.87,2,0,33,0,81,2,1,21.04,485.74,8.66307077860584,1,1,3,6,1
0,462.51,1,0,19,1,11,0,1,14.06,462.51,3.03993427169142,2,0,11,5,1
1,196.86,5,1,33,1,11,3,2,38.11,984.3,19.3589352839581,1,1,7,1,0
0,344.43,3,1,67,1,44,1,0,45.85,1033.29,13.3118485613913,2,3,7,0,0
1,459.89,1,1,22,0,87,3,1,49.17,459.89,10.6916871425776,2,0,7,2,0
2,424.21,4,1,37,1,71,3,2,35.31,1696.84,8.32370759765211,2,1,1,6,1
4,114.63,2,0,65,0,47,1,1,49.14,229.26,42.8683590683067,0,3,1,2,0
1,207.41,5,1,19,1,6,0,0,41.67,1037.05,20.0906417241213,1,0,2,4,0
4,289.83,3,0,29,1,15,1,1,9.15,869.49,3.15702308249664,1,1,12,2,0
3,58.68,4,0,70,0,77,3,1,27.02,234.72,46.0463531015678,0,3,11,4,0
3,395.83,5,1,53,0,32,0,2,23.44,1979.15,5.92173407776066,2,2,8,6,1
1,175.69,5,0,47,1,5,2,2,9.63,878.45,5.48124537537708,1,2,8,0,0
1,489.03,5,1,27,0,16,2,1,49.2,2445.15,10.0607324704006,2,1,4,0,0
0,234.43,5,0,55,1,83,3,2,13.83,1172.15,5.89941560380497,1,2,7,4,0
4,401.2,4,1,33,0,11,1,1,1.7,1604.8,0.423728813559322,2,1,7,1,0
1,444.08,2,0,20,1,27,0,0,14.22,888.16,3.20212574310935,2,0,7,2,0
3,345.78,2,1,59,0,10,3,1,38.25,691.56,11.0619469026549,2,2,2,4,0
3,153.49,4,0,28,1,90,2,1,32.06,613.96,20.887354225031,0,1,8,3,0
3,460.87,2,1,56,1,64,1,0,38.62,921.74,8.3798034152798,2,2,1,2,0
3,242.24,4,1,61,1,25,1,1,39.22,968.96,16.1905548216645,1,3,5,0,0
1,23.54,3,0,41,0,90,3,1,6.99,70.62,29.6941376380629,0,2,4,0,0
1,429.63,2,1,20,0,78,0,2,16.26,859.26,3.78465190978284,2,0,11,2,0
0,88.96,1,0,24,0,10,0,2,42.45,88.96,47.7180755395684,0,0,4,6,1
2,379.17,5,1,66,0,44,1,2,45.13,1895.85,11.9023129466994,2,3,1,1,0
0,402.05,3,0,69,0,99,3,1,5.26,1206.15,1.30829498818555,2,3,6,6,1
3,166.3,1,0,68,1,9,2,2,30.48,166.3,18.32832230908,0,3,11,0,0
4,264.49,1,0,45,1,81,2,2,12.29,264.49,4.64667851336534,1,2,3,4,0
1,66.64,5,0,48,0,21,0,0,9.11,333.2,13.6704681872749,0,2,1,0,0
1,447.37,4,1,52,0,18,3,1,38.17,1789.48,8.53208753380871,2,2,7,2,0
4,322.11,3,1,69,0,13,3,1,11.76,966.33,3.6509267020583,1,3,12,3,0
0,434.96,4,1,22,0,35,3,0,30.84,1739.84,7.09030715468089,2,0,10,4,0
0,402.92,4,1,23,0,58,3,1,29.81,1611.68,7.39849101558622,2,0,6,5,1
2,311.89,4,1,48,1,17,2,0,27.41,1247.56,8.78835486870371,1,2,9,6,1
3,223.67,3,0,34,1,81,0,0,12.93,671.01,5.78083784146287,1,1,11,0,0
3,56.83,1,0,18,0,16,0,2,33.69,56.83,59.2820693295794,0,0,11,2,0
3,401.73,3,1,49,0,74,2,0,47.83,1205.19,11.9060065217932,2,2,2,2,0
1,374.65,5,1,32,0,59,1,1,17.22,1873.25,4.59628987054584,2,1,8,1,0
0,366.21,2,1,70,1,29,2,0,38.13,732.42,10.4120586548702,2,3,11,0,0
4,448.47,5,1,25,1,21,1,2,39.58,2242.35,8.82556246794657,2,0,5,6,1
0,447.26,5,1,66,1,71,2,0,37.25,2236.3,8.32848902204534,2,3,12,2,0
1,203.61,3,0,64,1,31,0,1,13.47,610.83,6.6155886253131,1,3,12,4,0
4,314.82,3,1,29,0,47,0,0,37.38,944.46,11.873451496093,1,1,12,6,1
3,126.71,3,1,30,1,71,0,2,43.08,380.13,33.9988951148291,0,1,2,4,0
1,482.73,1,1,67,0,93,1,2,35.83,482.73,7.42236861185342,2,3,4,3,0
2,302.13,1,0,34,0,92,3,2,16.73,302.13,5.537351471221,1,1,12,3,0
0,35.91,3,0,44,1,9,1,0,9.13,107.73,25.4246727930939,0,2,12,4,0
0,33.14,1,0,30,1,28,1,2,33.69,33.14,101.659625829813,0,1,12,5,1
2,184.78,5,1,69,1,11,2,1,41.51,923.9,22.4645524407403,1,3,8,6,1
3,350.16,4,1,32,1,75,2,1,30.47,1400.64,8.70173634909755,2,1,2,3,0
0,123.66,4,0,35,1,65,3,2,8.28,494.64,6.6957787481805,0,1,9,4,0
2,222.16,1,0,68,1,47,2,1,20.42,222.16,9.19157364061937,1,3,4,1,0
1,204.99,4,0,62,0,79,1,0,6.29,819.96,3.0684423630421,1,3,5,0,0
4,62.28,2,0,23,0,17,0,2,7.88,124.56,12.6525369299936,0,0,6,5,1
1,245.46,5,1,53,0,98,0,0,34.25,1227.3,13.9533936282897,1,2,6,5,1
3,74.03,4,0,56,0,53,2,1,38.67,296.12,52.2355801702013,0,2,8,5,1
2,164.82,3,0,21,0,5,3,2,20.04,494.46,12.1587186021114,0,0,8,0,0
0,464.76,4,1,49,1,26,0,1,28.05,1859.04,6.03537309579138,2,2,10,1,0
3,195.6,1,0,31,1,35,0,1,34.84,195.6,17.8118609406953,1,1,1,3,0
3,490.3,3,1,55,0,50,2,0,23.37,1470.9,4.76646950846421,2,2,7,6,1
0,391.9,4,1,48,1,30,1,2,28.06,1567.6,7.15998979331462,2,2,2,3,0
3,185.23,5,0,55,1,72,2,0,24.68,926.15,13.3239755979053,1,2,9,6,1
4,300.12,3,0,60,0,21,3,0,15.06,900.36,5.01799280287885,1,2,9,3,0
2,433.22,1,1,43,1,76,3,0,36.31,433.22,8.38142283366419,2,2,11,5,1
0,429.65,3,1,23,0,47,0,0,34.81,1288.95,8.10194344233679,2,0,4,5,1
2,55.58,3,0,54,0,56,2,1,5.48,166.74,9.85966174883052,0,2,10,2,0
2,268.93,1,0,58,0,59,1,2,6.4,268.93,2.37980143531774,1,2,2,1,0
2,181.35,3,0,67,0,0,3,2,11.11,544.05,6.12627515853322,1,3,6,4,0
0,498.06,1,1,60,1,20,2,1,32.95,498.06,6.61566879492431,2,2,9,5,1
0,48.3,3,0,38,0,59,0,1,14.92,144.9,30.8902691511387,0,1,9,5,1
2,151.15,3,0,35,1,71,2,2,9.36,453.45,6.19252398279854,0,1,1,3,0
1,29.68,3,0,33,0,47,2,1,42.7,89.04,143.867924528302,0,1,12,3,0
2,50.8,5,0,58,1,22,2,1,27.86,254,54.8425196850394,0,2,4,0,0
0,100.2,1,0,52,0,58,0,0,31.93,100.2,31.8662674650699,0,2,8,0,0
3,111.97,2,0,61,1,91,0,0,0.31,223.94,0.276859873180316,0,3,10,0,0
0,453.4,5,0,45,0,10,1,2,1.57,2267,0.346272606969563,2,2,9,3,0
4,474.54,3,1,27,1,92,3,1,32.81,1423.62,6.91406414633118,2,1,8,2,0
3,400.55,3,1,40,0,30,3,2,27.61,1201.65,6.8930220946199,2,1,10,3,0
2,249.92,1,0,44,1,53,0,2,9.42,249.92,3.76920614596671,1,2,11,0,0
1,422.37,5,1,52,0,62,2,1,36.56,2111.85,8.65591779719204,2,2,1,6,1
3,324.84,5,1,62,0,59,0,0,48.95,1624.2,15.0689570249969,1,3,12,5,1
3,249.62,5,1,66,1,46,2,2,36.28,1248.1,14.5340918195657,1,3,2,5,1
2,162.75,1,0,54,1,78,0,1,21.39,162.75,13.1428571428571,0,2,5,5,1
3,338.16,2,0,27,1,56,1,2,17.28,676.32,5.11000709723208,2,1,2,3,0
1,352.85,3,1,35,1,97,2,0,22.85,1058.55,6.47583959189457,2,1,3,0,0
1,162.82,1,0,43,0,32,2,1,9.21,162.82,5.65655324898661,0,2,10,6,1
3,101.42,5,1,33,0,66,3,1,40.26,507.1,39.6963123644252,0,1,8,6,1
3,149.04,2,0,19,0,14,3,0,14.87,298.08,9.9771873322598,0,0,4,1,0
2,280.6,2,0,59,0,85,3,2,18.69,561.2,6.66072701354241,1,2,2,6,1
3,44.98,3,0,44,1,95,3,0,5.14,134.94,11.4273010226767,0,2,2,2,0
2,269.16,3,1,45,0,17,2,0,32.86,807.48,12.2083519096448,1,2,5,3,0
1,438.4,1,1,32,0,52,3,0,42.47,438.4,9.6875,2,1,11,1,0
0,203.26,3,1,48,1,11,3,2,45.75,609.78,22.5081176817869,1,2,11,3,0
3,380.82,4,1,44,0,90,2,2,30.29,1523.28,7.95388897641931,2,2,2,5,1
4,279.9,4,0,67,1,21,3,2,17.76,1119.6,6.34512325830654,1,3,11,5,1
3,276.07,2,0,69,1,89,1,1,3.65,552.14,1.32212844568407,1,3,5,1,0
2,237.27,5,1,37,0,65,3,2,24.43,1186.35,10.2962869305011,1,1,10,2,0
0,190.37,2,0,70,1,76,3,0,21.23,380.74,11.1519672217261,1,3,11,4,0
4,490.2,5,1,51,1,78,2,0,45.09,2451,9.19828641370869,2,2,8,0,0
0,447.9,2,0,47,1,95,2,2,25.49,895.8,5.69100245590534,2,2,9,1,0
3,353.32,2,1,59,0,82,1,2,28.1,706.64,7.95313030680403,2,2,12,5,1
0,268.04,1,0,47,0,74,1,1,23.59,268.04,8.80092523503955,1,2,8,4,0
4,489.59,4,1,25,1,12,3,1,9.96,1958.36,2.03435527686432,2,0,9,1,0
0,244.01,2,0,18,0,2,2,1,4.03,488.02,1.65157165689931,1,0,8,6,1
4,88.94,4,0,45,1,25,3,1,30.55,355.76,34.3489993253879,0,2,11,0,0
2,54.86,3,0,39,0,29,3,2,40.04,164.58,72.9857819905213,0,1,12,1,0
1,482.59,5,1,58,0,19,2,1,32.62,2412.95,6.75936094821691,2,2,3,6,1
1,335.92,5,1,19,1,2,1,1,40.47,1679.6,12.0475113122172,2,0,9,0,0
2,352.74,2,1,41,0,45,2,1,8.51,705.48,2.4125418155015,2,2,12,6,1
4,492.66,3,1,52,0,51,3,1,49.67,1477.98,10.0820038160192,2,2,4,0,0
3,61.66,4,0,45,0,89,3,1,45.23,246.64,73.3538760947129,0,2,11,5,1
4,309.94,1,1,42,1,59,3,0,46.81,309.94,15.1029231464154,1,2,6,6,1
4,253.19,5,0,45,0,67,0,2,9.06,1265.95,3.57834037679213,1,2,1,0,0
0,271.76,5,0,65,1,50,0,1,10.87,1358.8,3.99985281130409,1,3,8,3,0
0,311.51,1,0,54,1,79,2,1,4.61,311.51,1.47988828609033,1,2,11,5,1
4,155.48,3,0,37,0,89,2,2,18.91,466.44,12.1623359917674,0,1,11,0,0
2,105.12,1,0,37,0,28,1,0,28.84,105.12,27.4353120243531,0,1,2,6,1
0,16.58,3,0,50,1,6,0,1,5.96,49.74,35.9469240048251,0,2,9,6,1
4,191.86,2,0,54,1,54,3,0,19.93,383.72,10.3877827582612,1,2,10,2,0
0,398.86,5,1,23,1,90,0,1,28.59,1994.3,7.16792859650002,2,0,6,5,1
0,277.3,5,0,28,0,1,3,0,14.98,1386.5,5.40209159754778,1,1,6,3,0
0,465.4,2,1,40,1,5,1,0,38.47,930.8,8.26600773528148,2,1,10,0,0
1,103.66,5,0,44,0,48,0,2,19.25,518.3,18.570326065985,0,2,9,6,1
1,115.85,3,0,51,1,98,3,0,34.62,347.55,29.8834700043159,0,2,8,6,1
1,222.44,5,0,65,0,98,2,0,12.04,1112.2,5.41269555835281,1,3,1,2,0
3,171.99,1,0,45,1,93,2,0,32.3,171.99,18.7801616373045,1,2,1,5,1
0,220.67,3,1,18,0,67,0,2,46.62,662.01,21.1265690850591,1,0,6,6,1
0,243.86,3,1,35,1,43,1,1,29.41,731.58,12.0601984745346,1,1,12,6,1
1,362.86,2,0,57,0,32,3,0,1.68,725.72,0.462988480405666,2,2,5,3,0
4,232.68,1,0,45,1,94,0,1,0.15,232.68,0.0644662197008767,1,2,6,0,0
2,287.68,1,0,48,0,84,2,1,27.24,287.68,9.46885428253615,1,2,5,4,0
3,276.5,4,1,45,0,97,1,0,28.66,1106,10.3652802893309,1,2,2,0,0
1,130.85,5,1,68,1,76,0,1,45.09,654.25,34.4593045471914,0,3,7,3,0
1,166.04,4,1,40,0,29,3,2,26.62,664.16,16.0322813779812,0,1,9,5,1
1,56.09,1,0,20,1,15,3,2,41.09,56.09,73.2572651096452,0,0,9,1,0
0,100.81,2,0,53,1,21,0,1,35.16,201.62,34.8774923122706,0,2,9,0,0
4,309.83,3,0,34,0,83,1,1,7.11,929.49,2.29480682955169,1,1,12,0,0
3,385.06,4,1,62,0,5,1,2,45.49,1540.24,11.8137433127305,2,3,10,3,0
1,214.74,4,0,18,0,29,2,1,5.47,858.96,2.54726646176772,1,0,3,2,0
4,224.42,2,1,56,0,47,2,2,49.01,448.84,21.8385170662151,1,2,6,0,0
3,263.87,4,0,49,1,57,3,0,11.99,1055.48,4.54390419524766,1,2,12,6,1
1,62.63,3,0,51,1,25,2,0,36.35,187.89,58.0392783011337,0,2,1,1,0
2,140.74,2,0,30,0,31,2,0,46.15,281.48,32.790962057695,0,1,7,6,1
1,312.33,5,1,65,1,16,2,1,47.97,1561.65,15.3587551628086,1,3,5,1,0
3,200.26,4,0,59,1,35,0,0,0.69,801.04,0.344552082293019,1,2,12,1,0
0,208.36,5,0,20,0,56,1,2,4.25,1041.8,2.03973891341908,1,0,2,5,1
2,332.23,2,0,65,0,67,2,1,9.65,664.46,2.90461427324444,1,3,1,2,0
3,157.34,4,1,61,0,38,3,2,47.92,629.36,30.456336595907,0,3,2,4,0
4,165.56,3,0,40,1,61,3,1,21.54,496.68,13.0103889828461,0,1,12,4,0
4,117.76,1,0,19,1,92,0,0,9.59,117.76,8.14368206521739,0,0,2,0,0
1,254.09,5,1,24,0,39,1,0,39.77,1270.45,15.6519343539691,1,0,10,5,1
4,214.97,3,1,52,0,92,1,2,48.99,644.91,22.7892264036842,1,2,6,3,0
1,206.86,5,0,47,0,74,0,1,18.67,1034.3,9.02542782558252,1,2,10,2,0
4,340.42,3,1,68,0,45,1,2,34.42,1021.26,10.1110393043887,2,3,12,1,0
3,479.03,5,1,22,1,43,0,2,28.11,2395.15,5.86810846919817,2,0,1,0,0
1,379.97,4,1,56,0,64,0,0,44.89,1519.88,11.8140905860989,2,2,8,6,1
1,123.09,4,0,40,1,74,0,1,1.13,492.36,0.918027459582419,0,1,10,0,0
4,266.6,4,0,61,0,46,3,1,23.42,1066.4,8.78469617404351,1,3,7,0,0
3,258.91,3,0,39,0,46,2,1,18.57,776.73,7.172376501487,1,1,6,5,1
0,243.93,1,0,42,0,14,2,2,38.65,243.93,15.8447095478211,1,2,11,3,0
2,499.38,5,1,37,1,70,1,2,4.69,2496.9,0.939164564059434,2,1,2,5,1
1,130.61,2,0,34,0,98,3,1,3.14,261.22,2.40410382053442,0,1,9,4,0
3,59.66,5,0,26,0,49,2,0,20.92,298.3,35.0653704324506,0,1,10,1,0
1,429.59,3,1,38,0,29,1,1,31.03,1288.77,7.22316627482018,2,1,5,5,1
2,480.79,3,1,61,1,80,2,1,45.98,1442.37,9.56342685995965,2,3,7,6,1
2,5.14,4,0,64,0,12,1,2,30.13,20.56,586.186770428016,0,3,4,6,1
1,326.09,4,1,38,0,46,3,2,42.11,1304.36,12.9136128062805,1,1,9,4,0
4,49.89,3,0,24,0,67,1,0,47.66,149.67,95.5301663660052,0,0,6,4,0
4,60.24,3,0,36,0,60,0,0,13.63,180.72,22.6261620185923,0,1,7,2,0
2,348.2,2,1,23,1,78,2,2,43.72,696.4,12.5560022975302,2,0,3,6,1
2,101.61,4,1,19,1,72,1,0,28.9,406.44,28.4420824721976,0,0,7,0,0
1,202.94,4,0,70,0,17,1,1,18.24,811.76,8.98787819059821,1,3,3,5,1
2,34.66,5,0,49,1,52,2,1,22.51,173.3,64.9451817657242,0,2,2,4,0
2,197.23,3,0,69,1,54,0,2,37.12,591.69,18.8206662272474,1,3,1,3,0
1,481.9,2,1,21,0,83,1,2,38.52,963.8,7.99335961817805,2,0,10,0,0
1,472.48,1,1,31,1,14,1,2,40.06,472.48,8.47866576363021,2,1,8,1,0
2,169.71,1,0,47,0,62,1,0,6.73,169.71,3.96558835660833,0,2,5,1,0
0,16.96,3,0,32,1,71,1,1,32.35,50.88,190.742924528302,0,1,7,5,1
3,167.35,4,1,50,0,81,0,1,49.65,669.4,29.668359725127,0,2,1,1,0
4,309.33,4,1,60,1,64,2,1,43.52,1237.32,14.0691171241069,1,2,1,3,0
3,182.99,5,0,53,0,60,1,1,31.91,914.95,17.4381113722061,1,2,10,1,0
4,21.32,1,0,50,1,35,3,2,6.79,21.32,31.8480300187617,0,2,8,6,1
0,334.81,1,0,53,1,3,3,0,49.15,334.81,14.679967742899,1,2,9,4,0
3,348.47,3,1,70,1,98,2,1,46.88,1045.41,13.4530949579591,2,3,4,4,0
4,225,1,1,67,0,6,2,0,43.77,225,19.4533333333333,1,3,8,6,1
3,199.85,5,1,61,0,4,0,2,38.51,999.25,19.2694520890668,1,3,7,5,1
4,404.26,5,1,54,1,50,2,0,43.39,2021.3,10.7331915104141,2,2,9,5,1
0,420.16,4,1,31,0,80,3,2,18.25,1680.64,4.34358339680122,2,1,3,5,1
0,206.47,2,0,51,0,90,1,2,5.84,412.94,2.82849808688914,1,2,2,0,0
0,289.38,3,1,69,0,77,1,0,40.88,868.14,14.1267537493953,1,3,4,0,0
1,422.06,5,1,54,1,17,1,0,5.36,2110.3,1.26996161683173,2,2,4,1,0
1,347.09,4,1,32,1,0,3,2,40.88,1388.36,11.7779250338529,2,1,2,6,1
2,81.4,4,0,52,0,83,1,2,40.23,325.6,49.4226044226044,0,2,11,4,0
2,447.27,4,1,67,1,86,1,1,34.69,1789.08,7.75594160126993,2,3,2,0,0
4,361.56,2,0,45,1,89,0,0,12.55,723.12,3.47106980860715,2,2,11,4,0
0,8.63,4,0,45,1,22,0,2,49.29,34.52,571.147161066049,0,2,7,0,0
4,337.57,2,1,30,1,64,1,1,47.64,675.14,14.1126284918684,2,1,11,1,0
1,411.86,2,1,63,0,44,1,0,27.25,823.72,6.61632593599767,2,3,12,3,0
0,202.95,1,0,39,0,75,0,0,14.57,202.95,7.17910815471791,1,1,9,2,0
1,355.97,5,1,69,1,27,2,2,39.3,1779.85,11.0402562013653,2,3,8,5,1
3,456.97,1,1,49,0,69,0,1,17.33,456.97,3.79237149046983,2,2,2,3,0
1,298.38,5,1,41,0,56,3,2,26.57,1491.9,8.90475232924459,1,2,10,3,0
4,285.59,2,0,54,1,34,2,2,19.6,571.18,6.86298539864841,1,2,2,5,1
2,420.95,4,1,68,1,4,1,2,48.6,1683.8,11.545314170329,2,3,12,3,0
3,120.99,3,0,66,0,31,3,1,14.5,362.97,11.9844615257459,0,3,3,4,0
1,278.56,4,1,41,1,30,1,1,27.97,1114.24,10.0409247558874,1,2,10,0,0
3,201.82,4,0,51,1,63,2,0,6.09,807.28,3.01754038251908,1,2,4,4,0
0,448.08,3,1,40,0,46,0,0,18.11,1344.24,4.04168898410998,2,1,8,2,0
2,405.95,4,1,31,1,15,1,1,44.34,1623.8,10.9225274048528,2,1,8,4,0
0,286.7,3,1,51,0,28,3,1,44.44,860.1,15.5005231949773,1,2,8,3,0
2,296.94,2,0,64,0,9,1,0,12.58,593.88,4.23654610358995,1,3,12,6,1
3,426.5,3,1,61,0,22,3,1,24.94,1279.5,5.84759671746776,2,3,8,0,0
4,245.09,4,1,39,0,91,3,2,49.9,980.36,20.359867803664,1,1,9,1,0
4,328.94,2,0,43,1,57,0,0,18.69,657.88,5.68188727427495,1,2,9,2,0
0,107.28,2,0,35,0,55,3,1,10.34,214.56,9.63832960477256,0,1,2,4,0
1,51.47,5,0,67,1,68,3,0,33.73,257.35,65.5333203808044,0,3,10,4,0
0,23.68,4,0,36,1,79,1,0,24.13,94.72,101.900337837838,0,1,9,4,0
0,132.25,3,0,36,1,3,0,2,20.44,396.75,15.4555765595463,0,1,12,0,0
4,38,5,0,35,1,51,2,2,30.32,190,79.7894736842105,0,1,7,4,0
3,316.56,2,1,33,0,86,0,1,29.37,633.12,9.2778620166793,1,1,4,6,1
3,189.04,3,0,50,0,77,1,2,8.36,567.12,4.42234447735929,1,2,1,6,1
4,357.25,3,0,53,0,34,3,0,23.23,1071.75,6.50244926522043,2,2,9,1,0
0,373.16,3,0,51,1,10,0,2,9.33,1119.48,2.50026798156287,2,2,3,3,0
3,64.5,4,0,29,1,64,1,1,21.78,258,33.7674418604651,0,1,11,4,0
3,246.17,1,0,57,0,25,0,0,0.5,246.17,0.203111670796604,1,2,8,4,0
0,285.82,4,1,32,1,84,1,2,41.63,1143.28,14.5651109089637,1,1,1,3,0
3,19.51,5,0,67,0,30,2,2,16.08,97.55,82.4192721681189,0,3,10,2,0
3,65.07,2,0,43,1,40,3,2,11.23,130.14,17.2583371753496,0,2,1,1,0
4,49.21,5,0,66,0,85,3,0,24.44,246.05,49.6647022962812,0,3,4,1,0
2,20.78,3,0,44,1,23,3,2,3.28,62.34,15.7844080846968,0,2,2,4,0
0,496.34,4,1,48,0,58,2,1,28.47,1985.36,5.73598742797276,2,2,8,4,0
1,325.1,4,1,60,1,78,1,0,37.22,1300.4,11.4487849892341,1,2,6,0,0
0,366.73,2,1,25,1,24,3,2,40.37,733.46,11.0080986011507,2,0,11,0,0
1,434.24,2,0,22,0,92,1,2,24.51,868.48,5.64434414148858,2,0,12,3,0
0,233.39,1,0,30,0,51,3,0,24.05,233.39,10.304640301641,1,1,11,3,0
0,212.8,3,1,20,0,19,0,0,24.9,638.4,11.7011278195489,1,0,11,2,0
1,343.33,4,0,22,0,55,3,2,2.46,1373.32,0.71651181079428,2,0,7,6,1
0,80.95,2,0,41,1,72,2,2,12.91,161.9,15.9481161210624,0,2,11,2,0
0,104.46,5,1,70,0,92,3,2,46.23,522.3,44.2561746122918,0,3,4,2,0
2,212.16,3,1,51,1,6,2,0,46.88,636.48,22.0965309200603,1,2,2,0,0
1,11.09,2,0,61,1,5,1,2,36.04,22.18,324.97745716862,0,3,7,3,0
0,56.73,5,0,63,0,89,1,2,25.52,283.65,44.9850167459898,0,3,11,6,1
4,30.89,3,0,47,1,20,0,2,19.27,92.67,62.3826481061832,0,2,9,0,0
1,425.4,4,1,32,1,81,2,1,23.87,1701.6,5.61118946873531,2,1,10,5,1
2,169.29,4,0,37,0,1,0,1,0.87,677.16,0.51391104022683,0,1,1,6,1
1,159.53,1,0,23,1,26,1,2,15.25,159.53,9.55933053344199,0,0,12,0,0
3,83.74,2,0,64,0,0,0,0,6.05,167.48,7.22474325292572,0,3,7,4,0
4,440.73,1,1,43,0,76,1,2,38.17,440.73,8.66063122546684,2,2,11,6,1
4,93.16,5,0,61,0,76,3,1,6.82,465.8,7.32073851438386,0,3,7,1,0
3,321.11,1,1,54,0,0,0,1,31.1,321.11,9.68515461991218,1,2,6,0,0
0,283.53,1,0,57,0,72,2,0,33.68,283.53,11.8788135294325,1,2,7,4,0
0,134.8,2,0,36,0,51,3,2,21.13,269.6,15.6750741839763,0,1,6,5,1
0,229.02,2,0,36,0,38,3,2,17.95,458.04,7.83774342852153,1,1,3,0,0
2,40.26,5,1,60,1,64,2,1,43.92,201.3,109.090909090909,0,2,7,0,0
2,293.82,4,0,44,1,40,3,0,11.66,1175.28,3.96841603702947,1,2,8,2,0
1,98.5,1,0,54,1,85,3,2,2.01,98.5,2.04060913705584,0,2,5,2,0
1,313.65,1,0,46,1,14,1,0,1.66,313.65,0.529252351347043,1,2,5,4,0
2,190.63,2,0,66,1,83,2,0,34.74,381.26,18.2237842941825,1,3,8,2,0
3,181.44,4,0,45,1,5,2,0,16.28,725.76,8.97266313932981,1,2,4,0,0
1,147.79,2,0,59,0,23,1,1,0.59,295.58,0.399215102510319,0,2,7,0,0
2,361.47,4,1,53,1,92,2,0,49.06,1445.88,13.5723573187263,2,2,2,2,0
1,446.45,5,1,57,1,24,2,1,36.02,2232.25,8.06809273154889,2,2,11,0,0
2,236.4,5,0,32,1,58,1,2,14.65,1182,6.19712351945855,1,1,5,4,0
2,181.96,1,0,41,0,35,1,0,37.12,181.96,20.4000879314135,1,2,9,2,0
3,304.65,1,1,51,0,10,2,2,47.93,304.65,15.7328081404891,1,2,9,1,0
0,390.5,4,0,47,1,43,0,1,5.07,1562,1.29833546734955,2,2,2,1,0
2,44.78,5,1,61,1,85,2,2,47.35,223.9,105.739169271996,0,3,4,6,1
2,90.96,1,0,62,0,50,2,0,24.69,90.96,27.1437994722955,0,3,4,6,1
1,343.65,1,0,53,0,32,0,0,25.63,343.65,7.45816964935254,2,2,12,2,0
2,458.86,4,1,64,1,21,0,0,13.74,1835.44,2.99437737000392,2,3,8,5,1
4,111.02,3,0,61,0,2,2,0,16.03,333.06,14.4388398486759,0,3,6,4,0
1,453.57,1,0,25,1,78,1,0,7.98,453.57,1.75937562008069,2,0,2,5,1
1,85.98,1,0,51,0,1,0,1,35.5,85.98,41.2886717841358,0,2,7,3,0
3,268.31,1,0,60,1,70,2,0,7.91,268.31,2.94808244195147,1,2,10,3,0
4,165.53,3,0,18,1,92,1,0,3.84,496.59,2.31982118045067,0,0,3,4,0
1,236.66,4,0,38,1,28,2,0,13.66,946.64,5.77199357728387,1,1,7,6,1
3,87.75,4,0,37,1,67,2,2,35.49,351,40.4444444444444,0,1,12,5,1
3,315.58,5,1,68,0,73,1,2,48.94,1577.9,15.5079536092275,1,3,5,6,1
4,117.67,1,0,48,1,15,2,0,42.46,117.67,36.0839636270927,0,2,4,0,0
1,424.87,3,1,34,0,27,0,2,38.81,1274.61,9.13455880622308,2,1,3,4,0
4,145.89,2,0,37,1,41,2,2,17.29,291.78,11.8513948865584,0,1,10,3,0
0,404.41,2,1,50,0,33,2,0,39.43,808.82,9.75000618184516,2,2,1,2,0
4,72.24,3,0,69,0,58,0,0,8.3,216.72,11.4894795127353,0,3,7,0,0
0,353.87,1,0,59,1,96,3,1,14.33,353.87,4.04950970695453,2,2,5,4,0
4,363.3,5,0,40,0,30,3,1,3.76,1816.5,1.03495733553537,2,1,1,6,1
0,288.12,1,1,49,0,63,1,0,36.75,288.12,12.7551020408163,1,2,2,2,0
1,145.32,3,0,67,1,41,1,1,2.04,435.96,1.4037985136251,0,3,10,5,1
3,49.6,3,0,67,1,19,1,2,33.93,148.8,68.4072580645161,0,3,10,5,1
3,499.67,4,1,57,1,98,3,0,15.93,1998.68,3.18810414873817,2,2,7,4,0
2,368,1,0,63,1,33,3,0,12.67,368,3.4429347826087,2,3,5,6,1
2,122.37,1,0,46,1,15,3,0,19.77,122.37,16.1559205687669,0,2,7,1,0
3,21.8,2,0,62,1,96,3,0,15.86,43.6,72.7522935779817,0,3,7,5,1
4,412.98,2,1,36,1,23,2,1,28.06,825.96,6.79451789432902,2,1,4,1,0
2,88.54,1,0,46,1,7,2,2,26.03,88.54,29.3991416309013,0,2,11,0,0
0,328.09,2,0,62,0,28,0,0,20.55,656.18,6.26352525221738,1,3,10,0,0
4,366.28,4,1,21,0,67,0,2,7.91,1465.12,2.15955007098395,2,0,1,2,0
1,318.91,2,0,46,0,59,3,2,3.33,637.82,1.04418174406572,1,2,7,0,0
3,32.81,4,0,35,0,79,1,1,20.81,131.24,63.4257848217007,0,1,12,5,1
3,274.71,4,1,42,1,83,3,0,34.93,1098.84,12.7152269666193,1,2,11,5,1
1,156.48,5,0,34,1,69,2,1,25.28,782.4,16.1554192229039,0,1,6,1,0
0,275.17,5,1,27,0,60,0,1,42.74,1375.85,15.532216448014,1,1,3,6,1
3,340.9,1,0,35,1,58,3,2,34.1,340.9,10.0029334115576,2,1,6,2,0
1,76.24,3,0,44,0,33,3,1,38.63,228.72,50.6689401888772,0,2,5,0,0
2,32.66,4,0,54,1,77,1,0,39.32,130.64,120.391916717698,0,2,3,6,1
4,134.74,5,1,34,0,91,2,2,44.52,673.7,33.0414130918807,0,1,8,5,1
2,405.55,2,1,25,1,52,1,0,44.16,811.1,10.8889162865245,2,0,11,3,0
1,6.3,3,0,34,1,72,3,2,42.43,18.9,673.492063492064,0,1,6,0,0
4,384.57,5,0,67,1,65,2,0,8.53,1922.85,2.21806173128429,2,3,2,0,0
4,119.08,2,0,25,0,83,3,2,33.93,238.16,28.4934497816594,0,0,6,3,0
1,163.81,2,0,70,1,53,0,1,31.91,327.62,19.4798852328918,0,3,11,4,0
2,434.98,1,1,69,1,40,0,1,37.8,434.98,8.69005471515932,2,3,6,6,1
0,308.48,5,1,45,0,55,3,0,32.31,1542.4,10.4739367219917,1,2,9,2,0
3,155.99,5,0,32,0,60,1,2,24.4,779.95,15.6420283351497,0,1,4,0,0
2,298.09,2,0,30,0,14,0,2,21.25,596.18,7.12871951424067,1,1,10,3,0
2,183.36,3,0,43,0,97,0,1,19.79,550.08,10.7929755671902,1,2,8,3,0
3,265.26,2,1,61,0,35,3,1,40.65,530.52,15.3245871974666,1,3,1,3,0
3,105.12,5,0,26,1,95,1,0,40.49,525.6,38.5178843226788,0,1,12,5,1
1,166.34,5,1,57,0,13,1,0,36.72,831.7,22.0752675243477,0,2,1,1,0
4,30.62,3,0,49,0,49,2,2,43.82,91.86,143.109079033312,0,2,12,4,0
2,229.18,3,1,67,1,15,2,1,42.69,687.54,18.6272798673532,1,3,6,2,0
1,100.7,1,0,63,0,0,0,1,10.19,100.7,10.1191658391261,0,3,2,6,1
2,181.23,2,1,66,0,2,0,0,36.42,362.46,20.0960105942725,1,3,9,4,0
1,107.65,4,0,32,1,78,2,0,14.28,430.6,13.2652113330237,0,1,3,5,1
0,263.1,5,1,47,1,89,2,2,41.84,1315.5,15.9026985936906,1,2,8,3,0
2,152.48,3,0,38,0,45,0,1,23.1,457.44,15.1495278069255,0,1,3,5,1
1,182.03,5,1,47,1,35,2,2,40.73,910.15,22.3754326209965,1,2,5,4,0
2,71.62,4,0,48,0,93,1,1,43,286.48,60.0390952247975,0,2,12,6,1
4,279.38,1,0,39,0,26,3,1,12.1,279.38,4.33101868422937,1,1,12,2,0
3,96.86,1,0,70,0,10,1,2,0.26,96.86,0.268428659921536,0,3,7,5,1
2,122.39,5,1,36,1,26,3,1,43.44,611.95,35.4930958411635,0,1,10,2,0
2,57.34,3,0,32,0,53,1,1,36.2,172.02,63.1321939309383,0,1,7,5,1
4,131.19,5,0,70,0,12,2,0,9.57,655.95,7.29476332037503,0,3,6,5,1
0,336.34,2,1,44,0,18,1,1,43.45,672.68,12.9184753523221,2,2,1,4,0
3,405.76,5,1,40,1,68,1,2,12.51,2028.8,3.08310331230284,2,1,4,6,1
0,113.75,1,0,36,0,16,3,2,26.49,113.75,23.2879120879121,0,1,2,5,1
1,212.23,5,1,39,0,75,1,2,24.47,1061.15,11.5299439287565,1,1,8,2,0
3,324.9,5,0,53,1,51,2,0,0.15,1624.5,0.0461680517082179,1,2,1,0,0
0,449.8,4,1,64,0,64,2,1,36.29,1799.2,8.06803023566029,2,3,7,0,0
1,245.21,2,1,66,0,5,2,0,29.44,490.42,12.0060356429183,1,3,7,3,0
1,180.93,4,0,65,0,42,3,0,4.21,723.72,2.32686674404466,1,3,7,4,0
0,59.35,1,0,58,1,60,3,2,30.71,59.35,51.7438921651222,0,2,12,5,1
1,108.29,2,0,60,1,33,1,2,22.11,216.58,20.4173977283221,0,2,1,5,1
1,164.6,5,0,23,0,10,3,2,7.43,823,4.51397326852977,0,0,5,0,0
3,42.57,2,0,59,0,77,0,1,8.92,85.14,20.9537232793047,0,2,12,5,1
2,84.52,3,0,25,1,39,0,1,1.09,253.56,1.28963558920965,0,0,9,3,0
1,233.17,2,0,53,1,9,3,1,30.12,466.34,12.9176137582022,1,2,5,6,1
4,47.06,3,0,37,1,28,0,2,32.56,141.18,69.1882702932427,0,1,4,2,0
1,22.07,3,0,40,0,3,0,0,4.66,66.21,21.1146352514726,0,1,1,0,0
4,276.61,4,0,34,1,58,0,0,16.29,1106.44,5.88915802031741,1,1,12,0,0
0,397.73,1,0,48,1,25,0,0,5.99,397.73,1.50604681567898,2,2,3,6,1
1,470.4,4,1,23,0,77,2,0,29.01,1881.6,6.16709183673469,2,0,1,3,0
4,268.83,5,1,20,0,23,0,1,45.59,1344.15,16.9586727671763,1,0,6,2,0
3,249.08,2,1,68,1,29,2,1,42.08,498.16,16.8941705476152,1,3,6,4,0
4,43.6,5,0,37,1,34,0,1,20.42,218,46.8348623853211,0,1,12,4,0
1,389.88,3,1,66,1,2,0,0,21.87,1169.64,5.60941828254848,2,3,9,5,1
0,151.29,2,0,22,0,87,3,2,7.47,302.58,4.93753718024985,0,0,8,3,0
4,82.28,4,1,29,1,40,2,0,40.82,329.12,49.6110841030627,0,1,9,5,1
1,434.96,4,1,56,0,43,1,0,2.19,1739.84,0.503494574213721,2,2,1,0,0
4,383.42,1,1,27,0,42,0,2,49.12,383.42,12.8110166397162,2,1,3,2,0
3,252.11,2,0,46,1,49,0,1,32.27,504.22,12.7999682678196,1,2,1,3,0
2,208.6,1,0,20,0,77,2,1,20.5,208.6,9.8274209012464,1,0,3,3,0
3,335.04,3,1,25,1,43,0,2,27.95,1005.12,8.34228748806113,2,0,1,5,1
0,325.93,5,1,63,1,63,1,1,40.26,1629.65,12.3523455956801,1,3,10,6,1
2,37.19,4,0,32,0,7,2,0,22.68,148.76,60.9841355203012,0,1,8,2,0
2,328.79,4,1,18,0,1,1,1,29.85,1315.16,9.07874327078074,1,0,2,2,0
0,357.48,3,1,40,0,23,1,2,48.72,1072.44,13.6287344746559,2,1,2,2,0
1,472.83,5,1,52,1,23,1,0,9.47,2364.15,2.00283399953472,2,2,11,5,1
0,15.02,1,0,40,0,3,3,2,49.19,15.02,327.496671105193,0,1,10,2,0
0,172.83,4,0,63,1,30,3,1,30.47,691.32,17.6300410808309,1,3,6,5,1
4,81.01,1,0,54,0,32,1,2,44.09,81.01,54.4253795827676,0,2,8,2,0
1,283.92,5,1,59,0,33,2,1,39.84,1419.6,14.0321217244294,1,2,12,1,0
0,256.2,5,1,29,1,56,1,2,35.41,1281,13.8212334113974,1,1,3,0,0
1,126.56,2,1,58,0,99,2,1,45.83,253.12,36.2120733249052,0,2,3,1,0
4,427.55,2,1,48,0,5,1,0,28.83,855.1,6.74307098584961,2,2,2,1,0
1,89.8,5,0,67,0,69,3,1,9.51,449,10.5902004454343,0,3,1,5,1
3,112.37,1,0,60,0,40,3,1,33.05,112.37,29.4117647058824,0,2,9,5,1
4,448.57,1,1,33,0,40,3,0,12.62,448.57,2.81338475600241,2,1,1,5,1
0,11,2,0,44,1,91,0,1,12.4,22,112.727272727273,0,2,2,0,0
3,489.09,1,0,58,1,20,2,2,0.48,489.09,0.0981414463595657,2,2,9,0,0
4,405.18,2,0,62,1,78,2,1,18.07,810.36,4.45974628560146,2,3,6,2,0
3,141.07,2,0,52,0,75,2,0,8.47,282.14,6.00411143403984,0,2,11,0,0
1,328.12,1,0,69,0,48,2,1,31.79,328.12,9.68852858710228,1,3,6,0,0
4,9.77,1,0,60,1,88,0,1,33.72,9.77,345.138178096213,0,2,8,1,0
2,404.5,5,1,61,1,53,0,1,10.92,2022.5,2.69962917181706,2,3,11,0,0
0,423.67,1,1,59,1,40,1,0,33.25,423.67,7.84808931479689,2,2,11,6,1
1,183.18,3,1,38,1,23,3,1,45.71,549.54,24.9535975543182,1,1,11,1,0
4,229.53,4,0,51,1,79,2,2,6.01,918.12,2.61839410970244,1,2,7,1,0
0,82.19,1,0,42,1,29,3,0,42.99,82.19,52.3056332887213,0,2,3,3,0
2,334.5,1,0,50,1,98,0,0,1.56,334.5,0.466367713004484,1,2,3,2,0
2,163.51,3,0,70,1,48,2,0,27.76,490.53,16.9775548896092,0,3,10,5,1
1,191.83,4,1,45,0,75,0,2,48.67,767.32,25.3714226137726,1,2,5,2,0
4,469.32,1,1,60,1,37,1,0,47.23,469.32,10.0634961220489,2,2,7,3,0
4,48.66,4,0,47,1,35,3,0,27.85,194.64,57.2338676531032,0,2,7,3,0
2,161.69,4,0,21,1,59,3,1,6.22,646.76,3.8468674624281,0,0,9,5,1
2,495.17,3,1,36,1,46,2,0,10.12,1485.51,2.04374255306259,2,1,7,5,1
4,131.11,1,0,67,0,77,3,2,21.41,131.11,16.3297994050797,0,3,1,3,0
1,82.32,1,0,30,1,7,1,0,28.19,82.32,34.2444120505345,0,1,4,1,0
1,417.2,1,1,55,0,19,3,1,32.99,417.2,7.90747842761266,2,2,12,2,0
0,329.94,2,1,39,0,60,0,0,49.03,659.88,14.8602776262351,1,1,9,6,1
2,464.38,5,1,24,0,76,0,2,7.08,2321.9,1.52461346311211,2,0,9,5,1
0,105.07,4,0,29,0,0,0,2,12.36,420.28,11.7635861806415,0,1,1,1,0
2,439.11,5,1,21,0,96,2,0,7.14,2195.55,1.6260162601626,2,0,7,6,1
4,389.69,4,1,21,1,82,3,2,35.14,1558.76,9.01742410634094,2,0,5,4,0
0,257.41,4,0,63,1,5,2,1,22.37,1029.64,8.69041606775184,1,3,9,4,0
2,448.24,3,1,23,1,22,0,1,47.6,1344.72,10.6193110833482,2,0,8,3,0
2,326.37,1,0,59,0,73,2,1,21.9,326.37,6.71017556760732,1,2,4,4,0
2,195.91,1,0,36,0,31,0,0,17.78,195.91,9.07559593690981,1,1,9,2,0
4,112.01,3,0,67,1,88,0,2,24.98,336.03,22.3015802160521,0,3,10,6,1
0,10.2,3,0,26,1,5,0,0,11.36,30.6,111.372549019608,0,1,11,2,0
1,396.87,1,1,22,1,56,1,1,39.12,396.87,9.85713205835664,2,0,1,0,0
0,100.99,2,0,68,1,4,1,0,29.13,201.98,28.8444400435687,0,3,2,2,0
2,296.14,2,1,36,1,38,3,1,33.71,592.28,11.3831296008645,1,1,7,4,0
3,188.35,4,0,69,1,90,1,0,16.99,753.4,9.02044066896735,1,3,6,4,0
1,167.88,2,0,55,0,9,3,2,16.52,335.76,9.84036216345008,0,2,6,1,0
1,67.14,2,0,20,1,46,0,0,22.71,134.28,33.8248436103664,0,0,1,2,0
3,365.19,5,0,35,1,73,1,2,2.02,1825.95,0.553136723349489,2,1,8,6,1
4,132.42,2,0,52,1,16,0,0,16.86,264.84,12.7322156773901,0,2,5,3,0
4,160.19,5,0,36,1,56,2,0,2.93,800.95,1.82907796991073,0,1,2,3,0
1,338.86,3,0,46,1,15,0,1,10.31,1016.58,3.04255444726436,2,2,2,6,1
4,376.89,3,0,23,1,96,3,2,5.63,1130.67,1.4938045583592,2,0,2,4,0
2,197.4,4,0,57,1,56,2,1,25.57,789.6,12.9533941236069,1,2,10,4,0
1,413.31,1,1,24,0,39,2,0,39.58,413.31,9.5763470518497,2,0,9,5,1
2,64.9,1,0,57,0,5,3,1,48.5,64.9,74.7303543913713,0,2,12,2,0
2,321.71,2,0,46,1,11,0,1,22.94,643.42,7.13064561250816,1,2,6,1,0
2,293.66,5,1,53,0,91,3,1,22.61,1468.3,7.69938023564667,1,2,9,5,1
1,133.21,3,1,48,0,48,1,2,45.51,399.63,34.1641017941596,0,2,9,1,0
2,360.72,3,1,29,1,90,0,0,47.82,1082.16,13.2568196939454,2,1,9,1,0
1,155.5,5,1,26,1,54,0,1,34.47,777.5,22.1672025723473,0,1,8,5,1
1,370.26,3,1,38,0,72,2,2,47.12,1110.78,12.7261924053368,2,1,10,6,1
2,195.55,1,0,36,1,0,2,1,22.26,195.55,11.3832779340322,1,1,9,5,1
1,443.05,4,1,38,1,13,1,0,24.18,1772.2,5.45762329308205,2,1,3,3,0
4,304.23,2,0,27,0,50,0,2,8.78,608.46,2.88597442724255,1,1,10,2,0
0,175.58,1,0,35,1,37,1,1,4.95,175.58,2.81922770247181,1,1,9,1,0
2,224.1,3,0,49,0,3,3,0,17.34,672.3,7.7376171352075,1,2,3,1,0
2,353.79,4,1,18,1,95,0,1,12.92,1415.16,3.65188388592103,2,0,3,5,1
2,242.75,4,0,42,1,88,3,2,26.35,971,10.8547888774459,1,2,3,4,0
0,203.76,3,0,49,1,75,2,1,27.87,611.28,13.6778563015312,1,2,11,2,0
4,63.84,2,0,45,0,99,2,1,29.6,127.68,46.3659147869674,0,2,10,0,0
4,88.5,4,0,21,1,82,0,0,2.58,354,2.91525423728814,0,0,7,5,1
0,365.21,1,0,38,1,70,1,0,19.5,365.21,5.33939377344542,2,1,2,1,0
3,87.32,2,0,55,0,81,1,2,21.23,174.64,24.3128721942281,0,2,6,6,1
0,149.97,3,1,46,1,44,1,0,45.6,449.91,30.4060812162433,0,2,8,5,1
2,464.97,3,1,50,1,94,3,1,17.08,1394.91,3.67335527023249,2,2,3,4,0
4,225.95,2,0,54,1,94,0,2,27.3,451.9,12.0823190971454,1,2,9,4,0
3,209.97,4,1,30,1,37,0,2,43.63,839.88,20.7791589274658,1,1,9,1,0
4,356.37,4,1,42,1,85,3,2,42.47,1425.48,11.9173892302944,2,2,8,0,0
0,247.18,2,0,51,0,55,1,0,40.42,494.36,16.3524557002994,1,2,5,6,1
2,178.12,4,1,53,1,84,0,1,39.93,712.48,22.4174713676173,1,2,4,2,0
1,326.16,3,1,58,0,31,0,1,37.38,978.48,11.4606328182487,1,2,1,1,0
3,166.94,5,0,18,1,16,2,0,36.24,834.7,21.7083982269079,0,0,1,2,0
2,111.12,1,0,23,0,97,0,0,35.03,111.12,31.5244780417567,0,0,11,3,0
4,412.55,1,1,70,1,0,3,2,41.43,412.55,10.0424191007151,2,3,12,6,1
1,39.45,4,0,25,0,87,0,2,27.56,157.8,69.8605830164765,0,0,1,6,1
3,268.58,1,0,69,0,48,3,0,3.86,268.58,1.43718817484548,1,3,2,2,0
4,304.86,2,0,37,1,33,1,1,11.39,609.72,3.73614117955783,1,1,4,5,1
3,417.77,1,0,47,0,95,0,0,12.86,417.77,3.07824879718505,2,2,7,0,0
4,410.26,2,1,41,0,49,0,0,48.35,820.52,11.7852093794179,2,2,12,3,0
2,63.7,5,0,20,0,8,3,2,5.44,318.5,8.54003139717425,0,0,12,3,0
3,190.11,4,1,59,0,49,1,1,44.7,760.44,23.5127031718479,1,2,6,6,1
4,159.42,3,0,42,1,34,2,0,1.62,478.26,1.01618366578848,0,2,3,3,0
1,490.93,3,1,22,1,26,1,0,2.27,1472.79,0.462387713115923,2,0,5,0,0
1,475.84,5,1,65,1,42,0,0,3.08,2379.2,0.647276395427034,2,3,4,6,1
4,328.66,3,1,61,1,73,2,2,45.78,985.98,13.9292886265442,1,3,2,1,0
0,223.03,3,1,50,1,99,1,0,27.61,669.09,12.3795005156257,1,2,5,2,0
3,337.62,1,1,19,1,26,1,0,20.54,337.62,6.08376281026006,2,0,4,5,1
2,347.42,2,0,19,1,27,0,1,1.38,694.84,0.39721374704968,2,0,1,0,0
2,178.21,3,0,35,1,70,3,1,35.32,534.63,19.8193142921273,1,1,1,2,0
0,257.29,1,0,62,0,86,1,1,18.57,257.29,7.21753663181624,1,3,7,2,0
2,412.69,2,0,52,1,12,1,0,4.06,825.38,0.983789284935424,2,2,10,2,0
0,72.39,3,0,39,1,67,3,0,12.17,217.17,16.811714325183,0,1,1,3,0
0,429.23,2,1,23,1,53,3,0,39.93,858.46,9.30270484355707,2,0,10,5,1
3,297.58,2,1,58,0,52,2,0,40.67,595.16,13.6669130989986,1,2,8,0,0
0,286.41,3,1,66,0,55,3,0,39.46,859.23,13.7774519046123,1,3,5,2,0
4,71.36,3,0,27,1,55,3,2,49.86,214.08,69.8710762331839,0,1,3,0,0
1,234.67,3,0,33,1,44,3,0,1,704.01,0.426130310648997,1,1,2,2,0
2,183.39,1,0,20,1,63,1,0,23.08,183.39,12.5852009378919,1,0,4,6,1
1,342.24,5,1,24,1,4,0,1,22.22,1711.2,6.49251986909771,2,0,1,6,1
1,313.31,2,0,63,0,9,0,0,14.69,626.62,4.68864702690626,1,3,6,6,1
0,411.22,2,1,27,1,10,2,0,40.86,822.44,9.93628714556685,2,1,5,2,0
3,25.73,5,0,33,1,80,0,0,3.2,128.65,12.4368441507967,0,1,9,5,1
4,215.72,2,0,22,1,31,2,0,12.24,431.44,5.67402188021509,1,0,2,5,1
4,408.4,4,0,39,0,80,3,2,5.41,1633.6,1.32468168462292,2,1,11,6,1
1,455.74,5,1,42,0,48,0,0,13.31,2278.7,2.92052486066617,2,2,11,5,1
1,28.66,5,0,28,0,53,3,0,7.97,143.3,27.8087927424983,0,1,3,1,0
1,480.9,4,1,60,1,88,0,0,35.63,1923.6,7.40902474526929,2,2,3,0,0
3,433,5,1,55,0,30,0,1,17.44,2165,4.02771362586605,2,2,2,0,0
3,266.57,1,0,53,1,46,3,1,12.28,266.57,4.60666991784522,1,2,2,1,0
3,210.68,4,0,26,1,90,3,0,16.1,842.72,7.64192139737991,1,1,2,4,0
3,116.58,3,0,20,1,66,1,2,5.92,349.74,5.07805798593241,0,0,5,3,0
2,116.14,3,0,23,1,12,3,1,19.98,348.42,17.2033752367832,0,0,12,5,1
2,475.84,2,1,63,1,1,1,1,42.43,951.68,8.91686281102892,2,3,7,0,0
2,23.29,2,0,43,1,89,1,1,36.97,46.58,158.7376556462,0,2,12,6,1
3,324.93,3,1,54,1,34,3,0,29.62,974.79,9.11580955898193,1,2,1,1,0
0,239.72,4,0,61,1,70,3,0,10.3,958.88,4.29667945936927,1,3,8,6,1
0,55.22,1,0,38,1,8,0,2,32.21,55.22,58.3303151032235,0,1,5,6,1
0,234.16,5,1,62,0,24,3,0,42.13,1170.8,17.9919713016741,1,3,5,0,0
3,129.2,4,0,54,0,3,1,1,12.53,516.8,9.69814241486068,0,2,11,0,0
0,119.47,5,1,22,0,26,0,1,48.96,597.35,40.9809994140789,0,0,12,4,0
0,389.48,4,1,43,0,28,2,1,32.45,1557.92,8.33162164937866,2,2,4,2,0
1,403.1,1,1,22,0,51,1,1,25.64,403.1,6.36070453981642,2,0,3,3,0
1,360.79,3,1,55,1,19,1,0,20.9,1082.37,5.79284348235816,2,2,11,1,0
0,392.08,5,1,63,0,88,2,1,25.24,1960.4,6.43746174250153,2,3,9,5,1
0,49.67,5,0,18,1,44,2,0,47.92,248.35,96.4767465270787,0,0,8,3,0
4,288.02,1,0,33,0,78,1,0,34.35,288.02,11.9262551211721,1,1,9,0,0
1,322.22,2,1,26,0,55,1,0,34.23,644.44,10.6231767115635,1,1,1,0,0
0,201.09,4,1,57,1,95,1,0,39.22,804.36,19.5037048087921,1,2,3,3,0
4,210.92,4,0,44,1,15,3,2,46.28,843.68,21.9419685188697,1,2,4,6,1
1,408.87,2,0,22,0,37,1,1,15.18,817.74,3.71267150928168,2,0,12,6,1
3,429.38,5,1,28,1,38,1,0,4.27,2146.9,0.994457124225628,2,1,7,5,1
0,223.96,2,0,20,0,86,2,2,16.19,447.92,7.22896945883193,1,0,7,5,1
0,119.43,3,0,49,1,54,1,2,13.02,358.29,10.9017834714896,0,2,12,6,1
4,94.84,2,0,47,0,56,0,0,35.24,189.68,37.1573175875158,0,2,5,5,1
2,499.71,2,1,55,1,66,0,1,36.85,999.42,7.37427708070681,2,2,1,3,0
2,396.76,4,1,27,1,1,1,2,9.54,1587.04,2.40447625768727,2,1,3,2,0
2,496.73,3,1,70,1,45,0,0,32.6,1490.19,6.56292150665351,2,3,5,4,0
1,115.78,2,0,61,0,92,0,1,13.87,231.56,11.9796165140784,0,3,1,6,1
2,230.22,1,1,43,0,64,3,2,49.44,230.22,21.4751107636174,1,2,12,0,0
3,368.87,2,0,24,1,32,3,0,21.04,737.74,5.70390652533413,2,0,7,1,0
3,396.86,3,1,45,1,16,2,1,15.35,1190.58,3.86786272237061,2,2,11,4,0
1,439.19,5,1,63,1,25,0,0,41.06,2195.95,9.3490288941005,2,3,3,5,1
4,280.32,2,0,56,1,2,0,1,0.94,560.64,0.335331050228311,1,2,5,0,0
1,271.44,5,1,68,0,69,3,1,2.32,1357.2,0.854700854700855,1,3,2,3,0
4,178.29,3,0,20,1,40,3,1,6.02,534.87,3.37652139772281,1,0,6,2,0
4,131.25,5,1,26,1,91,3,2,36.16,656.25,27.5504761904762,0,1,4,0,0
2,16.36,3,0,20,1,65,3,1,33.88,49.08,207.090464547677,0,0,5,6,1
0,181.39,5,0,62,0,65,3,2,13.64,906.95,7.51970891449363,1,3,8,6,1
4,414.31,3,1,36,1,40,0,2,44.92,1242.93,10.8421230479593,2,1,6,4,0
4,318.97,3,0,28,0,54,1,0,9.45,956.91,2.96266106530395,1,1,11,4,0
2,337.04,1,1,48,1,41,3,2,48.02,337.04,14.2475670543556,2,2,6,6,1
0,263.53,3,1,50,1,38,1,1,40.19,790.59,15.2506356012598,1,2,10,0,0
4,388.36,3,1,58,1,41,0,2,49.02,1165.08,12.6223091976517,2,2,10,3,0
4,430.82,1,1,50,0,42,0,0,25.64,430.82,5.95144143725918,2,2,11,5,1
0,352.57,1,0,40,1,43,3,2,29.32,352.57,8.31607907649545,2,1,7,0,0
0,339.87,3,1,24,1,40,1,1,46.28,1019.61,13.6169711948686,2,0,1,3,0
0,73.33,5,0,38,1,86,3,2,30.29,366.65,41.3064230192281,0,1,12,1,0
3,49.96,2,1,53,1,76,1,2,47.73,99.92,95.5364291433146,0,2,5,2,0
3,482.35,5,1,32,1,50,3,0,40.16,2411.75,8.3259044262465,2,1,7,5,1
0,374.06,5,1,50,0,20,2,1,35.49,1870.3,9.48778270865637,2,2,1,1,0
1,446.15,3,1,38,1,19,0,2,36.28,1338.45,8.13179423960552,2,1,12,2,0
1,439.17,2,0,30,1,57,2,2,0.53,878.34,0.120682195960562,2,1,12,6,1
0,8.78,1,0,44,0,93,3,0,18.5,8.78,210.706150341686,0,2,4,5,1
3,307.99,1,1,32,1,58,1,1,18.73,307.99,6.08136627812591,1,1,6,4,0
4,55.94,4,0,59,1,65,0,1,24.59,223.76,43.9578119413658,0,2,7,5,1
4,83.83,5,0,19,0,98,1,1,16.33,419.15,19.4798997972086,0,0,4,5,1
4,344.95,3,0,60,1,55,2,2,0.09,1034.85,0.0260907377880852,2,2,5,3,0
0,25.46,5,1,43,1,67,3,2,44.53,127.3,174.901806755695,0,2,5,4,0
4,334.67,5,0,52,0,49,1,0,9.63,1673.35,2.87746137986673,1,2,11,5,1
2,424.58,2,1,57,0,60,0,2,21.58,849.16,5.08266993263931,2,2,3,1,0
2,58.55,5,0,70,0,18,2,0,28.19,292.75,48.1468830059778,0,3,4,2,0
3,481.37,4,1,69,0,3,2,2,8.24,1925.48,1.71178095851424,2,3,8,2,0
2,217.49,3,0,68,1,36,0,0,16.93,652.47,7.78426594326176,1,3,5,1,0
1,248.41,2,0,30,1,0,2,1,13.67,496.82,5.50299907411135,1,1,10,4,0
3,194.58,2,0,22,1,96,2,1,20.95,389.16,10.766779730702,1,0,11,4,0
3,392.45,5,1,61,0,19,1,2,34.74,1962.25,8.85208306790674,2,3,5,0,0
3,332.72,3,1,28,0,51,1,1,4.9,998.16,1.47270978600625,1,1,7,5,1
3,395.52,4,1,51,1,13,2,0,35.68,1582.08,9.0210355987055,2,2,12,4,0
2,454.54,3,1,35,1,80,3,1,20.46,1363.62,4.50125401504818,2,1,1,1,0
1,174.62,2,0,65,0,80,1,0,15.22,349.24,8.71606917878823,1,3,8,5,1
3,494.77,1,1,19,0,32,3,0,36.99,494.77,7.47620106312024,2,0,12,5,1
3,418.93,2,1,66,1,10,0,1,9.67,837.86,2.30826152340487,2,3,5,3,0
3,72.06,4,0,69,0,90,1,1,16.76,288.24,23.2583957812934,0,3,4,6,1
0,335.82,3,0,35,1,47,2,1,3.92,1007.46,1.16729200166756,2,1,3,6,1
4,482.05,4,1,23,1,5,2,0,12.49,1928.2,2.59101752930194,2,0,10,1,0
4,449.8,5,1,60,1,19,0,1,12.63,2249,2.80791462872388,2,2,9,1,0
2,231.2,2,0,24,0,68,3,1,46.04,462.4,19.9134948096886,1,0,5,5,1
1,34.48,4,0,22,0,13,0,2,20.67,137.92,59.9477958236659,0,0,3,4,0
3,220.17,1,0,44,0,19,1,2,23.02,220.17,10.4555570695372,1,2,11,0,0
2,180.63,1,0,44,1,0,3,1,29.4,180.63,16.2763660521508,1,2,7,4,0
2,312.27,2,0,68,1,6,2,2,6.55,624.54,2.09754379223108,1,3,6,4,0
0,276.31,1,1,24,0,45,3,1,46.63,276.31,16.8759726394267,1,0,8,5,1
2,466.88,5,1,63,0,79,0,0,11.67,2334.4,2.49957162440027,2,3,4,5,1
3,96.72,2,0,70,0,77,3,1,46.91,193.44,48.5008271298594,0,3,3,6,1
2,138.89,2,0,27,1,84,3,0,3.71,277.78,2.67117863057096,0,1,5,4,0
4,138.21,2,0,53,0,97,3,0,28.72,276.42,20.7799725056074,0,2,2,5,1
2,431.94,1,1,59,1,90,3,1,48.8,431.94,11.2978654442747,2,2,1,6,1
4,308.47,4,0,69,1,91,1,1,5.83,1233.88,1.88997309300742,1,3,12,2,0
2,488.17,1,1,36,0,18,2,2,8.52,488.17,1.74529364770469,2,1,6,4,0
1,208.08,5,0,26,0,46,0,2,9.91,1040.4,4.76259131103422,1,1,7,6,1
4,221.77,5,0,57,1,51,2,0,10.4,1108.85,4.68954322045362,1,2,10,1,0
0,467.96,5,1,26,0,14,2,1,33.61,2339.8,7.1822377981024,2,1,9,6,1
4,256.75,1,0,35,1,0,3,1,46.03,256.75,17.9279454722493,1,1,2,3,0
2,283.21,5,1,26,0,14,3,1,37.05,1416.05,13.0821651777833,1,1,4,4,0
1,379.71,2,1,44,1,24,1,2,35.72,759.42,9.40717916304548,2,2,12,6,1
0,230.78,4,0,42,1,46,3,2,25.38,923.12,10.9974867839501,1,2,5,3,0
1,200.59,2,0,53,0,6,0,1,16.17,401.18,8.06121940276185,1,2,6,3,0
4,10.58,4,0,19,1,54,0,1,29.31,42.32,277.03213610586,0,0,9,2,0
3,20.61,4,0,34,1,47,2,2,34.08,82.44,165.356622998544,0,1,8,4,0
0,386.65,5,1,31,1,9,2,0,39.77,1933.25,10.285788180525,2,1,4,0,0
1,183.43,2,0,23,1,79,0,0,35.28,366.86,19.2334950662378,1,0,3,3,0
1,37.68,5,0,31,1,58,2,1,3.56,188.4,9.447983014862,0,1,6,1,0
2,82.33,4,0,35,0,61,2,2,10.77,329.32,13.0815012753553,0,1,4,1,0
3,200.16,4,1,25,1,50,1,1,43.39,800.64,21.677657873701,1,0,1,4,0
1,161.53,5,0,59,1,48,3,0,12.95,807.65,8.01708660929858,0,2,10,1,0
1,169.89,5,0,30,0,27,3,1,24.8,849.45,14.5976808523162,0,1,3,3,0
4,414.52,3,0,47,1,18,0,2,13.06,1243.56,3.15063205635434,2,2,8,0,0
2,51.32,1,0,41,0,84,2,2,38.84,51.32,75.6819953234607,0,2,5,0,0
3,491.33,5,1,58,1,93,0,2,47.06,2456.65,9.57808397614638,2,2,12,3,0
2,312.73,5,1,67,0,94,2,0,39.76,1563.65,12.7138426118377,1,3,6,0,0
1,204.44,5,0,63,1,36,0,1,10.82,1022.2,5.29250635883389,1,3,1,0,0
0,199.03,3,1,60,1,19,3,2,39.74,597.09,19.9668391699744,1,2,5,6,1
0,415.42,5,1,34,1,50,1,2,20.1,2077.1,4.83847672235328,2,1,11,5,1
2,292.33,5,0,44,0,83,0,1,8.14,1461.65,2.78452433893203,1,2,4,0,0
2,312.45,4,1,68,1,9,1,1,44.88,1249.8,14.3638982237158,1,3,11,2,0
0,250.32,4,0,70,1,18,0,2,24.45,1001.28,9.76749760306807,1,3,1,6,1
4,205.64,5,0,38,1,11,3,2,16.06,1028.2,7.80976463723011,1,1,2,3,0
3,28.14,3,0,67,1,93,2,1,35.29,84.42,125.408670931059,0,3,6,3,0
2,345,2,0,47,1,72,3,1,19.7,690,5.71014492753623,2,2,6,6,1
2,156.65,2,1,51,0,69,3,1,42.82,313.3,27.3348228534951,0,2,1,2,0
1,255.03,3,1,29,0,89,2,2,37.57,765.09,14.7316002038976,1,1,8,2,0
0,385.22,2,1,31,1,91,2,1,39.91,770.44,10.3603135870412,2,1,10,2,0
2,268.47,2,0,45,0,2,3,0,14.55,536.94,5.41959995530227,1,2,2,4,0
0,491.24,4,0,37,0,11,0,2,1.65,1964.96,0.335884699943001,2,1,12,4,0
4,464.83,5,1,41,0,66,2,2,14.39,2324.15,3.09575543747176,2,2,5,5,1
3,310.55,5,0,19,0,83,0,0,0.83,1552.75,0.267267750764772,1,0,1,4,0
2,493.97,3,0,56,0,28,1,0,5.83,1481.91,1.18023361742616,2,2,8,1,0
0,206.72,5,1,65,0,77,1,1,15.1,1033.6,7.30456656346749,1,3,8,0,0
0,240.84,1,1,46,0,84,3,1,31.79,240.84,13.1996346121907,1,2,10,1,0
0,283.8,1,1,51,0,30,3,1,40.69,283.8,14.3375616631431,1,2,2,6,1
4,181.49,1,0,44,1,81,3,1,40.05,181.49,22.0673315334178,1,2,10,6,1
1,368.99,1,1,29,1,4,1,1,29.33,368.99,7.94872489769371,2,1,9,1,0
4,258.35,2,0,46,0,36,3,0,30.01,516.7,11.6160247725953,1,2,12,4,0
0,17.47,1,0,23,1,76,1,2,30.5,17.47,174.585002862049,0,0,5,6,1
0,159.99,1,0,34,1,2,2,0,48.73,159.99,30.4581536346022,0,1,9,4,0
1,86.58,4,0,62,0,16,3,2,37.52,346.32,43.3356433356433,0,3,5,3,0
3,136.93,5,1,24,1,92,0,0,43.52,684.65,31.7826626743592,0,0,12,2,0
3,168.22,4,1,23,1,18,3,1,45.64,672.88,27.1311377957437,0,0,12,1,0
2,211.2,2,0,39,0,70,3,1,30.41,422.4,14.3986742424242,1,1,3,6,1
1,11.25,5,0,29,1,71,3,1,17.45,56.25,155.111111111111,0,1,9,6,1
1,438.28,5,1,63,0,39,3,0,20.57,2191.4,4.69334671899243,2,3,12,5,1
3,459.66,5,1,46,0,82,0,1,48.74,2298.3,10.6034895357438,2,2,3,4,0
2,332.81,2,0,35,0,10,2,2,21.12,665.62,6.3459631621646,1,1,1,3,0
3,426.01,3,1,49,0,16,0,2,41.11,1278.03,9.65000821576958,2,2,8,2,0
4,317.45,5,1,50,0,93,3,2,44.29,1587.25,13.9518034336116,1,2,7,2,0
4,297.13,5,1,27,1,30,1,1,42.7,1485.65,14.3708141217649,1,1,7,0,0
3,203.92,1,0,28,0,9,3,0,11.84,203.92,5.8061985092193,1,1,3,3,0
0,311.99,3,1,31,1,29,3,0,32.4,935.97,10.3849482355204,1,1,11,3,0
3,29.09,3,0,35,1,35,2,1,48.75,87.27,167.583361980062,0,1,9,6,1
3,367.55,3,1,35,0,12,2,2,30.07,1102.65,8.18119983675691,2,1,3,6,1
4,114.58,2,0,47,1,12,0,0,5.48,229.16,4.78268458718799,0,2,5,5,1
2,199.31,3,0,51,1,69,0,0,25.76,597.93,12.9245898349305,1,2,4,4,0
2,118.75,1,0,28,0,34,3,2,26.83,118.75,22.5936842105263,0,1,4,4,0
2,398.15,3,1,32,0,19,0,2,46.34,1194.45,11.6388295868391,2,1,11,0,0
4,79.94,2,0,61,0,40,0,2,0.49,159.88,0.612959719789842,0,3,3,6,1
0,243.32,5,0,58,1,24,1,0,23.73,1216.6,9.75258918296893,1,2,2,3,0
3,216.48,1,0,47,1,58,1,1,36.02,216.48,16.6389504804139,1,2,2,6,1
1,387.09,4,1,70,1,97,2,1,3.77,1548.36,0.973933710506601,2,3,12,6,1
3,368.74,5,1,55,0,61,2,0,31.18,1843.7,8.4558225307805,2,2,6,1,0
1,153.62,4,0,24,1,81,1,0,9.89,614.48,6.43796380679599,0,0,2,4,0
1,470.81,3,1,21,0,29,3,0,46.02,1412.43,9.77464369915677,2,0,12,0,0
3,225.51,5,1,30,0,65,2,1,45.56,1127.55,20.203095206421,1,1,9,4,0
1,416.7,3,1,39,0,38,3,1,43.18,1250.1,10.3623710103192,2,1,11,3,0
3,286.66,4,0,49,0,96,3,0,14.56,1146.64,5.07918788809042,1,2,10,3,0
1,382.73,5,1,55,1,24,0,1,24.78,1913.65,6.4745381861887,2,2,2,6,1
0,386.45,3,1,65,1,25,2,2,48.99,1159.35,12.6769310389442,2,3,10,0,0
3,309.24,2,1,26,1,48,0,0,34.78,618.48,11.2469279523994,1,1,1,0,0
2,361.52,3,1,24,1,26,1,0,26.87,1084.56,7.43250719185661,2,0,4,4,0
2,134.39,3,0,41,0,14,3,0,13.74,403.17,10.2239749981397,0,2,1,0,0
3,333.52,4,0,35,0,19,2,0,13.13,1334.08,3.93679539457904,1,1,9,0,0
4,44.55,5,0,38,0,24,0,2,12.69,222.75,28.4848484848485,0,1,9,1,0
1,205.91,5,0,41,1,24,0,0,1.17,1029.55,0.568209411878976,1,2,2,6,1
0,27.96,4,0,67,1,1,0,1,20.07,111.84,71.7811158798283,0,3,11,1,0
0,495.26,3,1,55,1,60,2,1,36.95,1485.78,7.46072769858256,2,2,2,6,1
0,443.42,1,1,63,1,83,0,2,29.59,443.42,6.67313156826485,2,3,9,6,1
1,364.71,3,1,52,1,90,0,1,18.81,1094.13,5.15752241506951,2,2,8,2,0
1,193.4,5,0,22,0,98,3,1,23.51,967,12.1561530506722,1,0,5,2,0
2,495.08,4,1,39,1,3,1,2,44.98,1980.32,9.0854003393391,2,1,11,0,0
2,6.96,2,0,33,0,58,2,0,20.46,13.92,293.965517241379,0,1,2,5,1
3,193.67,1,1,64,0,4,2,0,47.01,193.67,24.2732483089792,1,3,9,1,0
2,247.07,2,0,46,0,19,0,1,38.22,494.14,15.4693001983244,1,2,3,0,0
2,317.26,1,0,36,1,23,1,2,7.01,317.26,2.20954422240434,1,1,4,0,0
2,443.95,5,1,27,1,51,2,1,35.67,2219.75,8.03468859105755,2,1,10,1,0
0,340.54,2,0,18,1,30,0,2,17.35,681.08,5.09484935690374,2,0,3,2,0
1,419.6,5,1,50,1,0,2,0,29.3,2098,6.98284080076263,2,2,8,3,0
0,493.5,4,1,68,0,36,2,0,34.59,1974,7.00911854103344,2,3,6,0,0
0,179.73,3,0,24,0,64,1,0,1.72,539.19,0.956991042118734,1,0,4,4,0
2,355.57,2,1,58,0,94,0,1,49.26,711.14,13.8538121888798,2,2,6,3,0
2,205.96,3,0,55,1,14,0,1,7.83,617.88,3.80170906972228,1,2,2,2,0
2,433.64,5,1,20,1,35,1,1,49.28,2168.2,11.36426528918,2,0,7,2,0
4,226.55,1,0,44,1,47,2,2,37.26,226.55,16.4467005076142,1,2,3,6,1
2,172.96,3,0,52,1,40,1,0,3.25,518.88,1.87904717853839,1,2,5,6,1
0,414.61,4,1,55,1,64,2,2,31.43,1658.44,7.58061793010299,2,2,5,3,0
4,471.88,2,1,65,0,93,1,0,22.11,943.76,4.6855132660846,2,3,5,6,1
1,247.14,4,0,55,1,66,3,0,1.3,988.56,0.526017641822449,1,2,4,4,0
2,286.24,3,1,70,1,16,1,1,33.86,858.72,11.8292342090553,1,3,6,3,0
0,360.38,2,1,42,1,71,0,1,40.44,720.76,11.2214884288806,2,2,12,5,1
2,278.29,3,0,24,0,29,1,1,22.99,834.87,8.26116640914154,1,0,4,1,0
0,394.51,5,1,67,1,19,0,2,4.34,1972.55,1.10009885680971,2,3,8,1,0
3,298.86,3,0,62,1,32,3,0,5.17,896.58,1.72990697985679,1,3,1,2,0
4,196.71,4,0,55,0,33,2,2,7.84,786.84,3.98556250317727,1,2,1,2,0
0,39.38,1,0,70,0,86,2,0,12.59,39.38,31.9705434230574,0,3,9,4,0
1,245.25,3,0,59,1,90,1,2,20.72,735.75,8.44852191641182,1,2,10,0,0
2,66.58,2,0,24,1,47,1,0,49.9,133.16,74.9474316611595,0,0,3,0,0
1,88.2,4,1,19,1,99,3,2,30.7,352.8,34.8072562358277,0,0,3,5,1
3,196.03,2,1,26,0,28,2,2,39.07,392.06,19.9306228638474,1,1,4,4,0
4,374.4,2,0,39,1,91,2,2,13.53,748.8,3.61378205128205,2,1,2,1,0
1,461.1,4,1,69,1,72,2,0,21.67,1844.4,4.69963131641726,2,3,7,4,0
4,328.41,4,0,29,1,17,2,0,3.85,1313.64,1.17231509393746,1,1,4,1,0
0,23.79,1,0,32,1,20,3,1,49.21,23.79,206.851618327028,0,1,3,2,0
4,207.7,1,0,66,0,85,0,1,36.67,207.7,17.655272026962,1,3,2,5,1
2,497.66,4,1,18,0,56,2,1,6.17,1990.64,1.23980227464534,2,0,9,6,1
3,85.5,3,0,20,0,56,2,2,2.7,256.5,3.15789473684211,0,0,9,5,1
4,375.85,4,1,21,0,42,2,1,11.44,1503.4,3.04376746042304,2,0,2,6,1
3,348.91,5,1,70,0,22,0,2,12.14,1744.55,3.47940729701069,2,3,2,0,0
2,213.99,4,0,38,0,82,0,0,14.24,855.96,6.65451656619468,1,1,6,0,0
3,87.42,2,0,40,1,41,1,0,37.04,174.84,42.3701670098376,0,1,11,4,0
0,308.61,1,1,47,0,26,3,2,40.48,308.61,13.1168789086549,1,2,7,0,0
4,449.15,1,1,60,1,14,0,1,21.49,449.15,4.78459312033842,2,2,12,6,1
1,277.94,1,0,69,1,58,0,2,24.73,277.94,8.89760379938116,1,3,8,5,1
0,107.8,5,0,23,0,58,3,2,21.37,539,19.8237476808905,0,0,8,1,0
0,76.54,2,0,45,0,39,2,2,10.43,153.08,13.6268617716227,0,2,3,4,0
4,289.35,3,1,68,0,20,2,1,40.33,868.05,13.9381372040781,1,3,1,2,0
0,106.5,4,0,29,0,5,0,1,32.99,426,30.9765258215963,0,1,4,3,0
1,423.3,4,1,22,0,41,3,2,36.02,1693.2,8.50933144342074,2,0,3,0,0
2,385.46,4,1,28,0,82,3,0,28.35,1541.84,7.3548487521403,2,1,3,1,0
1,306.76,5,0,48,1,0,0,0,15.21,1533.8,4.95827356891381,1,2,4,4,0
0,396.39,4,1,22,1,60,1,1,48.82,1585.56,12.3161532833825,2,0,10,6,1
4,261.55,2,0,18,1,72,3,0,15.04,523.1,5.75033454406423,1,0,8,1,0
3,417.2,4,1,69,0,20,3,2,45.8,1668.8,10.9779482262704,2,3,9,1,0
1,386.45,1,1,64,1,52,0,0,24.84,386.45,6.4277396817182,2,3,12,3,0
3,232.22,2,0,67,0,39,0,2,16.06,464.44,6.91585565412109,1,3,1,6,1
0,222.5,5,0,22,0,8,2,1,2.41,1112.5,1.08314606741573,1,0,11,1,0
4,187.55,4,1,29,0,81,3,0,46.39,750.2,24.7347374033591,1,1,10,3,0
2,435.76,3,1,61,1,22,1,2,34.79,1307.28,7.98375252432532,2,3,5,4,0
0,438.14,5,1,63,0,96,0,1,47.76,2190.7,10.900625370886,2,3,3,2,0
1,157.49,5,0,65,0,8,0,2,5.96,787.45,3.78436726141342,0,3,1,6,1
0,118.27,2,0,62,1,13,3,2,26.02,236.54,22.0005073137736,0,3,3,5,1
3,122.41,4,0,49,1,10,0,2,19.51,489.64,15.9382403398415,0,2,9,6,1
2,412.51,1,0,68,1,76,2,2,4.43,412.51,1.07391335967613,2,3,9,6,1
1,424.32,1,1,66,0,57,0,1,12.04,424.32,2.83748114630468,2,3,11,2,0
4,185.25,1,0,46,1,60,0,2,7.35,185.25,3.96761133603239,1,2,2,4,0
0,329.6,4,0,29,1,2,3,0,17.34,1318.4,5.26092233009709,1,1,3,3,0
3,49.43,5,0,70,1,40,3,0,32.98,247.15,66.7206150111268,0,3,1,0,0
3,47.29,2,0,28,1,86,1,2,18.85,94.58,39.8604356100656,0,1,12,1,0
4,420.99,3,1,50,1,14,2,2,48.16,1262.97,11.4397016556213,2,2,8,5,1
3,267,1,1,29,0,44,3,0,39.75,267,14.8876404494382,1,1,6,1,0
3,40.1,5,0,64,0,81,3,0,21.99,200.5,54.8379052369077,0,3,6,0,0
3,232.39,3,0,37,1,80,0,2,22.73,697.17,9.78097164249753,1,1,9,4,0
4,359.53,4,1,48,1,52,0,2,26.83,1438.12,7.46252051289183,2,2,6,0,0
3,7.05,2,0,66,0,5,3,2,15.96,14.1,226.382978723404,0,3,11,0,0
2,315.53,2,0,39,1,81,1,0,13.34,631.06,4.22780718156752,1,1,9,3,0
4,355.22,5,1,43,0,80,3,2,20.19,1776.1,5.68380158774844,2,2,3,5,1
1,87.87,4,0,58,0,52,3,2,5.8,351.48,6.6006600660066,0,2,5,3,0
4,244.05,1,0,48,0,28,2,2,43.81,244.05,17.9512395001024,1,2,7,5,1
4,156.34,3,0,64,0,49,1,0,18.17,469.02,11.6221056671357,0,3,6,6,1
0,403.77,1,1,36,1,0,2,0,43.75,403.77,10.8353765757733,2,1,12,5,1
2,74.64,5,0,44,1,7,1,1,19.87,373.2,26.6211146838157,0,2,3,3,0
1,56.83,1,0,57,0,93,1,1,24.97,56.83,43.9380608833363,0,2,2,1,0
3,471.31,3,1,18,0,33,0,0,40.97,1413.93,8.69279242961108,2,0,10,1,0
2,151.09,1,0,42,1,80,0,1,29.13,151.09,19.27989939771,0,2,8,6,1
2,214.57,1,0,69,0,71,3,1,35.34,214.57,16.4701496015286,1,3,2,2,0
4,55.87,1,0,56,0,12,3,1,25.77,55.87,46.1249328798998,0,2,1,3,0
3,430.76,2,1,68,1,44,0,0,42.55,861.52,9.87789024050515,2,3,10,1,0
3,67.58,4,0,45,0,63,3,1,35.35,270.32,52.3083752589524,0,2,2,3,0
3,448.39,5,1,29,1,22,2,1,46.16,2241.95,10.2946096032472,2,1,12,1,0
0,225.97,5,1,32,1,55,0,2,48.77,1129.85,21.5825109527813,1,1,9,0,0
3,207.3,3,0,57,0,39,3,0,2.59,621.9,1.24939700916546,1,2,9,5,1
1,76.05,4,0,28,1,60,3,2,36.01,304.2,47.3504273504274,0,1,2,6,1
1,370.92,4,1,33,0,59,2,1,45.99,1483.68,12.398900032352,2,1,5,2,0
3,79.19,2,0,65,1,42,2,0,2.86,158.38,3.61156711706024,0,3,7,2,0
2,229.58,2,0,59,0,30,1,0,4.42,459.16,1.92525481313703,1,2,1,0,0
3,46.26,1,0,70,1,5,2,0,15.75,46.26,34.0466926070039,0,3,4,6,1
0,395.81,5,1,18,1,9,1,1,5.97,1979.05,1.50829943659837,2,0,3,0,0
1,262.1,2,0,24,1,72,2,0,14.09,524.2,5.37581075925219,1,0,6,5,1
2,305.49,2,0,47,0,94,1,1,32.81,610.98,10.740122426266,1,2,5,6,1
2,186.47,2,0,27,0,82,2,2,11.86,372.94,6.36027242988148,1,1,10,4,0
2,457.92,4,1,28,0,63,2,1,12.83,1831.68,2.80179944095038,2,1,7,2,0
0,413.1,2,1,50,1,6,1,1,43.76,826.2,10.5930767368676,2,2,7,2,0
0,292.89,5,1,59,0,15,1,2,37.65,1464.45,12.8546553313531,1,2,8,4,0
1,496.23,3,1,29,1,41,3,2,49.69,1488.69,10.0135018035991,2,1,11,2,0
2,106.75,5,0,33,1,65,1,2,22.74,533.75,21.3021077283372,0,1,8,5,1
1,194.65,4,1,33,0,71,3,0,27.54,778.6,14.1484716157205,1,1,5,4,0
2,75.38,3,0,62,1,57,3,1,14.67,226.14,19.4613955956487,0,3,6,0,0
2,223.87,1,0,42,1,57,3,1,12.87,223.87,5.74887211328003,1,2,11,3,0
3,11.85,4,0,37,0,90,3,1,36.1,47.4,304.641350210971,0,1,5,5,1
1,327.87,3,1,39,1,72,0,0,32.8,983.61,10.0039649861226,1,1,9,4,0
1,235.97,4,1,60,0,86,2,0,44.94,943.88,19.0447938297241,1,2,7,1,0
0,23.32,3,0,51,1,57,1,0,15.37,69.96,65.9090909090909,0,2,12,2,0
4,385.06,5,1,55,0,4,0,1,10.31,1925.3,2.67750480444606,2,2,3,6,1
4,22.98,3,0,18,0,81,1,0,47.91,68.94,208.485639686684,0,0,7,4,0
2,96,4,1,23,1,99,3,1,48.65,384,50.6770833333333,0,0,5,2,0
1,453.48,4,1,49,0,85,0,1,39.18,1813.92,8.63985181264885,2,2,4,3,0
4,491.26,3,1,20,0,85,0,0,34.08,1473.78,6.93726336359565,2,0,11,1,0
0,282.74,1,1,38,1,73,3,2,49.66,282.74,17.5638395699229,1,1,4,3,0
0,358.35,1,1,62,1,85,1,0,49.89,358.35,13.9221431561323,2,3,3,2,0
3,287.44,2,1,39,1,11,3,2,21.78,574.88,7.57723350960201,1,1,11,2,0
4,198.6,1,0,45,0,76,3,0,26.06,198.6,13.1218529707956,1,2,6,6,1
2,185.62,5,1,60,0,86,2,1,49.41,928.1,26.6188988255576,1,2,11,5,1
3,381.27,4,1,63,0,54,3,1,48.04,1525.08,12.5999947543735,2,3,8,0,0
0,88.62,3,0,65,0,25,2,2,10.56,265.86,11.9160460392688,0,3,7,2,0
2,317.13,3,1,25,1,16,2,0,46.35,951.39,14.6154573834074,1,0,9,2,0
2,25.93,4,0,21,0,76,1,0,43.49,103.72,167.720786733513,0,0,11,3,0
0,112.03,4,0,48,1,17,3,0,6.79,448.12,6.06087655092386,0,2,2,0,0
0,340.82,3,1,55,1,41,3,1,27.6,1022.46,8.09811630772842,2,2,12,3,0
1,158.69,2,0,29,1,58,2,2,12.29,317.38,7.7446593988279,0,1,7,3,0
0,391.13,3,1,68,1,26,3,1,36.87,1173.39,9.42653337764937,2,3,2,5,1
0,303.13,4,0,57,1,90,1,0,10.13,1212.52,3.34180054761983,1,2,5,0,0
2,168.57,4,0,70,0,53,0,2,2.6,674.28,1.54238595242333,0,3,6,4,0
1,10.95,4,0,39,1,74,1,2,17.04,43.8,155.616438356164,0,1,4,6,1
2,274.22,5,1,62,1,10,3,1,43.41,1371.1,15.8303551892641,1,3,10,2,0
0,71.21,2,0,48,1,39,2,1,14,142.42,19.660160089875,0,2,12,3,0
1,179.91,5,1,53,1,63,2,0,45.37,899.55,25.2181646378745,1,2,7,5,1
2,419.72,2,1,63,0,31,2,1,34.19,839.44,8.14590679500619,2,3,8,0,0
0,326.71,1,0,52,1,79,1,1,8.93,326.71,2.73331088733127,1,2,5,3,0
4,451.33,3,1,37,1,44,1,1,16.95,1353.99,3.7555668801099,2,1,9,3,0
0,86.56,5,1,55,0,2,3,0,37.16,432.8,42.9297597042514,0,2,1,6,1
0,68.68,1,0,24,0,31,3,0,17.57,68.68,25.5824111822947,0,0,8,3,0
4,432.97,2,1,21,0,23,2,1,32.03,865.94,7.39774118299189,2,0,1,5,1
1,398.24,5,1,57,0,98,0,0,4.66,1991.2,1.17014865407794,2,2,5,4,0
1,139.17,2,0,37,1,36,2,2,16.9,278.34,12.14342171445,0,1,9,0,0
1,81.14,2,0,30,1,33,3,0,25.62,162.28,31.5750554596993,0,1,10,5,1
4,399.67,5,1,39,0,95,1,2,38.08,1998.35,9.52786048490004,2,1,1,6,1
4,377.86,3,1,54,1,67,2,1,41.34,1133.58,10.9405599957656,2,2,8,2,0
2,465.34,1,1,30,1,71,1,0,38.46,465.34,8.26492457128121,2,1,12,1,0
3,214.54,3,0,31,0,32,1,0,8.35,643.62,3.89204810291787,1,1,11,4,0
3,182.24,1,0,40,1,91,0,1,39.09,182.24,21.4497366110623,1,1,2,4,0
4,171.15,3,1,43,0,78,0,0,32.21,513.45,18.8197487583991,0,2,1,5,1
0,217.56,2,0,56,0,97,1,0,18.15,435.12,8.34252619966906,1,2,4,0,0
2,328.51,5,1,44,0,87,0,1,8.97,1642.55,2.73051048674317,1,2,4,5,1
4,169.4,2,1,69,1,56,0,0,46.77,338.8,27.6092089728453,0,3,5,5,1
3,490.08,2,1,65,0,37,0,1,14.65,980.16,2.98930786810317,2,3,5,1,0
3,374.27,2,1,18,1,82,0,2,36.71,748.54,9.80842707136559,2,0,2,0,0
2,163.26,1,0,55,0,71,0,0,10.19,163.26,6.24157785128017,0,2,8,6,1
3,178.99,4,0,68,0,21,3,2,5.16,715.96,2.88284261690597,1,3,10,3,0
2,242.54,4,0,65,0,84,1,2,17.19,970.16,7.08749072317968,1,3,4,0,0
0,42.92,4,0,37,1,89,2,2,23.73,171.68,55.2889095992544,0,1,2,6,1
1,290.55,1,1,57,1,40,0,2,49.76,290.55,17.1261400791602,1,2,4,2,0
2,350.14,4,0,55,1,91,0,2,2.86,1400.56,0.816816130690581,2,2,1,4,0
4,129.37,3,0,60,0,96,1,1,3.1,388.11,2.39622787354101,0,2,2,3,0
1,111.71,3,0,69,0,90,1,1,0.46,335.13,0.411780503088354,0,3,7,6,1
2,232.53,2,0,67,0,55,1,2,19.85,465.06,8.53653292048338,1,3,2,1,0
1,398.33,1,1,45,1,79,2,1,47.05,398.33,11.8118143248061,2,2,2,1,0
2,439.45,2,1,27,0,72,0,1,18.45,878.9,4.1984298555012,2,1,7,6,1
1,353.86,1,0,18,0,68,1,0,7.14,353.86,2.01774713163398,2,0,10,3,0
2,73.43,5,0,44,1,26,0,2,32.04,367.15,43.6333923464524,0,2,1,6,1
0,365.97,2,1,59,0,56,3,1,19.98,731.94,5.45946389048283,2,2,7,5,1
1,194.41,4,1,66,1,78,0,1,28.54,777.64,14.6803147986215,1,3,8,3,0
1,276.55,4,0,53,0,55,0,1,9.42,1106.2,3.40625564997288,1,2,5,3,0
4,493.47,3,1,35,1,1,1,2,23.87,1480.41,4.83717348572355,2,1,2,3,0
2,78.99,3,0,40,1,20,3,0,1.46,236.97,1.84833523230789,0,1,1,3,0
0,418.47,4,1,53,0,17,0,1,37.55,1673.88,8.97316414557794,2,2,9,3,0
1,241.72,4,1,38,1,73,3,0,33.57,966.88,13.8879695515472,1,1,6,0,0
4,324.97,4,1,69,0,30,2,1,25.08,1299.88,7.71763547404376,1,3,7,3,0
0,43.32,2,0,54,0,33,3,1,44.25,86.64,102.146814404432,0,2,3,1,0
1,369.21,2,1,56,0,15,0,0,36.73,738.42,9.94826792340403,2,2,5,0,0
0,217.45,5,0,35,1,16,2,0,16.14,1087.25,7.42239595309267,1,1,5,4,0
0,242.48,1,0,34,0,7,1,2,31.69,242.48,13.0691191026064,1,1,1,1,0
4,61.78,3,0,49,1,98,1,0,20.11,185.34,32.5509873745549,0,2,11,1,0
0,305.99,4,0,55,1,11,2,1,4.05,1223.96,1.32357266577339,1,2,9,4,0
2,92.78,3,0,48,0,93,2,1,28.75,278.34,30.9872817417547,0,2,2,6,1
1,406.67,2,1,25,0,0,2,0,46.67,813.34,11.4761354415128,2,0,1,3,0
1,61.47,1,0,25,0,32,3,2,10.91,61.47,17.748495200911,0,0,5,3,0
0,14.18,4,0,23,1,87,3,2,36.34,56.72,256.276445698167,0,0,4,0,0
1,463.26,5,1,55,0,88,2,0,13.32,2316.3,2.87527522341666,2,2,9,4,0
1,421.54,3,1,61,1,92,2,0,19.98,1264.62,4.73976372349006,2,3,12,4,0
0,471.97,1,1,48,0,49,3,2,30.64,471.97,6.49193804690976,2,2,4,4,0
2,390.62,5,1,39,0,32,2,2,39.91,1953.1,10.217090778762,2,1,12,5,1
3,225.83,1,0,37,0,71,1,1,45.33,225.83,20.0726209980959,1,1,9,5,1
1,284.99,2,0,70,1,79,2,0,43.25,569.98,15.1759710867048,1,3,6,3,0
2,111.79,5,0,21,1,99,0,0,19.68,558.95,17.6044368905984,0,0,3,6,1
2,143.59,2,0,63,1,44,3,1,4.33,287.18,3.01553032941013,0,3,9,4,0
2,234.94,3,1,45,0,97,2,1,47.09,704.82,20.0434153400868,1,2,10,5,1
0,448.35,3,1,38,0,22,0,0,21.53,1345.05,4.80205196832832,2,1,8,3,0
0,377.08,5,1,56,0,91,2,2,21.78,1885.4,5.77596266044341,2,2,6,3,0
3,348.74,4,1,45,0,38,3,2,26.14,1394.96,7.49555542811263,2,2,9,6,1
1,326.59,2,0,67,0,34,1,2,21.09,653.18,6.45763801708564,1,3,12,6,1
3,368.05,3,1,25,1,29,3,1,48.62,1104.15,13.2101616628176,2,0,7,6,1
2,88.68,4,0,59,1,84,3,0,2.27,354.72,2.55976544880469,0,2,12,1,0
4,199.65,3,0,41,1,18,2,0,13.98,598.95,7.00225394440271,1,2,7,2,0
3,464.71,4,0,37,1,86,2,2,3.56,1858.84,0.766069161412494,2,1,9,3,0
2,80.59,4,0,26,0,45,2,1,22.89,322.36,28.4030276709269,0,1,7,2,0
3,290.5,2,1,38,1,96,0,1,47.08,581,16.2065404475043,1,1,3,2,0
0,259.45,2,0,50,1,69,3,1,5.65,518.9,2.17768356137984,1,2,6,3,0
0,55.66,5,0,44,1,6,0,2,40.45,278.3,72.6733740567733,0,2,6,5,1
1,179.46,5,1,25,1,58,1,2,32.48,897.3,18.0987406664438,1,0,8,4,0
1,266.87,5,1,22,0,97,1,1,22.88,1334.35,8.57346273466482,1,0,2,4,0
0,251.4,4,0,64,0,50,1,2,5.94,1005.6,2.36276849642005,1,3,5,6,1
2,226.48,3,1,22,1,11,2,0,32.3,679.44,14.261744966443,1,0,2,3,0
3,496.75,3,1,63,0,40,3,0,27.55,1490.25,5.5460493205838,2,3,11,1,0
2,435.26,5,1,24,0,64,1,1,45.37,2176.3,10.423654827,2,0,9,1,0
4,417.58,4,1,29,1,57,1,0,24.17,1670.32,5.78811245749318,2,1,2,6,1
0,138.87,5,1,58,1,57,2,0,36.85,694.35,26.5356088428026,0,2,8,6,1
2,11.57,5,0,61,1,98,0,0,40.99,57.85,354.278305963699,0,3,8,1,0
3,71.4,1,0,62,0,85,0,2,3,71.4,4.20168067226891,0,3,6,4,0
2,333.3,4,1,30,0,79,3,2,26.9,1333.2,8.07080708070807,1,1,12,6,1
3,436.8,2,1,65,0,65,0,2,4.74,873.6,1.08516483516484,2,3,4,4,0
3,47.07,4,1,24,0,25,0,2,36.12,188.28,76.7367750159337,0,0,3,4,0
2,44.73,3,0,30,1,24,3,1,41.07,134.19,91.8175720992623,0,1,6,5,1
4,270.58,2,0,62,0,39,1,1,7.4,541.16,2.73486584374307,1,3,5,1,0
3,331.81,3,0,24,1,79,3,0,11.27,995.43,3.39652210602453,1,0,9,4,0
2,495.25,2,1,65,1,26,0,2,19.82,990.5,4.0020191822312,2,3,2,1,0
4,328.16,5,1,28,0,4,2,2,31.27,1640.8,9.52888834714773,1,1,7,6,1
0,237.54,4,1,47,1,18,1,1,31.91,950.16,13.4335269849289,1,2,12,2,0
2,165.4,5,0,48,0,31,3,2,12.41,827,7.50302297460701,0,2,1,6,1
0,193.67,1,0,57,1,53,1,1,2.84,193.67,1.4664119378324,1,2,6,3,0
1,405,3,1,43,0,20,0,2,25.68,1215,6.34074074074074,2,2,3,4,0
3,323.48,5,1,69,1,37,0,1,22.84,1617.4,7.06071472734018,1,3,11,5,1
4,217.98,4,0,29,0,53,1,0,19.4,871.92,8.89989907330948,1,1,5,5,1
0,129.75,1,0,62,1,94,2,0,35.36,129.75,27.252408477842,0,3,9,6,1
3,161.7,3,0,20,0,78,0,0,2.85,485.1,1.76252319109462,0,0,7,5,1
3,185.82,1,1,21,1,93,1,2,40.56,185.82,21.827575072651,1,0,9,2,0
0,144.87,2,0,55,1,98,0,1,43.48,289.74,30.0131152067371,0,2,10,1,0
2,109.8,3,0,64,1,53,3,2,14.78,329.4,13.4608378870674,0,3,3,2,0
4,412.52,2,1,53,1,62,0,0,27.32,825.04,6.62270920197809,2,2,9,4,0
1,80.22,4,1,26,1,28,1,2,40.88,320.88,50.9598603839442,0,1,6,0,0
0,356.8,3,0,43,0,70,2,2,3.54,1070.4,0.992152466367713,2,2,10,0,0
4,74,1,0,31,0,70,1,2,13.4,74,18.1081081081081,0,1,9,0,0
3,258.12,3,0,51,1,38,2,0,14.14,774.36,5.47807221447389,1,2,3,3,0
1,291.24,3,1,31,0,22,3,1,39.45,873.72,13.545529460239,1,1,10,2,0
1,467.87,2,0,69,1,19,1,0,18.14,935.74,3.87714536089085,2,3,6,0,0
0,355.78,5,1,59,0,34,1,0,49.38,1778.9,13.8793636516949,2,2,8,3,0
3,225.65,4,0,24,1,85,0,2,15.65,902.6,6.93551961001551,1,0,5,1,0
0,289.71,3,0,30,0,89,0,1,8.26,869.13,2.85112698905802,1,1,1,4,0
0,130.42,3,0,61,0,90,1,1,0.38,391.26,0.29136635485355,0,3,7,3,0
1,352.07,4,1,61,1,79,2,1,41.93,1408.28,11.9095634390888,2,3,1,1,0
0,240.76,2,0,63,1,2,2,2,19.81,481.52,8.22811098189068,1,3,8,1,0
0,107.52,4,0,24,1,83,2,1,3.81,430.08,3.54352678571429,0,0,9,1,0
1,32.35,3,0,24,1,26,3,0,25.63,97.05,79.2272024729521,0,0,10,5,1
1,56.76,3,0,45,0,8,0,0,40.46,170.28,71.2825933756166,0,2,10,5,1
0,380.98,3,1,47,1,64,0,0,35.05,1142.94,9.19995800304478,2,2,6,3,0
3,111.14,5,0,21,1,51,1,2,21.96,555.7,19.7588626956991,0,0,5,3,0
1,331.91,2,0,41,0,26,3,0,32.12,663.82,9.67732216564731,1,2,12,0,0
4,417.05,4,1,51,1,50,2,1,41.38,1668.2,9.92207169404148,2,2,1,1,0
4,474.36,3,1,68,0,58,3,1,41.3,1423.08,8.70646766169154,2,3,3,4,0
2,381.13,2,0,47,0,72,3,2,11.74,762.26,3.08031380368903,2,2,11,3,0
0,33.09,4,0,34,0,54,3,0,28.75,132.36,86.8842550619523,0,1,6,3,0
0,211.45,3,0,60,1,77,2,2,2.38,634.35,1.12556159848664,1,2,4,5,1
1,451.89,1,1,20,0,67,1,1,10.51,451.89,2.3257872491093,2,0,11,5,1
2,225.37,2,0,33,1,39,3,2,40.55,450.74,17.9926343346497,1,1,12,1,0
0,184.18,2,0,62,1,37,0,1,26.47,368.36,14.3718101856879,1,3,6,4,0
2,20.81,4,0,44,1,98,2,2,31.66,83.24,152.138395002403,0,2,8,1,0
2,138.42,1,0,56,0,30,1,1,0.54,138.42,0.390117035110533,0,2,5,5,1
3,284.68,4,1,58,0,32,1,0,27.88,1138.72,9.79345229731628,1,2,3,4,0
3,489.7,2,1,64,0,17,1,2,31.49,979.4,6.43046763324484,2,3,12,6,1
2,484.03,3,1,38,0,19,2,1,26.39,1452.09,5.45214139619445,2,1,1,4,0
0,440.52,1,1,44,0,28,2,0,19.14,440.52,4.34486515935712,2,2,10,2,0
0,272.21,3,1,42,1,86,3,1,39.93,816.63,14.6688218654715,1,2,8,0,0
0,107.87,1,0,20,0,25,3,2,8.87,107.87,8.22286085102438,0,0,3,0,0
2,19.37,2,0,42,1,79,2,2,31.54,38.74,162.829117191533,0,2,8,1,0
0,353.5,3,1,44,0,75,1,1,9.52,1060.5,2.69306930693069,2,2,1,4,0
3,287.21,2,0,52,0,19,2,1,8.69,574.42,3.02566066641134,1,2,1,1,0
1,110.94,1,0,68,1,23,0,2,29.1,110.94,26.2303948080043,0,3,4,1,0
4,232.88,1,0,39,1,20,1,2,39.63,232.88,17.0173479903813,1,1,3,4,0
2,391.08,1,1,44,1,96,0,0,30.32,391.08,7.75288943438683,2,2,4,1,0
1,384.2,3,0,70,0,28,1,1,16.75,1152.6,4.35970848516398,2,3,4,5,1
2,182.12,2,1,27,0,6,1,2,35.88,364.24,19.7012958488908,1,1,11,5,1
0,300.17,3,1,52,0,4,2,2,22.38,900.51,7.45577506079888,1,2,8,5,1
4,111.84,2,0,50,1,71,2,1,19.11,223.68,17.0869098712446,0,2,10,3,0
0,472.15,1,1,28,1,42,0,2,30.69,472.15,6.5000529492746,2,1,6,0,0
3,429.26,5,1,48,0,55,2,0,48.11,2146.3,11.2076596934259,2,2,8,5,1
3,442.5,5,1,46,1,85,0,1,0.01,2212.5,0.00225988700564972,2,2,2,6,1
0,73.41,4,1,23,0,13,0,2,42.14,293.64,57.4036234845389,0,0,4,3,0
3,192.46,5,0,47,0,20,1,2,20.51,962.3,10.6567598462018,1,2,1,5,1
2,271.69,4,1,37,0,11,2,0,45.14,1086.76,16.6145239059222,1,1,12,0,0
0,27.12,2,0,63,1,56,0,1,21.32,54.24,78.6135693215339,0,3,9,0,0
4,116.13,5,0,30,1,76,3,0,6.79,580.65,5.84689572031344,0,1,6,5,1
2,167.61,1,1,69,1,70,3,2,46.42,167.61,27.695244913788,0,3,11,4,0
1,256.23,2,1,43,0,25,3,1,45.1,512.46,17.6013737657573,1,2,5,1,0
4,487.67,1,0,37,0,21,3,2,0.9,487.67,0.184551028359341,2,1,12,2,0
3,125.35,3,1,57,0,71,3,1,44.75,376.05,35.7000398883127,0,2,6,2,0
4,474.25,5,1,68,1,13,3,1,45.92,2371.25,9.68265682656827,2,3,1,3,0
4,103.12,2,0,48,1,83,3,1,39.55,206.24,38.3533747090768,0,2,11,1,0
0,422.89,2,0,53,0,89,0,1,11.9,845.78,2.81397053607321,2,2,4,5,1
2,302.22,2,0,35,1,21,1,1,39.34,604.44,13.0170074779962,1,1,3,0,0
1,454.87,5,1,21,1,83,3,2,29.06,2274.35,6.38863851210236,2,0,10,4,0
2,384.99,2,1,27,1,50,3,2,16.99,769.98,4.41310163900361,2,1,1,2,0
0,98.57,4,0,63,0,59,0,1,27.28,394.28,27.6757634168611,0,3,9,5,1
0,303.35,2,1,27,0,34,2,0,47.63,606.7,15.7013350914785,1,1,2,5,1
2,282.33,3,1,25,1,17,0,2,43.29,846.99,15.3331208160663,1,0,9,6,1
0,246,5,0,69,1,75,3,2,14.14,1230,5.7479674796748,1,3,3,5,1
1,474.78,4,1,51,1,78,3,1,24.54,1899.12,5.16870971818527,2,2,5,3,0
1,140.54,1,0,23,0,28,1,1,8.08,140.54,5.74925288174185,0,0,1,0,0
1,234.71,2,1,21,1,4,1,0,31.07,469.42,13.2376123727153,1,0,4,6,1
0,317.08,1,1,47,0,75,3,0,37.46,317.08,11.8140532357765,1,2,6,4,0
3,138.28,3,0,41,1,45,3,2,23.96,414.84,17.327162279433,0,2,2,0,0
0,494.58,3,1,28,1,15,1,1,43.58,1483.74,8.8115168425735,2,1,2,0,0
2,482.19,1,0,20,0,61,3,0,10.38,482.19,2.1526784047782,2,0,12,2,0
2,395.18,2,0,52,1,6,2,0,18.31,790.36,4.63333164633838,2,2,10,4,0
1,340.52,1,0,36,0,37,0,2,12.02,340.52,3.52989545401151,2,1,4,5,1
1,200.63,1,0,36,1,25,3,0,1.14,200.63,0.568210138065095,1,1,11,4,0
4,219.87,5,0,53,0,42,3,2,23.54,1099.35,10.7063264656388,1,2,8,0,0
2,368.51,2,0,62,0,37,0,2,24.28,737.02,6.58869501506065,2,3,8,5,1
3,10.39,3,0,67,0,42,3,1,44.33,31.17,426.660250240616,0,3,12,6,1
2,143.95,3,0,32,0,16,3,2,18.5,431.85,12.8516846127128,0,1,11,2,0
3,197.74,2,0,35,0,72,0,2,35.75,395.48,18.079296045312,1,1,11,1,0
3,308.9,5,0,55,1,74,3,1,0.96,1544.5,0.31078018776303,1,2,9,3,0
3,496.28,5,1,67,0,54,3,1,5.74,2481.4,1.1566051422584,2,3,1,5,1
2,107.52,5,0,42,0,56,1,2,36.34,537.6,33.7983630952381,0,2,8,0,0
4,444.18,2,0,27,1,73,1,0,7.74,888.36,1.74253680940159,2,1,3,5,1
2,115.54,3,0,40,0,26,3,1,4.34,346.62,3.75627488315735,0,1,8,5,1
2,167.73,1,0,51,0,13,2,2,9.68,167.73,5.771179872414,0,2,10,5,1
1,462.09,4,1,48,0,63,1,1,11.13,1848.36,2.408621697072,2,2,11,3,0
3,260.72,1,1,54,1,37,2,1,44.07,260.72,16.9031911629334,1,2,2,2,0
0,132.08,1,0,37,0,76,1,0,44.7,132.08,33.8431253785585,0,1,10,2,0
3,277.82,4,1,66,1,1,3,1,40.42,1111.28,14.5489885537398,1,3,8,2,0
0,307.84,1,0,22,0,65,0,0,20.25,307.84,6.57809251559252,1,0,5,5,1
2,106.87,5,0,22,0,53,2,0,0.05,534.35,0.0467858145410312,0,0,4,5,1
0,247.43,5,0,23,0,17,0,0,1.82,1237.15,0.735561572970133,1,0,7,0,0
0,320.99,5,1,62,1,13,1,1,28.91,1604.95,9.00651110626499,1,3,8,3,0
3,210.51,4,1,35,1,30,2,0,30.03,842.04,14.2653555650563,1,1,10,3,0
0,117.56,1,0,53,1,3,1,0,38.1,117.56,32.4089826471589,0,2,4,0,0
4,250.7,4,1,35,0,45,3,1,46.89,1002.8,18.7036298364579,1,1,1,6,1
2,36.05,2,0,43,1,14,2,0,34.91,72.1,96.8377253814147,0,2,4,4,0
4,493.35,4,1,47,0,67,3,0,40.22,1973.4,8.15242728286207,2,2,5,2,0
4,457.93,1,1,29,1,80,2,2,36.71,457.93,8.01650907343917,2,1,10,6,1
2,29.98,1,0,42,1,60,2,1,10.93,29.98,36.4576384256171,0,2,3,4,0
2,482,3,1,66,1,38,1,1,28.9,1446,5.99585062240664,2,3,5,5,1
2,199.8,3,0,19,1,37,3,1,5.55,599.4,2.77777777777778,1,0,10,0,0
4,169.05,2,0,41,1,67,0,1,28.59,338.1,16.9121561668146,0,2,12,4,0
3,254.29,2,0,27,1,78,2,1,11.92,508.58,4.68756144559361,1,1,7,4,0
1,309.67,2,0,21,1,89,3,0,6.76,619.34,2.18296896696483,1,0,12,6,1
3,199.85,5,0,65,0,73,2,0,15.4,999.25,7.70577933450088,1,3,6,0,0
1,368.97,1,1,43,1,71,1,0,29.84,368.97,8.08737837764588,2,2,6,4,0
3,302.56,3,0,53,0,45,2,1,3.79,907.68,1.25264410364886,1,2,1,3,0
1,91.95,2,0,42,0,3,3,2,33.41,183.9,36.3349646547036,0,2,5,4,0
0,33.52,3,0,55,0,84,3,1,16.75,100.56,49.9701670644391,0,2,11,1,0
0,281.49,5,1,66,0,34,0,2,38.26,1407.45,13.5919570855093,1,3,7,6,1
4,377.46,3,1,63,0,62,3,2,38.78,1132.38,10.2739363111323,2,3,3,6,1
2,191.48,3,0,48,0,76,0,0,8.39,574.44,4.38165865886777,1,2,5,4,0
4,205.52,5,1,60,1,89,0,2,42.88,1027.6,20.8641494745037,1,2,12,5,1
1,221.52,3,1,27,0,24,1,0,47.38,664.56,21.3885879378837,1,1,10,5,1
3,135.13,3,0,32,0,45,0,1,4.11,405.39,3.04151557759195,0,1,12,6,1
4,475.18,5,0,69,1,80,2,0,6.63,2375.9,1.39526074329728,2,3,6,3,0
0,297.98,1,0,32,1,79,3,1,19.71,297.98,6.61453788844889,1,1,4,1,0
0,248.33,2,1,32,0,3,0,1,39.49,496.66,15.9022268755285,1,1,6,1,0
1,324.78,1,0,41,0,87,1,1,7.26,324.78,2.23535932015518,1,2,8,5,1
1,421.56,5,1,28,0,73,2,0,42.73,2107.8,10.1361609260841,2,1,3,1,0
3,63.79,5,0,19,1,25,1,2,0.09,318.95,0.141087944818937,0,0,2,2,0
2,129.18,4,0,62,1,91,3,0,11.78,516.72,9.1190586778139,0,3,11,0,0
2,399.19,1,1,53,0,53,0,2,26.45,399.19,6.62591748290288,2,2,8,6,1
1,78.18,5,0,30,0,69,2,1,0.22,390.9,0.281401893067281,0,1,12,3,0
1,18.4,5,1,23,1,19,2,0,47.77,92,259.619565217391,0,0,6,0,0
4,191.79,2,0,23,1,1,2,2,43.94,383.58,22.9104749986965,1,0,6,5,1
1,66.54,2,0,21,1,55,2,0,4.62,133.08,6.94319206492335,0,0,9,2,0
4,228.69,3,0,56,1,37,3,1,15.86,686.07,6.93515238969784,1,2,7,0,0
4,435.42,1,0,62,1,33,2,2,0.13,435.42,0.0298562307656975,2,3,9,6,1
0,301.56,3,1,59,1,3,0,0,43.74,904.68,14.5045762037406,1,2,10,2,0
0,299.32,3,1,69,1,70,3,0,48.68,897.96,16.2635306695176,1,3,1,4,0
1,466.93,1,1,65,1,60,2,1,44.41,466.93,9.51106161523141,2,3,1,3,0
1,200.3,3,1,25,0,83,3,0,14.5,600.9,7.2391412880679,1,0,6,5,1
4,179.96,1,0,40,0,64,1,0,30.07,179.96,16.7092687263836,1,1,3,2,0
3,357.92,3,1,26,1,3,2,0,29.96,1073.76,8.37058560572195,2,1,4,1,0
1,475.6,4,1,59,0,40,1,0,35.27,1902.4,7.41589571068124,2,2,6,4,0
2,393.87,4,1,27,0,24,0,1,29.8,1575.48,7.56594815548277,2,1,7,1,0
4,115.36,5,1,60,1,0,2,2,40.15,576.8,34.8040915395284,0,2,7,1,0
1,369.12,3,0,24,0,39,3,2,5.56,1107.36,1.506285218899,2,0,1,2,0
2,186.02,3,0,56,1,22,0,1,0.14,558.06,0.0752607246532631,1,2,7,6,1
3,103.33,2,0,23,0,32,3,0,40.5,206.66,39.1948127358947,0,0,8,5,1
0,337.74,5,0,59,0,5,2,0,5.86,1688.7,1.7350624740925,2,2,5,3,0
2,343.25,5,1,61,0,45,1,0,46.8,1716.25,13.6343772760379,2,3,7,4,0
1,109.66,4,0,38,0,10,3,2,1.9,438.64,1.73262812329017,0,1,10,1,0
0,391.1,4,1,46,0,95,2,1,30.29,1564.4,7.74482229608796,2,2,8,3,0
2,394.12,1,1,66,0,19,3,0,47.5,394.12,12.0521668527352,2,3,12,4,0
3,352.32,4,1,64,1,62,2,1,36.93,1409.28,10.4819482288828,2,3,5,3,0
2,386.91,2,1,31,0,57,1,2,45.51,773.82,11.7624253702411,2,1,4,4,0
2,165.41,4,1,51,1,84,0,2,33.79,661.64,20.4280273260383,0,2,11,6,1
1,253.46,5,1,27,0,14,2,1,44.57,1267.3,17.5846287382625,1,1,12,0,0
2,278.45,3,0,48,1,62,2,2,4.28,835.35,1.53708026575687,1,2,5,4,0
0,393.59,4,1,68,0,35,1,1,23.8,1574.36,6.04690159810971,2,3,4,1,0
0,212.92,5,0,24,0,44,0,2,13.7,1064.6,6.43434153672741,1,0,6,0,0
2,79.1,3,0,58,1,96,1,2,15.93,237.3,20.1390644753477,0,2,10,1,0
0,473.18,5,1,32,0,92,1,2,1.74,2365.9,0.367724755906843,2,1,2,2,0
0,252.81,2,0,56,0,87,1,0,21.32,505.62,8.4332107116016,1,2,10,6,1
3,198.4,1,0,60,1,15,3,2,1,198.4,0.504032258064516,1,2,4,0,0
4,457.61,2,0,38,1,17,1,2,1.19,915.22,0.26004676471231,2,1,5,4,0
1,42.97,2,0,52,1,99,2,0,18.37,85.94,42.7507563416337,0,2,11,6,1
4,8.79,4,0,40,1,91,0,0,21.61,35.16,245.84755403868,0,1,4,3,0
2,332.17,4,1,25,1,3,1,1,47.9,1328.68,14.4203269410242,1,0,1,1,0
1,332.4,1,0,65,0,22,1,0,14.4,332.4,4.33212996389892,1,3,1,1,0
2,169.36,5,0,29,1,88,0,0,7.8,846.8,4.60557392536608,0,1,4,6,1
2,153.37,2,0,29,1,83,1,2,9.32,306.74,6.07680771989307,0,1,11,1,0
0,274.43,4,1,37,1,2,1,1,21.52,1097.72,7.8417082680465,1,1,12,4,0
4,136.96,3,0,67,0,88,1,0,14.72,410.88,10.7476635514019,0,3,7,3,0
3,92.96,3,0,65,0,74,0,1,32.8,278.88,35.2839931153184,0,3,3,6,1
4,493.47,5,1,55,0,67,1,1,35.63,2467.35,7.22029707986301,2,2,7,6,1
1,476.23,2,0,37,0,97,0,1,7.68,952.46,1.61266614870966,2,1,5,3,0
2,400.98,1,1,53,0,31,2,1,45.52,400.98,11.3521871415033,2,2,8,6,1
2,285.19,4,1,70,1,53,3,1,49.93,1140.76,17.5076264946176,1,3,4,6,1
3,107.58,4,0,61,1,88,1,2,34.34,430.32,31.9204313069344,0,3,11,1,0
0,236.23,5,1,64,0,91,3,0,40.09,1181.15,16.9707488464632,1,3,7,0,0
2,432.31,3,0,20,0,61,0,1,2.78,1296.93,0.643057065531679,2,0,12,4,0
3,399.16,4,1,59,0,2,3,2,43.52,1596.64,10.9028960817717,2,2,12,0,0
4,360.99,2,0,27,0,23,0,1,1.34,721.98,0.371201418321837,2,1,8,5,1
3,11.62,4,0,43,0,42,1,2,16.47,46.48,141.738382099828,0,2,1,1,0
0,162.16,4,0,33,1,69,3,1,35.97,648.64,22.1817957572768,0,1,8,6,1
1,205.56,4,1,38,0,15,1,0,47.9,822.24,23.3021988713758,1,1,7,6,1
0,150,3,0,27,0,35,1,2,38.74,450,25.8266666666667,0,1,10,3,0
1,151.48,4,1,32,1,25,2,2,21.61,605.92,14.2659096910483,0,1,6,6,1
3,385.91,3,1,63,1,60,1,0,46.75,1157.73,12.1142235236195,2,3,7,3,0
4,401.69,2,1,47,0,33,3,0,45.7,803.38,11.376932460355,2,2,8,0,0
3,327.43,5,1,22,1,4,2,1,35.52,1637.15,10.8481202088996,1,0,7,2,0
3,383.77,2,0,53,1,65,1,0,8.2,767.54,2.13669645881648,2,2,3,4,0
0,359.54,5,1,49,1,42,0,1,31.62,1797.7,8.79457084051844,2,2,12,5,1
4,17.39,1,0,19,1,91,1,0,36.17,17.39,207.993099482461,0,0,10,0,0
4,28.51,4,0,37,0,13,2,2,42.39,114.04,148.684672044897,0,1,7,5,1
3,240.81,5,1,24,0,72,3,1,21.94,1204.05,9.11091732070927,1,0,3,6,1
1,127.52,1,0,46,1,55,3,2,6.65,127.52,5.21486825595985,0,2,2,5,1
0,264.89,5,1,41,0,69,3,1,45.48,1324.45,17.1693910679905,1,2,12,6,1
3,354.47,5,1,64,0,82,3,0,12.04,1772.35,3.39662030637289,2,3,11,2,0
0,111.77,5,0,48,1,16,2,2,8.94,558.85,7.99856848886105,0,2,10,1,0
2,407.35,3,1,41,1,91,3,0,27.79,1222.05,6.82214312016693,2,2,4,2,0
4,180.47,4,0,62,1,74,2,2,40.91,721.88,22.6685875768826,1,3,6,0,0
0,167,1,0,50,0,94,1,1,37.8,167,22.6347305389222,0,2,1,4,0
0,46.5,5,0,29,1,36,1,0,15.98,232.5,34.3655913978495,0,1,4,6,1
1,314.53,1,0,42,1,41,3,2,10.59,314.53,3.36692843289988,1,2,10,4,0
4,97.04,5,0,47,0,74,0,0,4.34,485.2,4.47238252267106,0,2,9,0,0
3,108.51,4,1,18,0,7,2,2,45.98,434.04,42.3739747488711,0,0,12,1,0
2,123.95,3,0,62,1,6,2,2,6.62,371.85,5.34086325131101,0,3,8,2,0
0,385.77,4,0,43,0,55,2,1,19.17,1543.08,4.9692822147912,2,2,5,4,0
3,329.42,3,1,51,1,94,2,0,32.35,988.26,9.82029020703054,1,2,2,0,0
3,483.26,1,1,47,0,95,2,0,17.83,483.26,3.689525307288,2,2,1,4,0
3,278.02,4,1,46,0,0,1,1,49.16,1112.08,17.6821811380476,1,2,11,0,0
4,239.26,1,0,49,0,17,3,1,46.75,239.26,19.5394131906712,1,2,10,6,1
0,30.89,2,0,36,1,98,2,1,15.08,61.78,48.818387827776,0,1,5,4,0
4,167.65,2,0,33,1,49,3,1,29.25,335.3,17.4470623322398,0,1,12,4,0
2,383.3,1,0,64,0,10,0,2,13.61,383.3,3.55074354291678,2,3,1,1,0
2,60.34,1,0,67,0,7,2,1,25.94,60.34,42.9897248922771,0,3,8,6,1
0,76.62,3,0,18,1,41,2,0,47.51,229.86,62.0073087966588,0,0,10,6,1
0,494.19,4,1,27,1,56,0,1,13.15,1976.76,2.66091988911148,2,1,2,2,0
3,327.03,5,1,28,0,33,3,0,42.5,1635.15,12.9957496254166,1,1,2,5,1
1,398.03,4,1,30,0,66,0,0,36.21,1592.12,9.09730422329975,2,1,2,1,0
0,295.62,2,1,69,1,12,1,2,29.18,591.24,9.87078005547662,1,3,6,6,1
2,377.79,1,1,59,0,47,3,1,49.96,377.79,13.2242780380635,2,2,9,4,0
0,494.25,1,1,59,0,15,0,1,39.03,494.25,7.89681335356601,2,2,9,1,0
0,196.78,2,0,25,1,56,2,2,14.1,393.56,7.16536233357049,1,0,11,5,1
1,235.93,1,1,49,1,37,0,0,45.14,235.93,19.1327936252278,1,2,8,4,0
4,350.64,2,1,25,0,36,3,0,33.12,701.28,9.44558521560575,2,0,7,1,0
1,184.2,2,1,45,0,30,2,0,42.38,368.4,23.0076004343105,1,2,8,5,1
0,453.03,1,1,59,1,59,2,2,49.24,453.03,10.8690373705936,2,2,3,2,0
3,134.07,3,0,50,1,22,1,1,12.42,402.21,9.26381740881629,0,2,9,0,0
3,335.45,4,1,47,1,37,1,1,49.49,1341.8,14.7533164406022,2,2,6,6,1
4,99.85,5,0,18,0,68,0,1,6.64,499.25,6.64997496244367,0,0,1,5,1
4,369.3,3,0,60,1,50,1,0,8.4,1107.9,2.27457351746548,2,2,6,0,0
4,484.21,2,1,30,0,54,1,2,43.96,968.42,9.07870552033209,2,1,4,5,1
3,229.26,5,1,59,1,9,2,2,30.68,1146.3,13.3821861641804,1,2,1,1,0
1,43.17,5,0,60,1,13,3,1,4.46,215.85,10.3312485522354,0,2,7,3,0
0,330.53,1,0,55,1,54,0,2,3.13,330.53,0.946963966962152,1,2,4,0,0
2,245.61,2,1,70,0,54,2,1,37.37,491.22,15.2151785350759,1,3,11,4,0
3,441.53,5,1,23,1,27,3,1,9.6,2207.65,2.17425769483387,2,0,3,0,0
2,216.65,2,1,24,1,82,3,0,29.61,433.3,13.6672051696284,1,0,5,2,0
4,436.12,4,0,54,1,46,0,0,19.83,1744.48,4.54691369347886,2,2,7,3,0
0,171.8,3,0,66,0,64,0,2,20.37,515.4,11.8568102444703,0,3,11,2,0
4,136.86,5,0,59,1,39,0,1,20.79,684.3,15.190705830776,0,2,10,5,1
1,56.73,5,0,60,0,56,3,1,26.48,283.65,46.6772430812621,0,2,10,5,1
3,447.75,5,1,35,0,60,3,1,30.65,2238.75,6.84533780011167,2,1,4,3,0
4,98.94,5,0,54,0,39,3,0,16.72,494.7,16.8991307863352,0,2,9,4,0
4,411.97,3,1,37,0,36,3,1,47.14,1235.91,11.4425807704445,2,1,2,0,0
2,478.73,4,1,57,1,78,1,0,11.97,1914.92,2.50036555051908,2,2,8,5,1
3,265.82,2,0,18,0,94,2,1,10.45,531.64,3.93123166052216,1,0,9,6,1
2,183.93,4,0,18,0,80,1,2,16.18,735.72,8.79682487903007,1,0,2,2,0
3,91.36,5,0,20,0,47,3,1,8.07,456.8,8.83318739054291,0,0,11,6,1
1,297.93,5,0,21,0,66,0,2,12.65,1489.65,4.24596381700399,1,0,2,5,1
0,44.01,4,0,44,0,31,3,2,23.32,176.04,52.9879572824358,0,2,11,1,0
0,134.5,1,0,24,0,79,2,2,43.94,134.5,32.6691449814126,0,0,8,2,0
4,194.69,4,1,24,1,43,3,2,39.36,778.76,20.2167548410293,1,0,5,3,0
3,400.25,4,1,58,1,36,1,2,39.38,1601,9.83885071830106,2,2,1,0,0
4,352.89,3,0,60,1,12,1,0,16.34,1058.67,4.63033806568619,2,2,11,5,1
2,468.8,2,1,63,0,7,3,0,15.85,937.6,3.38097269624573,2,3,7,5,1
1,221.72,1,0,31,1,79,3,1,9.03,221.72,4.07270431174454,1,1,12,0,0
2,126.81,2,0,28,1,86,0,2,9.63,253.62,7.59403832505323,0,1,2,0,0
1,386.26,1,0,60,0,2,3,0,8.35,386.26,2.16175632993321,2,2,10,1,0
3,418.63,4,1,18,1,77,3,2,24.63,1674.52,5.8834770561116,2,0,4,3,0
0,75.11,4,1,41,0,72,1,2,39.5,300.44,52.589535348156,0,2,5,4,0
2,283.05,2,1,38,0,85,2,1,43.45,566.1,15.3506447624095,1,1,12,4,0
4,83.85,5,0,32,1,70,0,0,34.96,419.25,41.6935002981515,0,1,8,6,1
1,38.12,1,0,66,0,54,2,0,31.72,38.12,83.2109129066107,0,3,12,5,1
2,206.89,2,1,36,0,77,3,0,48.82,413.78,23.5970805742182,1,1,8,6,1
2,384.1,3,1,46,0,71,1,0,20.47,1152.3,5.32934131736527,2,2,12,5,1
4,169.29,5,1,32,0,21,0,1,21.54,846.45,12.7237285132022,0,1,12,1,0
2,189.73,2,1,66,0,59,0,2,41.87,379.46,22.0682021820482,1,3,4,6,1
2,281.02,1,0,70,0,82,3,1,5.57,281.02,1.98206533342823,1,3,12,4,0
4,82.83,5,1,59,1,50,2,1,34.04,414.15,41.0962211759025,0,2,1,4,0
4,477.35,3,1,21,0,22,1,1,30.06,1432.05,6.29726615690793,2,0,4,0,0
0,89.29,4,0,45,0,37,2,1,22.12,357.16,24.7732108858775,0,2,5,1,0
3,99.26,3,1,30,0,65,3,1,37.89,297.78,38.1724763248036,0,1,3,6,1
1,178.46,1,0,67,1,67,3,1,26.91,178.46,15.0790093018043,1,3,7,6,1
2,331.76,2,0,56,0,49,2,1,23.37,663.52,7.04424885459368,1,2,7,2,0
0,27.39,3,0,21,1,59,1,2,48.36,82.17,176.560788608981,0,0,6,5,1
1,87.5,2,0,67,0,61,1,1,4.61,175,5.26857142857143,0,3,5,4,0
3,287.51,2,0,57,1,21,3,2,10.53,575.02,3.66248130499809,1,2,11,2,0
0,122.64,2,0,27,1,54,1,1,4.57,245.28,3.72635355512068,0,1,3,3,0
3,432.99,5,1,66,1,66,3,2,45.78,2164.95,10.5729924478625,2,3,10,5,1
1,36.07,2,0,66,0,7,3,2,44.3,72.14,122.816745217632,0,3,1,6,1
2,225.9,5,0,41,1,63,2,0,6.36,1129.5,2.81540504648074,1,2,11,3,0
3,356.83,3,0,47,1,34,3,1,4.81,1070.49,1.34798083120814,2,2,7,6,1
0,499.45,1,1,21,0,22,1,1,18.19,499.45,3.64200620682751,2,0,2,1,0
1,253.45,5,0,55,0,93,3,0,13.27,1267.25,5.23574669560071,1,2,1,5,1
4,257.29,4,0,69,0,35,0,0,16.21,1029.16,6.30028372653426,1,3,8,3,0
1,446.92,3,1,46,1,73,2,2,33.13,1340.76,7.41295981383693,2,2,5,5,1
4,359.36,3,0,36,0,2,1,2,8.86,1078.08,2.46549421193232,2,1,9,6,1
4,348.89,4,0,62,0,71,0,0,5.59,1395.56,1.60222419673823,2,3,12,4,0
0,157.77,5,1,35,0,12,2,1,36.79,788.85,23.3187551499018,0,1,3,2,0
4,481.19,3,1,29,1,46,3,1,30.31,1443.57,6.29896714395561,2,1,10,1,0
4,476.33,5,1,32,0,59,0,0,1.56,2381.65,0.327504041315894,2,1,10,2,0
0,87.31,3,0,37,1,32,0,1,20.92,261.93,23.9606001603482,0,1,12,6,1
4,439.18,3,1,33,0,63,1,2,37.18,1317.54,8.46577713010611,2,1,9,0,0
4,170.54,5,0,36,0,40,1,2,24.12,852.7,14.1433094875103,0,1,7,6,1
0,314.76,1,1,34,1,1,1,2,41.79,314.76,13.2767823103317,1,1,4,4,0
4,328.76,3,1,40,0,3,3,1,18.06,986.28,5.4933690229955,1,1,12,5,1
2,334.82,4,1,50,0,3,2,1,38.89,1339.28,11.6151962248372,1,2,1,4,0
3,151.23,3,0,48,0,29,0,2,21.65,453.69,14.3159426039807,0,2,10,6,1
1,16.51,1,0,33,0,10,2,2,9.66,16.51,58.5099939430648,0,1,9,6,1
3,87.91,2,0,30,1,46,3,1,27.26,175.82,31.0089864634285,0,1,1,1,0
3,247.25,5,0,37,1,27,0,2,19.97,1236.25,8.07684529828109,1,1,1,3,0
1,124.25,1,0,49,1,37,0,0,13.3,124.25,10.7042253521127,0,2,7,1,0
2,330.19,1,0,70,0,42,1,1,30.78,330.19,9.32190556952058,1,3,12,4,0
2,182.35,3,0,30,0,42,2,2,31.63,547.05,17.3457636413491,1,1,5,4,0
4,425.15,2,1,45,1,20,2,0,45.46,850.3,10.692696695284,2,2,10,2,0
0,249.95,4,0,47,1,87,0,1,15.77,999.8,6.30926185237047,1,2,7,5,1
0,404.66,4,1,22,0,78,0,0,35.34,1618.64,8.73325754954777,2,0,11,2,0
2,432.68,2,0,25,1,6,1,2,9.56,865.36,2.20948506979754,2,0,12,6,1
4,366.29,3,1,55,1,25,2,0,43.06,1098.87,11.755712686669,2,2,10,2,0
3,26.78,2,0,44,1,97,0,0,24.52,53.56,91.5608663181479,0,2,4,1,0
0,298.49,3,0,63,0,56,3,1,19.62,895.47,6.57308452544474,1,3,4,5,1
4,402.64,3,1,42,1,60,0,2,36.68,1207.92,9.10987482614743,2,2,5,2,0
2,444.59,1,1,57,1,68,3,0,36.86,444.59,8.29078476798848,2,2,7,1,0
0,361.51,4,0,54,1,56,2,2,1.81,1446.04,0.500677712926337,2,2,4,0,0
4,140.22,5,0,47,1,50,1,1,12.76,701.1,9.09998573669947,0,2,8,0,0
1,65.49,5,1,44,0,59,2,0,37.58,327.45,57.3828065353489,0,2,6,5,1
2,169.71,2,1,59,1,40,3,0,45.27,339.42,26.6749160332332,0,2,2,3,0
4,470.09,3,0,56,1,30,0,0,17.82,1410.27,3.79076347082474,2,2,4,3,0
4,347.09,1,1,49,0,11,2,1,34.58,347.09,9.96283384712899,2,2,6,5,1
0,114.77,3,1,30,1,71,2,2,39.32,344.31,34.2598239958177,0,1,5,4,0
2,231.87,5,0,19,1,28,3,0,5.93,1159.35,2.55746754647001,1,0,2,3,0
4,210.98,4,1,30,1,30,2,2,31.11,843.92,14.7454735045976,1,1,2,0,0
3,337.27,3,0,57,1,57,0,2,3.15,1011.81,0.933969816467519,2,2,4,2,0
4,224.67,5,0,48,1,62,1,0,3.76,1123.35,1.67356567409979,1,2,10,4,0
4,98.27,5,0,67,1,23,3,1,42.38,491.35,43.1260812048438,0,3,2,6,1
4,248.5,1,0,53,1,55,1,2,3.75,248.5,1.50905432595573,1,2,6,4,0
2,7.46,5,0,66,1,48,3,2,30.22,37.3,405.093833780161,0,3,11,2,0
3,329.44,4,1,61,1,25,3,2,28.13,1317.76,8.5387323943662,1,3,1,0,0
0,418.88,3,1,41,1,80,1,2,8.67,1256.64,2.0698051948052,2,2,1,6,1
4,467.23,3,1,20,0,17,0,2,13.79,1401.69,2.95143719367335,2,0,6,5,1
0,246.52,3,0,18,0,10,3,0,26.74,739.56,10.8469901022229,1,0,4,3,0
0,379.11,3,1,20,0,61,2,0,46.47,1137.33,12.2576560892617,2,0,3,0,0
1,390.59,4,1,20,0,33,0,1,32.91,1562.36,8.42571494405899,2,0,3,6,1
3,204.56,4,1,60,0,36,0,2,34.24,818.24,16.7383652718029,1,2,8,3,0
1,486.84,3,1,49,0,13,0,2,15.49,1460.52,3.18174348862049,2,2,12,3,0
1,175.47,1,0,62,1,61,3,2,0.06,175.47,0.0341938792956061,1,3,8,5,1
3,75.48,1,0,28,1,80,2,0,46.34,75.48,61.3937466878643,0,1,6,6,1
1,204.89,1,0,46,0,8,3,1,18.12,204.89,8.84376982771243,1,2,2,0,0
4,414.21,5,1,64,0,20,1,0,13.52,2071.05,3.26404480818908,2,3,10,5,1
1,393.33,3,1,66,0,30,1,2,23.65,1179.99,6.0127628200239,2,3,1,5,1
1,104.09,1,0,33,0,87,1,1,24.61,104.09,23.6430012489192,0,1,9,2,0
3,303.62,2,0,45,0,87,1,0,21.7,607.24,7.14709175943614,1,2,8,3,0
0,208.81,1,1,58,1,36,1,0,38.51,208.81,18.4426033235956,1,2,11,5,1
2,159.05,2,0,63,0,46,3,0,34.15,318.1,21.471235460547,0,3,8,5,1
3,154.9,5,1,37,1,63,1,0,46.08,774.5,29.7482246610717,0,1,9,6,1
1,361.9,2,1,60,1,45,2,1,37.3,723.8,10.3067145620337,2,2,12,0,0
4,400.3,2,0,62,1,19,0,2,35.6,800.6,8.89333000249813,2,3,7,1,0
1,266.21,2,1,57,0,97,3,1,38.97,532.42,14.638818977499,1,2,12,1,0
1,29.1,1,0,21,1,93,2,0,0.89,29.1,3.05841924398625,0,0,6,0,0
2,355.65,1,0,27,0,10,3,2,30.39,355.65,8.544917756221,2,1,10,4,0
4,24.6,1,0,52,0,81,0,0,35.43,24.6,144.024390243902,0,2,3,2,0
2,155.48,3,0,19,1,38,3,2,3.72,466.44,2.39259068690507,0,0,8,4,0
3,176.62,4,0,33,1,59,3,0,42.17,706.48,23.8761182199072,1,1,5,3,0
2,448.41,2,1,68,1,74,3,1,39.28,896.82,8.75984032470284,2,3,10,6,1
1,199.97,4,1,56,1,9,3,2,49.34,799.88,24.6737010551583,1,2,11,1,0
3,157.06,2,0,48,0,89,2,2,18.98,314.12,12.0845536737553,0,2,1,0,0
2,437.89,4,1,49,0,58,3,2,11.08,1751.56,2.53031583274338,2,2,8,6,1
0,283.93,3,0,50,1,53,1,0,9.09,851.79,3.20149332581975,1,2,12,1,0
4,456,1,0,26,1,78,0,2,2.38,456,0.521929824561404,2,1,9,2,0
3,400.42,3,0,18,1,36,1,0,0.17,1201.26,0.0424554218071025,2,0,5,4,0
3,450.44,5,1,21,1,75,1,2,18.93,2252.2,4.20255749933398,2,0,4,4,0
3,112.2,3,0,39,0,24,3,1,31.5,336.6,28.0748663101604,0,1,10,0,0
2,383.39,4,1,55,0,75,2,2,37.33,1533.56,9.73682151334151,2,2,10,6,1
0,389.06,3,1,45,0,98,0,1,34.51,1167.18,8.87009715725081,2,2,7,1,0
3,328.38,5,0,41,0,14,3,0,13.5,1641.9,4.1110908094281,1,2,5,5,1
0,90.08,5,0,44,0,72,1,1,5.51,450.4,6.11678507992895,0,2,1,6,1
1,223.54,5,1,27,0,63,1,1,47.11,1117.7,21.0745280486714,1,1,11,1,0
0,145.26,3,1,26,1,44,3,1,46.4,435.78,31.9427233925375,0,1,3,3,0
2,246.37,1,0,50,0,32,1,0,46.02,246.37,18.6792223079109,1,2,6,6,1
4,399.98,5,1,25,0,8,3,0,35.15,1999.9,8.78793939696985,2,0,3,6,1
3,396.16,5,1,46,1,58,0,2,37.43,1980.8,9.44820274636511,2,2,9,6,1
3,10.73,1,0,30,0,84,1,2,31.17,10.73,290.49394221808,0,1,4,1,0
4,441.09,2,0,30,0,34,0,1,0.99,882.18,0.22444399102224,2,1,4,2,0
1,478.44,3,1,27,1,69,0,2,39.25,1435.32,8.20374550622858,2,1,12,0,0
0,83.42,4,0,36,1,90,1,1,16.25,333.68,19.4797410692879,0,1,5,6,1
4,428.61,4,1,52,0,70,3,1,36.58,1714.44,8.53456522246331,2,2,7,0,0
1,388.95,2,0,66,0,6,1,1,9.44,777.9,2.42704717830055,2,3,1,0,0
2,42.14,3,0,48,1,41,1,0,14.08,126.42,33.4124347413384,0,2,10,5,1
0,347.38,5,1,45,0,26,2,2,42.5,1736.9,12.2344406701595,2,2,6,1,0
3,99.97,5,1,30,0,44,1,2,44.65,499.85,44.6633990197059,0,1,5,0,0
4,371.8,4,1,68,0,57,0,1,43.31,1487.2,11.6487358795051,2,3,7,0,0
4,155.65,5,0,44,0,52,2,0,37.31,778.25,23.9704465146161,0,2,6,4,0
2,420.96,3,1,21,0,29,2,1,34.86,1262.88,8.28107183580388,2,0,4,3,0
0,213.73,1,0,20,1,90,0,2,0.52,213.73,0.243297618490619,1,0,4,5,1
3,275.91,5,0,40,1,82,3,0,17.47,1379.55,6.3317748541191,1,1,8,4,0
2,129.38,1,0,70,0,87,1,0,16.6,129.38,12.8304220126758,0,3,7,4,0
4,83.67,5,0,23,0,90,0,0,33.29,418.35,39.7872594717342,0,0,5,4,0
1,401.04,4,1,53,0,17,1,1,38.8,1604.16,9.67484540195492,2,2,1,3,0
0,38.59,2,0,24,0,23,1,1,40.18,77.18,104.120238403732,0,0,3,0,0
0,241.43,4,1,22,0,39,0,1,46.25,965.72,19.1566913805244,1,0,2,2,0
3,33.22,5,0,62,0,80,0,1,32.92,166.1,99.0969295605057,0,3,5,1,0
0,146.71,4,0,28,0,76,2,2,26.74,586.84,18.2264330993116,0,1,9,1,0
2,302.77,5,1,54,0,32,0,1,18.01,1513.85,5.94840968391849,1,2,5,3,0
3,194.75,5,0,62,1,33,1,0,11.69,973.75,6.00256739409499,1,3,7,2,0
0,61.63,1,0,54,0,62,0,1,19.51,61.63,31.6566607171832,0,2,10,4,0
4,291.44,2,0,45,1,76,0,2,1.16,582.88,0.398023606917376,1,2,5,4,0
0,86.35,3,0,51,0,12,2,1,49,259.05,56.7458019687319,0,2,8,5,1
2,289.43,5,1,29,0,27,2,0,32.28,1447.15,11.1529558096949,1,1,4,0,0
2,377.67,3,1,70,0,60,0,0,20.09,1133.01,5.31945878677152,2,3,9,0,0
4,380.47,1,0,45,0,57,1,2,8.19,380.47,2.15260073067522,2,2,9,4,0
1,418.46,2,1,48,0,35,0,1,36.58,836.92,8.74157625579506,2,2,6,1,0
1,356.06,1,0,62,0,39,3,1,12.46,356.06,3.49941021176206,2,3,7,2,0
4,72.37,2,0,50,1,96,3,2,24.99,144.74,34.5308829625535,0,2,12,1,0
4,105.6,1,0,62,1,59,2,0,31.75,105.6,30.0662878787879,0,3,10,3,0
1,62.74,1,0,61,0,68,0,0,12.99,62.74,20.7044947401976,0,3,10,2,0
4,206.94,3,0,47,0,98,1,0,39.61,620.82,19.1408137624432,1,2,2,1,0
2,247.31,3,1,67,0,0,0,1,46.99,741.93,19.0004447858963,1,3,8,4,0
1,200.89,1,0,50,1,41,1,2,12.42,200.89,6.18248792871721,1,2,4,6,1
2,336.6,2,0,37,0,98,2,2,18.18,673.2,5.40106951871658,2,1,9,2,0
4,363.91,1,1,65,0,35,2,0,37.26,363.91,10.2387953065318,2,3,8,4,0
2,193.36,4,1,31,1,41,3,0,43.24,773.44,22.3624327678941,1,1,6,6,1
3,448.14,5,1,60,1,31,1,1,38.01,2240.7,8.4817244611059,2,2,12,6,1
1,130.88,4,0,41,0,86,0,0,1.56,523.52,1.1919315403423,0,2,9,2,0
1,116.09,4,0,54,0,49,0,1,22.63,464.36,19.4934964251874,0,2,1,1,0
2,261.92,2,0,67,0,82,2,1,6.71,523.84,2.561850946854,1,3,12,0,0
3,221.96,2,1,58,0,39,1,1,39.83,443.92,17.9446747161651,1,2,2,6,1
0,294.67,4,1,65,1,13,1,0,21.24,1178.68,7.20806325720297,1,3,2,6,1
2,18.21,1,0,27,0,69,2,1,13.19,18.21,72.4327292696321,0,1,10,4,0
0,125.73,1,0,55,1,17,0,0,12.8,125.73,10.1805456136165,0,2,4,1,0
0,483,1,0,22,1,24,3,1,6.4,483,1.32505175983437,2,0,12,3,0
0,312.25,4,1,18,1,87,2,0,41.72,1249,13.3610888710969,1,0,10,2,0
4,297.94,3,0,52,0,56,1,1,12.69,893.82,4.25924682822045,1,2,3,4,0
3,431.75,5,1,55,0,24,3,2,1.58,2158.75,0.365952518818761,2,2,9,2,0
0,224.08,2,0,60,1,23,1,1,5.58,448.16,2.49018207782935,1,2,7,2,0
1,245.45,2,0,55,1,24,0,2,14.03,490.9,5.71603177836627,1,2,2,4,0
0,349.87,1,1,67,0,99,2,2,37.53,349.87,10.7268413982336,2,3,1,0,0
2,292,1,0,27,1,18,2,2,2.68,292,0.917808219178082,1,1,11,6,1
4,398.44,4,1,65,0,60,3,1,23.83,1593.76,5.98082521835157,2,3,8,2,0
3,319.36,2,0,37,0,62,0,1,9.15,638.72,2.86510521042084,1,1,8,6,1
0,31.67,5,1,20,0,3,2,1,48.03,158.35,151.657720239975,0,0,9,6,1
0,406.95,3,1,31,1,33,1,1,30.86,1220.85,7.58324118442069,2,1,7,0,0
1,29.25,5,1,54,0,21,3,0,46.79,146.25,159.965811965812,0,2,1,6,1
1,304.97,1,0,23,1,71,3,2,12.69,304.97,4.16106502278913,1,0,12,4,0
0,65.9,2,0,61,1,44,2,0,33.83,131.8,51.3353566009105,0,3,5,5,1
1,224.46,1,0,69,1,71,3,0,30.14,224.46,13.4277822329146,1,3,10,5,1
0,488.88,5,0,65,0,27,3,1,5.19,2444.4,1.06161021109475,2,3,12,1,0
3,485.74,1,1,33,1,80,1,0,39.58,485.74,8.14839214394532,2,1,7,3,0
2,247.22,5,0,57,0,13,2,0,34.09,1236.1,13.7893374322466,1,2,1,4,0
2,9.5,4,0,41,1,30,0,2,45.32,38,477.052631578947,0,2,6,6,1
4,129.96,4,0,29,1,82,1,1,35.91,519.84,27.6315789473684,0,1,8,3,0
4,38.26,4,1,62,0,83,2,1,25.76,153.04,67.3288029273393,0,3,11,5,1
0,170.27,5,1,49,0,89,2,0,32.42,851.35,19.0403476830916,0,2,5,5,1
3,127.95,4,0,56,1,47,1,0,35.96,511.8,28.104728409535,0,2,11,6,1
2,395.3,5,1,48,0,14,0,2,26,1976.5,6.5772830761447,2,2,4,6,1
4,151.22,5,1,61,1,10,2,1,31.52,756.1,20.8438037296654,0,3,10,0,0
3,408,1,1,42,0,41,2,1,41.61,408,10.1985294117647,2,2,5,0,0
1,306.74,3,0,58,0,26,2,1,16.82,920.22,5.48347134380909,1,2,5,0,0
1,196.27,4,0,46,0,88,1,2,25.49,785.08,12.98721149437,1,2,6,4,0
0,199.9,5,0,27,1,63,0,2,17.49,999.5,8.74937468734367,1,1,5,3,0
0,482.19,5,1,65,1,18,2,0,37.17,2410.95,7.70857960554968,2,3,7,6,1
4,255.96,1,0,41,1,79,2,0,6,255.96,2.3441162681669,1,2,7,5,1
2,424.51,4,1,54,1,26,0,1,37.99,1698.04,8.94914136298321,2,2,4,5,1
2,195.22,1,0,65,1,36,3,0,7.77,195.22,3.98012498719394,1,3,8,6,1
0,83.23,4,0,62,1,6,1,0,28.55,332.92,34.302535143578,0,3,10,0,0
1,113.31,5,0,68,0,99,2,2,4.48,566.55,3.95375518489101,0,3,4,6,1
0,221.55,1,0,49,1,70,2,0,14.69,221.55,6.63055743624464,1,2,3,4,0
4,254.42,1,0,41,1,23,0,1,12.14,254.42,4.77163744988602,1,2,6,0,0
2,319.08,4,1,31,1,71,1,1,19.23,1276.32,6.0267017675818,1,1,4,0,0
2,62.75,3,0,68,1,83,1,1,0.24,188.25,0.382470119521912,0,3,9,2,0
0,65.74,5,0,34,0,88,3,0,16.09,328.7,24.4752053544265,0,1,7,4,0
0,396.37,1,0,30,1,35,1,1,19.44,396.37,4.90450841385574,2,1,8,0,0
3,324.44,2,0,50,0,85,3,2,18.83,648.88,5.803846628036,1,2,7,3,0
0,430.73,2,0,36,0,53,3,1,14.84,861.46,3.44531376964688,2,1,8,6,1
4,246.55,5,0,47,0,62,3,2,14.32,1232.75,5.80815250456297,1,2,1,0,0
3,79.95,5,1,41,0,71,0,1,48.94,399.75,61.213258286429,0,2,3,3,0
4,153.53,1,0,53,0,18,1,2,20.99,153.53,13.671595127988,0,2,8,3,0
1,346.37,1,0,55,1,5,0,2,1.72,346.37,0.496578803014118,2,2,11,0,0
0,198.28,2,1,32,1,1,2,2,44,396.56,22.1908412346177,1,1,3,2,0
3,418.87,2,1,55,1,34,1,0,27.79,837.74,6.63451667581827,2,2,12,3,0
2,176.21,4,1,63,0,2,1,2,39.06,704.84,22.1667328755462,1,3,2,3,0
2,13.55,5,0,26,0,90,0,1,30.22,67.75,223.025830258303,0,1,1,3,0
0,152.19,1,0,57,1,69,2,0,44.06,152.19,28.9506537880281,0,2,11,5,1
3,152.9,3,1,60,0,72,3,1,39.26,458.7,25.6769130150425,0,2,2,2,0
0,107.58,5,0,41,0,10,3,2,33.96,537.9,31.5672058003346,0,2,5,5,1
2,172.27,5,0,31,0,8,0,2,29.71,861.35,17.2461833168863,1,1,8,4,0
0,430.32,2,1,60,1,88,2,0,21.43,860.64,4.98001487265291,2,2,1,1,0
0,362.82,4,1,58,1,6,2,1,40.48,1451.28,11.1570475717987,2,2,12,1,0
0,122.7,1,0,43,0,72,2,0,29.11,122.7,23.7245313773431,0,2,3,5,1
4,25.05,5,0,24,1,74,0,2,31.84,125.25,127.105788423154,0,0,8,1,0
4,23.74,5,0,22,1,53,3,1,32.35,118.7,136.267902274642,0,0,3,6,1
1,273.16,4,0,39,0,72,3,1,0.01,1092.64,0.00366085810513984,1,1,3,5,1
1,329.4,4,1,60,0,94,0,2,26.97,1317.6,8.18761384335155,1,2,3,3,0
4,174.1,4,1,57,0,86,3,2,37.99,696.4,21.8207926479035,1,2,10,4,0
0,393.62,1,1,59,1,7,1,2,32.54,393.62,8.26685635892485,2,2,8,5,1
3,325.35,5,1,54,1,8,0,0,39.35,1626.75,12.0946672813893,1,2,3,1,0
4,381.68,4,1,59,1,94,3,2,31.46,1526.72,8.2425068119891,2,2,3,6,1
4,9.75,3,0,63,1,18,0,2,22.4,29.25,229.74358974359,0,3,10,5,1
0,137.93,2,1,20,1,88,0,2,44.25,275.86,32.0814906111796,0,0,10,4,0
4,372.69,2,0,20,1,60,2,0,16.08,745.38,4.31457779924334,2,0,7,0,0
4,394.65,4,1,20,0,94,3,0,43.15,1578.6,10.9337387558596,2,0,7,0,0
2,28.33,1,0,34,1,84,2,1,49.37,28.33,174.267560889516,0,1,7,0,0
1,112.68,5,0,64,1,22,2,1,0.82,563.4,0.727724529641463,0,3,1,3,0
4,241.77,1,0,58,0,16,2,1,23.52,241.77,9.72825412582206,1,2,12,5,1
1,128.01,1,0,69,0,91,3,1,28.27,128.01,22.0842121709242,0,3,6,3,0
4,448.94,5,1,65,0,98,0,2,39.72,2244.7,8.84750746202165,2,3,3,2,0
2,236.43,2,1,18,1,23,2,2,40.73,472.86,17.2270862411708,1,0,2,3,0
3,428.71,5,1,59,1,98,1,0,31.22,2143.55,7.28231205243638,2,2,11,3,0
3,97.91,2,0,20,1,55,2,1,3.62,195.82,3.69727300582167,0,0,3,6,1
4,36.38,5,0,34,1,54,1,0,34.97,181.9,96.1242440901594,0,1,3,1,0
0,122.18,2,0,40,1,38,1,1,48.13,244.36,39.3926992961205,0,1,9,4,0
1,73.31,1,0,33,1,55,3,2,47.4,73.31,64.656936297913,0,1,7,5,1
4,348.19,3,0,34,0,7,0,0,20.85,1044.57,5.9881099399753,2,1,8,4,0
1,43.95,5,0,52,1,0,1,0,9,219.75,20.4778156996587,0,2,6,0,0
3,181.29,4,1,50,1,94,0,2,40.34,725.16,22.2516410171548,1,2,7,6,1
3,189.02,4,1,30,1,71,2,1,41.76,756.08,22.0929002221987,1,1,12,2,0
3,293.38,5,1,50,1,38,1,0,36.28,1466.9,12.3662144658804,1,2,6,2,0
3,19.77,4,0,62,1,5,3,1,23.73,79.08,120.030349013657,0,3,9,3,0
2,213.65,5,0,25,1,82,0,2,20.31,1068.25,9.50620173180435,1,0,5,4,0
4,381.05,2,1,46,1,22,2,2,19.55,762.1,5.13056029392468,2,2,12,1,0
3,336.41,2,1,50,1,87,3,0,39.18,672.82,11.6465027793466,2,2,10,0,0
4,204.43,1,0,20,1,99,0,2,32.27,204.43,15.7853544000391,1,0,3,1,0
0,109.3,2,0,48,0,54,3,2,36.25,218.6,33.1655992680695,0,2,4,1,0
0,206.05,4,1,24,0,99,2,2,38.51,824.2,18.6896384372725,1,0,7,1,0
2,106.4,5,0,57,1,76,1,0,0.16,532,0.150375939849624,0,2,9,6,1
1,339.13,4,1,43,1,58,0,1,37.62,1356.52,11.0930911449887,2,2,10,0,0
4,226.58,1,0,41,1,44,2,1,47.6,226.58,21.0080324830082,1,2,8,4,0
2,473.44,1,0,67,0,81,3,1,6.04,473.44,1.2757688408246,2,3,12,6,1
2,155.33,3,0,62,1,88,1,1,16.25,465.99,10.4615978883667,0,3,4,2,0
0,197.88,3,0,31,1,69,3,1,16.88,593.64,8.53042247826966,1,1,3,2,0
1,178.51,5,1,24,1,41,2,1,37.35,892.55,20.9231975799675,1,0,9,4,0
2,86.82,3,0,66,1,69,1,2,2.37,260.46,2.72978576364893,0,3,8,0,0
4,156.85,4,0,25,1,86,3,2,10.84,627.4,6.9110615237488,0,0,1,0,0
1,177.61,5,1,22,1,78,3,2,31.78,888.05,17.8931366477113,1,0,10,1,0
0,300.86,3,0,57,1,20,1,0,17.39,902.58,5.78009705510869,1,2,12,1,0
4,275.13,4,0,36,1,28,3,1,31.82,1100.52,11.5654417911533,1,1,6,6,1
0,308.8,1,0,31,1,38,1,1,42.92,308.8,13.89896373057,1,1,11,0,0
2,11.8,4,0,38,0,76,0,2,4.78,47.2,40.5084745762712,0,1,3,5,1
3,250.61,5,0,30,0,9,3,2,17.75,1253.05,7.08271816767088,1,1,12,2,0
3,71.61,2,0,36,0,92,3,0,14.98,143.22,20.9188660801564,0,1,4,0,0
3,296.42,2,0,26,0,91,0,2,9.48,592.84,3.19816476621011,1,1,2,4,0
4,117.44,5,0,39,1,60,2,1,18.67,587.2,15.8974795640327,0,1,9,0,0
3,472.68,4,1,54,0,20,1,0,31.56,1890.72,6.67682152830668,2,2,11,5,1
0,83.36,5,0,67,0,37,1,1,12.2,416.8,14.6353166986564,0,3,1,0,0
3,76.93,5,1,33,1,56,1,1,36.29,384.65,47.1727544520993,0,1,4,1,0
0,335.85,3,0,60,0,94,2,1,25.88,1007.55,7.70582105106446,2,2,9,4,0
4,54.48,2,0,69,0,86,1,0,35.14,108.96,64.5007342143906,0,3,2,0,0
0,63.75,5,0,45,1,77,3,2,11.3,318.75,17.7254901960784,0,2,1,6,1
0,109.16,4,0,61,0,57,0,2,7.66,436.64,7.017222425797,0,3,12,3,0
3,257.84,5,0,45,1,55,1,2,24.61,1289.2,9.54467887061744,1,2,12,4,0
0,99.15,5,0,18,1,60,2,0,40.1,495.75,40.4437720625315,0,0,9,4,0
0,79.7,4,0,38,1,77,3,2,17.81,318.8,22.3462986198243,0,1,10,0,0
3,304.82,5,0,43,1,9,2,0,6.65,1524.1,2.18161537956827,1,2,12,4,0
2,422.32,3,1,64,0,0,0,2,30.33,1266.96,7.18175790869483,2,3,2,5,1
1,480.21,4,0,51,0,17,2,2,0.62,1920.84,0.129110180962496,2,2,3,0,0
4,97.58,4,0,34,0,63,3,0,0.16,390.32,0.163968026234884,0,1,1,3,0
0,432.02,3,1,40,1,19,0,2,44.7,1296.06,10.346743206333,2,1,5,3,0
1,160.1,4,1,26,1,13,3,1,36.77,640.4,22.9668956901936,0,1,8,6,1
3,415.98,3,1,43,0,91,0,0,40.23,1247.94,9.67113803548248,2,2,7,4,0
3,231.4,5,1,57,1,42,2,0,38.7,1157,16.7242869490061,1,2,8,5,1
3,348.43,1,0,32,1,91,2,0,5.42,348.43,1.55554917774015,2,1,6,5,1
3,172.09,5,0,37,0,47,0,2,38.16,860.45,22.1744436050904,1,1,7,3,0
2,226.76,5,1,31,1,10,1,0,26.47,1133.8,11.6731345916387,1,1,7,0,0
0,5.01,3,0,52,0,44,0,1,24.77,15.03,494.411177644711,0,2,7,5,1
2,33.13,2,0,46,0,22,3,0,0.71,66.26,2.14307274373679,0,2,3,4,0
0,405.58,2,1,60,1,56,3,0,33.06,811.16,8.15128951131713,2,2,4,2,0
4,263.06,5,1,44,0,62,3,1,33.48,1315.3,12.7271344940318,1,2,8,0,0
2,435.39,5,1,54,1,65,0,0,15.88,2176.95,3.64730471531271,2,2,12,1,0
3,431.92,3,1,70,1,46,2,0,33.07,1295.76,7.65651046490091,2,3,2,2,0
0,309.19,1,0,56,1,41,1,1,15.83,309.19,5.11982923121705,1,2,2,6,1
4,239.48,3,0,33,0,36,1,1,13.48,718.44,5.62886253549357,1,1,10,0,0
1,165.23,5,1,39,0,53,2,1,21.29,826.15,12.8850692973431,0,1,11,4,0
0,362.8,2,1,38,0,25,3,0,21.96,725.6,6.0529217199559,2,1,7,2,0
0,157.45,4,0,43,1,5,3,1,31.56,629.8,20.0444585582725,0,2,8,3,0
2,248.98,3,1,47,1,40,2,1,49.24,746.94,19.776688890674,1,2,7,0,0
1,387.29,1,0,65,1,94,0,1,13.37,387.29,3.45219344677115,2,3,8,1,0
0,163.28,5,0,61,0,81,2,0,21.4,816.4,13.1063204311612,0,3,11,4,0
4,456.84,5,1,52,1,16,3,2,11.04,2284.2,2.41660099816128,2,2,2,5,1
3,358.26,3,0,18,1,11,0,2,15.5,1074.78,4.32646681181265,2,0,1,0,0
0,74.22,5,0,21,0,75,1,1,8.01,371.1,10.7922392886015,0,0,12,6,1
4,72.92,1,0,22,1,92,1,1,39.94,72.92,54.7723532638508,0,0,2,4,0
3,442.22,4,1,47,0,33,0,0,19.11,1768.88,4.32137849938944,2,2,9,1,0
3,315.23,1,0,54,0,7,2,0,31.24,315.23,9.91022428068394,1,2,8,2,0
0,416.97,1,0,51,1,44,2,1,15.43,416.97,3.70050603160899,2,2,10,2,0
0,401.94,2,0,24,1,56,2,2,5.64,803.88,1.40319450664278,2,0,9,1,0
4,373.95,5,1,53,1,65,3,2,21.39,1869.75,5.72001604492579,2,2,10,4,0
0,406.82,4,1,68,1,0,1,0,17.44,1627.28,4.28690821493535,2,3,7,0,0
1,357.76,2,1,63,1,52,2,0,20.58,715.52,5.75245974955277,2,3,2,0,0
3,467.98,5,1,19,0,69,3,1,44.97,2339.9,9.60938501645369,2,0,8,5,1
1,345.2,1,0,27,1,32,2,1,24.45,345.2,7.08285052143685,2,1,6,4,0
2,22.62,5,0,69,0,40,1,2,20.93,113.1,92.5287356321839,0,3,8,0,0
3,372.48,5,1,56,1,85,0,2,27.77,1862.4,7.45543384879725,2,2,12,3,0
4,452.73,2,1,46,0,79,0,0,40.09,905.46,8.85516753915137,2,2,12,6,1
4,159.95,3,0,45,0,15,0,2,47.38,479.85,29.6217567989997,0,2,2,3,0
2,443.66,1,1,68,1,1,0,1,37.81,443.66,8.52229184510661,2,3,9,5,1
2,91.07,1,0,51,0,3,0,1,13.69,91.07,15.032392664983,0,2,5,3,0
2,288.27,1,0,46,0,89,1,2,4.45,288.27,1.54369167794082,1,2,5,3,0
3,173.02,1,0,25,0,91,0,2,14.03,173.02,8.10888914576349,1,0,3,4,0
4,316.14,4,0,22,1,32,1,1,14.74,1264.56,4.6624913013222,1,0,12,2,0
0,463.42,5,1,62,0,72,0,2,15.55,2317.1,3.35548746277675,2,3,5,2,0
4,195.73,5,0,41,1,32,1,0,31.49,978.65,16.0884892453891,1,2,8,4,0
3,112.57,2,0,52,1,3,3,1,9.34,225.14,8.29705960735542,0,2,11,5,1
4,484.26,4,1,67,1,76,1,0,7.33,1937.04,1.51364969231405,2,3,12,1,0
1,37.05,5,0,41,0,33,2,2,25.79,185.25,69.608636977058,0,2,8,5,1
0,462.22,3,1,23,1,29,1,0,29.44,1386.66,6.36926139067976,2,0,1,4,0
1,276.77,5,0,53,0,14,2,1,11.38,1383.85,4.11171731040214,1,2,10,2,0
4,107.76,2,0,50,1,55,2,1,18.09,215.52,16.7873051224944,0,2,9,1,0
4,338.22,2,0,28,0,84,3,1,20.73,676.44,6.1291467092425,2,1,1,4,0
0,112.66,2,0,61,1,14,0,0,23.01,225.32,20.4242854606782,0,3,6,6,1
0,64.17,5,0,39,0,42,0,0,16.56,320.85,25.8064516129032,0,1,9,5,1
4,7.71,5,0,28,1,97,3,1,7.77,38.55,100.778210116732,0,1,10,5,1
2,337.7,5,1,49,0,96,1,1,29.98,1688.5,8.8777021024578,2,2,11,5,1
1,336.38,1,1,62,1,68,3,1,47.54,336.38,14.1328259706285,2,3,8,6,1
2,202.23,4,0,59,1,25,0,0,24.11,808.92,11.9220689314147,1,2,10,2,0
3,314.46,5,1,57,0,63,1,2,32.3,1572.3,10.2715766711187,1,2,4,5,1
0,465.18,5,1,21,1,70,3,0,11.59,2325.9,2.49150866331313,2,0,8,2,0
2,131.35,1,0,58,0,81,2,2,12.18,131.35,9.27293490673772,0,2,12,3,0
4,13.64,4,0,21,1,15,2,0,16.37,54.56,120.014662756598,0,0,7,5,1
3,31.49,2,0,68,0,65,3,2,19.38,62.98,61.5433470943157,0,3,1,2,0
1,416.32,4,1,68,1,15,2,2,41.17,1665.28,9.88902767102229,2,3,1,5,1
0,240.34,3,0,27,0,76,3,2,2.7,721.02,1.12340850461846,1,1,4,6,1
3,429.18,5,1,57,0,79,1,1,34.85,2145.9,8.12013607344238,2,2,12,6,1
0,440.05,3,1,25,0,49,1,1,35.24,1320.15,8.00818088853539,2,0,10,2,0
2,130.74,1,0,37,1,33,0,1,21.18,130.74,16.2000917852226,0,1,6,4,0
4,204.35,4,1,31,0,64,0,0,45.56,817.4,22.2950819672131,1,1,3,6,1
4,423.18,1,1,50,1,75,1,0,48.63,423.18,11.491563873529,2,2,4,2,0
0,223.69,5,0,24,1,40,0,2,14.17,1118.45,6.33465957351692,1,0,6,2,0
2,242.29,4,0,44,0,42,2,1,24.8,969.16,10.2356680011556,1,2,12,0,0
0,262.32,2,0,39,0,20,2,2,26.48,524.64,10.0945410186032,1,1,11,0,0
4,60.89,3,0,20,0,97,1,1,25.74,182.67,42.2729512235178,0,0,10,3,0
0,158.3,5,1,51,0,42,1,1,34.33,791.5,21.6866708780796,0,2,4,3,0
0,361.74,5,1,23,0,58,3,0,1.28,1808.7,0.353845303256483,2,0,1,2,0
0,373.67,3,0,59,0,76,0,2,1.84,1121.01,0.492413091765462,2,2,2,1,0
2,72.56,4,0,62,0,32,0,2,7.99,290.24,11.0115766262404,0,3,11,1,0
2,360.96,2,0,38,1,17,0,1,4.55,721.92,1.2605274822695,2,1,6,0,0
4,407.76,3,1,37,1,6,2,1,30.22,1223.28,7.41122228762017,2,1,8,1,0
3,272.76,3,0,47,1,33,0,2,2.45,818.28,0.898225546267781,1,2,7,6,1
4,470.72,3,1,23,0,18,1,2,26.22,1412.16,5.57019034670292,2,0,10,2,0
4,77.17,5,0,25,1,22,2,0,41.1,385.85,53.2590384864585,0,0,7,4,0
4,23.06,1,0,50,1,69,0,2,11.39,23.06,49.3928881179532,0,2,2,4,0
3,103.48,1,0,70,1,41,3,2,46.29,103.48,44.7332817935833,0,3,7,4,0
2,161.27,4,0,61,0,20,0,1,21.72,645.08,13.4680969802195,0,3,1,5,1
1,13.37,3,0,63,0,67,2,2,41.37,40.11,309.424083769634,0,3,8,5,1
1,89.89,4,0,47,0,76,2,2,12.84,359.56,14.2841250417177,0,2,9,3,0
2,408.2,1,1,54,1,94,2,1,45.11,408.2,11.0509554140127,2,2,3,4,0
4,385.42,4,1,31,1,43,0,2,35.51,1541.68,9.21332572258834,2,1,6,4,0
4,159.56,2,0,38,0,78,1,2,5.54,319.12,3.472048132364,0,1,1,1,0
0,380.25,1,1,44,1,76,1,0,42.44,380.25,11.1610782380013,2,2,1,0,0
3,42.73,5,0,19,0,80,1,0,5.77,213.65,13.5033934004213,0,0,8,1,0
4,115.11,5,0,63,0,4,3,2,21.86,575.55,18.9905307966293,0,3,10,6,1
0,264.06,5,1,68,1,99,0,0,47.05,1320.3,17.8179201696584,1,3,9,5,1
3,401.18,1,1,68,1,78,2,0,46.9,401.18,11.6905129866893,2,3,11,2,0
2,252.41,4,1,62,1,5,0,2,36.5,1009.64,14.4605998177568,1,3,11,5,1
0,359.55,2,1,62,1,5,1,0,31.76,719.1,8.83326380197469,2,3,12,2,0
3,59.19,2,0,67,0,44,1,2,11.38,118.38,19.2262206453793,0,3,4,0,0
4,316.47,1,1,61,1,88,2,0,27.81,316.47,8.78756280216134,1,3,3,3,0
4,498.64,1,1,61,1,17,0,1,39.14,498.64,7.84935023263276,2,3,3,4,0
4,79.31,1,0,66,1,14,2,2,12.92,79.31,16.290505610894,0,3,5,0,0
3,464.13,5,1,24,0,33,3,1,46.82,2320.65,10.0876909486566,2,0,2,2,0
4,432.94,1,1,20,1,23,2,1,24.54,432.94,5.6682219245161,2,0,3,2,0
1,67.22,2,0,47,0,92,0,1,7.67,134.44,11.4102945551919,0,2,10,5,1
1,239.88,2,1,54,1,61,1,2,48.81,479.76,20.3476738369185,1,2,9,4,0
1,320.7,1,1,29,0,64,3,2,35.69,320.7,11.1287807920175,1,1,10,1,0
2,257.56,5,0,59,1,12,1,0,25.84,1287.8,10.0326137599006,1,2,12,3,0
0,324.95,1,0,19,1,30,3,2,13.79,324.95,4.24372980458532,1,0,4,0,0
1,76.75,3,0,60,1,18,1,2,21.88,230.25,28.5081433224756,0,2,8,6,1
3,77.52,3,0,49,1,18,1,1,13.96,232.56,18.0082559339525,0,2,6,1,0
3,195.15,4,0,19,0,1,0,2,2.56,780.6,1.31181142710735,1,0,10,6,1
3,198.7,1,0,45,1,21,2,2,24.68,198.7,12.4207347760443,1,2,1,1,0
4,444.13,5,1,67,1,92,0,2,48.48,2220.65,10.9157228739333,2,3,4,3,0
3,411.81,5,1,59,0,44,3,1,49.63,2059.05,12.0516743158253,2,2,11,3,0
2,282.69,4,1,57,1,50,3,1,12,1130.76,4.24493261169479,1,2,6,0,0
2,266.31,5,0,29,0,86,1,1,5.81,1331.55,2.18166798092449,1,1,1,2,0
3,259.39,3,1,59,0,84,1,0,47.57,778.17,18.3391803847488,1,2,7,3,0
0,496.89,5,1,62,1,44,3,2,17.24,2484.45,3.46958079252953,2,3,4,5,1
0,371.52,3,1,67,0,67,1,2,47.98,1114.56,12.9145133505599,2,3,4,3,0
0,280.8,3,0,42,0,24,2,2,2.43,842.4,0.865384615384615,1,2,7,2,0
0,203.3,2,0,38,1,33,1,2,18.24,406.6,8.97196261682243,1,1,5,3,0
1,456.66,5,1,63,1,52,2,1,16.53,2283.3,3.6197608724215,2,3,7,1,0
2,410.89,4,1,23,1,55,3,0,11.18,1643.56,2.72092287473533,2,0,8,2,0
0,204.43,3,1,34,1,38,3,2,44.65,613.29,21.8412170425084,1,1,9,1,0
2,121.11,3,0,68,1,71,3,0,8.8,363.33,7.2661217075386,0,3,9,3,0
2,221.12,4,0,60,0,67,1,1,11.32,884.48,5.11939218523879,1,2,12,6,1
4,497.84,1,1,51,1,47,1,2,47.82,497.84,9.60549574160373,2,2,4,4,0
3,495.69,1,0,57,1,27,0,2,1.2,495.69,0.242086788113539,2,2,9,1,0
1,222.05,1,0,66,0,17,0,2,8.77,222.05,3.94956090970502,1,3,4,6,1
1,256.29,4,0,26,0,38,0,2,15.6,1025.16,6.08685473487065,1,1,7,0,0
3,155.55,5,1,20,1,67,0,1,12.95,777.75,8.32529733204757,0,0,5,5,1
4,349.48,2,0,51,1,37,1,2,18.31,698.96,5.23921254435161,2,2,2,2,0
4,136.15,2,0,30,0,60,3,2,13.54,272.3,9.94491369812706,0,1,8,3,0
4,325.12,2,0,20,1,67,0,0,2.65,650.24,0.815083661417323,1,0,5,0,0
1,48.94,2,0,40,0,89,1,2,23.9,97.88,48.8353085410707,0,1,4,1,0
2,171.35,1,0,28,0,78,2,1,39.82,171.35,23.2389845345784,0,1,10,2,0
0,32.72,2,0,69,0,49,0,1,36.89,65.44,112.744498777506,0,3,11,3,0
0,405.29,5,1,36,0,83,2,0,41.18,2026.45,10.1606257247897,2,1,7,3,0
1,97.11,3,0,56,0,51,2,0,2.13,291.33,2.19338894037689,0,2,9,0,0
3,427.61,4,1,56,1,4,0,0,43.68,1710.44,10.2149154603494,2,2,9,1,0
4,272.29,5,1,40,1,61,0,0,43.84,1361.45,16.1004811047045,1,1,1,1,0
0,100.44,5,0,23,0,42,0,2,5.16,502.2,5.13739545997611,0,0,1,5,1
3,274.76,3,1,24,1,11,1,2,30.27,824.28,11.0168874654244,1,0,7,0,0
4,348.78,4,0,55,0,87,2,1,6.81,1395.12,1.95252021331498,2,2,7,1,0
2,428.93,5,1,29,1,26,0,1,1.53,2144.65,0.356701559695055,2,1,11,2,0
3,94.34,3,0,20,0,20,0,2,38.35,283.02,40.6508373966504,0,0,10,6,1
0,378.42,3,1,68,1,29,2,0,45.02,1135.26,11.8968342053803,2,3,9,3,0
1,439.04,5,1,68,1,17,2,1,20.87,2195.2,4.75355320699709,2,3,4,0,0
3,237.1,4,0,36,1,78,1,1,20.78,948.4,8.76423450021088,1,1,12,6,1
0,19.91,2,0,43,0,69,1,0,21.76,39.82,109.291813159217,0,2,3,2,0
0,417.36,1,1,44,0,56,1,0,42.23,417.36,10.118363043895,2,2,3,2,0
3,399.68,4,1,50,0,80,2,2,29.66,1598.72,7.42093674939952,2,2,8,3,0
2,348.37,2,0,27,0,18,2,0,0.25,696.74,0.0717627809512874,2,1,12,4,0
3,375.55,5,1,42,1,2,3,0,24.41,1877.75,6.49980029290374,2,2,7,1,0
0,432.68,3,1,57,1,31,1,2,15.93,1298.04,3.68170472404548,2,2,10,1,0
4,43.34,4,0,50,0,30,0,0,24.57,173.36,56.6912782648823,0,2,10,4,0
3,275.44,2,0,41,1,26,3,2,12.48,550.88,4.53093232645948,1,2,9,6,1
1,455.35,4,1,28,1,25,1,2,25.32,1821.4,5.56055781267157,2,1,9,6,1
4,466.73,4,1,60,1,20,0,1,28.7,1866.92,6.14916547040045,2,2,12,4,0
2,149.47,4,0,52,0,6,1,2,8.08,597.88,5.40576704355389,0,2,4,3,0
1,441.49,2,1,26,0,82,2,1,37.3,882.98,8.44866248386147,2,1,7,6,1
4,7.98,2,0,43,0,51,1,0,10.05,15.96,125.93984962406,0,2,3,2,0
2,498.65,4,1,64,1,14,0,1,34.77,1994.6,6.97282663190615,2,3,2,3,0
2,26.9,4,0,19,1,38,2,2,19.15,107.6,71.1895910780669,0,0,10,4,0
0,120.7,2,0,49,0,29,2,0,29.57,241.4,24.4987572493786,0,2,11,4,0
0,461.36,4,1,66,0,0,1,0,33.11,1845.44,7.17660828853824,2,3,10,6,1
0,50.52,5,1,21,0,17,3,2,29.6,252.6,58.590657165479,0,0,10,5,1
2,91.59,4,0,57,0,97,2,0,31.78,366.36,34.6981111475052,0,2,11,4,0
0,302.59,2,0,55,0,19,0,2,37.77,605.18,12.4822366899104,1,2,5,1,0
3,51.29,3,0,46,0,21,2,1,12.45,153.87,24.2737375706765,0,2,3,0,0
0,182.86,4,0,21,1,45,2,1,15.82,731.44,8.6514273214481,1,0,1,5,1
2,449.92,4,1,64,1,43,0,2,11.19,1799.68,2.48710881934566,2,3,7,6,1
2,482.4,3,1,43,0,97,1,1,40.53,1447.2,8.40174129353234,2,2,11,5,1
0,43.17,2,0,54,0,3,0,0,33.26,86.34,77.0442436877461,0,2,1,0,0
3,222.67,5,0,64,1,81,2,0,13.65,1113.35,6.13014775227916,1,3,1,3,0
2,139.93,2,0,41,0,48,1,1,21.29,279.86,15.214750232259,0,2,8,5,1
1,401.38,2,1,40,0,6,0,0,13.69,802.76,3.41073297124919,2,1,1,6,1
4,261.56,2,0,21,0,88,3,1,29.26,523.12,11.1867257990518,1,0,11,2,0
2,376.48,5,0,25,1,7,3,0,1.96,1882.4,0.520611984700382,2,0,1,1,0
1,298.62,1,0,61,1,80,2,1,18.02,298.62,6.03442502176679,1,3,2,3,0
1,30.63,2,0,34,1,69,2,0,4.08,61.26,13.3202742409403,0,1,6,6,1
1,408.47,3,1,66,0,83,2,1,36.4,1225.41,8.91130315567851,2,3,9,4,0
3,453.89,4,1,40,0,32,3,2,40.24,1815.56,8.86558417237657,2,1,9,2,0
4,417.43,4,1,30,0,4,3,0,48.49,1669.72,11.6163189037683,2,1,6,5,1
0,22.01,5,0,18,0,24,1,0,25.71,110.05,116.810540663335,0,0,1,1,0
0,249.79,1,0,70,0,66,2,1,20.64,249.79,8.26294087033108,1,3,1,2,0
2,248.23,2,1,22,1,7,3,1,40.97,496.46,16.504854368932,1,0,10,0,0
4,119.73,1,0,44,1,4,0,0,8.99,119.73,7.50856092875637,0,2,8,3,0
2,329.44,1,1,19,0,49,1,1,45.94,329.44,13.9448761534726,1,0,1,6,1
1,293.04,5,1,37,1,91,1,2,38.27,1465.2,13.0596505596506,1,1,12,0,0
4,204.37,1,0,52,1,63,2,0,45.47,204.37,22.2488623574889,1,2,1,3,0
2,71.58,5,0,45,0,74,2,0,16.23,357.9,22.6739312657167,0,2,10,3,0
1,256.93,2,0,41,1,33,1,1,7.49,513.86,2.91519090802942,1,2,11,0,0
1,27.4,1,0,38,1,4,2,0,44.26,27.4,161.532846715328,0,1,7,1,0
3,104.42,3,0,69,0,12,1,1,13.59,313.26,13.0147481325417,0,3,5,2,0
1,323.97,4,1,70,1,62,1,0,15.24,1295.88,4.70413927215483,1,3,3,3,0
1,109.67,3,0,45,1,11,1,2,31.48,329.01,28.7042947022887,0,2,5,1,0
1,74.64,5,1,20,0,38,0,1,45.3,373.2,60.6913183279743,0,0,6,6,1
0,58.98,2,1,24,1,70,1,0,42.37,117.96,71.8379111563242,0,0,9,0,0
4,202.45,5,1,36,0,92,3,0,45.2,1012.25,22.3265003704619,1,1,11,5,1
1,294.86,2,0,21,0,33,3,2,19.51,589.72,6.61669945058672,1,0,6,4,0
3,22.81,2,0,38,1,15,1,2,19.31,45.62,84.6558526961859,0,1,9,3,0
4,228.55,4,1,37,0,5,0,0,46.1,914.2,20.1706409975935,1,1,3,6,1
1,28.28,2,0,53,1,16,3,1,7.07,56.56,25,0,2,7,0,0
3,246.6,4,0,60,1,1,3,0,2.98,986.4,1.20843471208435,1,2,12,0,0
4,39.38,3,0,48,1,38,2,1,43.8,118.14,111.223971559167,0,2,3,6,1
3,427.79,2,1,32,0,19,1,2,44.11,855.58,10.3111339676009,2,1,3,4,0
3,146.81,3,0,36,0,80,0,1,32.86,440.43,22.3826714801444,0,1,10,1,0
3,363.91,4,1,29,1,18,3,0,15.28,1455.64,4.1988403726196,2,1,8,3,0
3,425.87,5,1,56,1,75,1,2,30.64,2129.35,7.19468382370207,2,2,10,2,0
3,148.1,3,0,70,1,91,0,2,12.1,444.3,8.17015530047265,0,3,7,1,0
1,409.75,4,0,39,1,43,1,2,14,1639,3.41671751067724,2,1,4,5,1
2,379.15,1,0,36,0,30,1,1,23.27,379.15,6.13741263352235,2,1,10,5,1
0,472.02,5,1,27,1,86,0,0,28.26,2360.1,5.9870344476929,2,1,6,6,1
2,17.72,5,0,59,1,39,1,0,18.73,88.6,105.699774266366,0,2,9,6,1
1,260.15,1,0,38,0,57,1,2,25.39,260.15,9.7597539880838,1,1,2,6,1
0,28.02,3,0,18,0,3,3,0,9.79,84.06,34.9393290506781,0,0,4,0,0
2,66.46,1,0,34,0,94,1,2,35.01,66.46,52.6783027384893,0,1,6,3,0
1,205.45,3,0,44,1,0,0,0,16.82,616.35,8.18690678997323,1,2,3,3,0
3,416.77,3,1,67,1,95,0,0,37.43,1250.31,8.98097271876575,2,3,6,2,0
4,84.63,3,0,62,0,27,1,0,34.73,253.89,41.0374571664894,0,3,3,3,0
0,439.96,3,1,50,0,46,2,2,40.53,1319.88,9.21220110919175,2,2,9,1,0
3,332.74,5,1,21,1,35,3,2,27.56,1663.7,8.28274328304382,1,0,10,4,0
4,344.07,3,1,47,1,84,1,1,43.88,1032.21,12.7532188217514,2,2,5,3,0
2,329.05,3,1,63,0,99,1,2,16.02,987.15,4.8685610089652,1,3,9,3,0
2,91.84,3,1,70,1,82,1,2,40.23,275.52,43.8044425087108,0,3,10,2,0
0,160.42,1,0,61,1,24,2,0,22.47,160.42,14.0069816731081,0,3,1,1,0
3,435.43,1,0,31,1,74,1,2,9.05,435.43,2.07840525457594,2,1,5,0,0
4,54.5,4,0,44,0,51,3,0,2.13,218,3.90825688073395,0,2,10,4,0
2,161.59,1,0,51,0,65,3,1,32.14,161.59,19.8898446686057,0,2,1,0,0
3,388.48,4,1,21,0,29,0,2,15.78,1553.92,4.06198517298188,2,0,8,0,0
2,341.37,4,1,24,1,7,1,1,11.12,1365.48,3.25746257726221,2,0,6,0,0
0,279.36,1,0,31,1,67,1,2,47.75,279.36,17.0926403207331,1,1,12,6,1
4,307.47,4,1,53,1,50,1,2,46.89,1229.88,15.2502683188604,1,2,8,3,0
0,462.96,1,1,49,0,55,0,1,41.8,462.96,9.02885778468982,2,2,8,2,0
3,338.96,3,0,48,1,41,2,0,13.23,1016.88,3.90311541184801,2,2,12,0,0
1,314.14,2,1,67,0,44,3,1,45.18,628.28,14.3821226204877,1,3,2,0,0
0,412.4,3,0,52,1,17,3,0,9.44,1237.2,2.2890397672163,2,2,3,0,0
0,432.31,3,1,25,0,34,0,0,40.47,1296.93,9.36133792880109,2,0,9,1,0
4,28.44,5,0,42,1,42,1,2,17.07,142.2,60.0210970464135,0,2,4,1,0
2,75.23,4,0,41,0,8,3,0,14.2,300.92,18.8754486242191,0,2,10,4,0
1,362.15,1,0,64,0,73,2,1,19.44,362.15,5.3679414607207,2,3,3,1,0
0,199.42,4,0,51,0,63,1,2,40.08,797.68,20.0982850265771,1,2,11,2,0
2,279.01,2,0,55,0,67,0,2,20.41,558.02,7.31514999462385,1,2,9,1,0
3,398.31,3,1,45,1,70,3,0,24.83,1194.93,6.23383796540383,2,2,4,1,0
3,32.38,5,0,52,1,10,3,1,22.7,161.9,70.1050030883261,0,2,9,4,0
0,450.21,1,1,40,1,79,2,0,31.27,450.21,6.94564758668177,2,1,10,5,1
3,76.6,3,1,64,0,3,0,1,41.97,229.8,54.7911227154047,0,3,11,2,0
1,49.74,5,0,37,0,82,1,2,9.43,248.7,18.9585846401287,0,1,6,4,0
3,68.55,1,0,43,1,67,1,1,45.12,68.55,65.8205689277899,0,2,12,5,1
3,154.49,2,0,32,1,15,0,0,16.69,308.98,10.803288238721,0,1,5,2,0
4,478.63,4,1,27,1,23,2,2,33.73,1914.52,7.04719720869983,2,1,2,5,1
0,365.5,4,1,46,0,40,1,2,25.33,1462,6.93023255813954,2,2,7,0,0
2,371.27,4,1,47,1,3,1,1,13.64,1485.08,3.67387615481994,2,2,4,2,0
1,250.86,2,0,30,0,70,2,1,22.39,501.72,8.92529697839432,1,1,9,4,0
4,221.18,3,0,23,0,66,0,1,44.28,663.54,20.019893299575,1,0,6,2,0
1,191.37,1,0,53,1,79,2,0,11.96,191.37,6.24967340753514,1,2,2,1,0
0,218.26,2,0,61,1,99,2,1,27.15,436.52,12.4392925868231,1,3,6,3,0
0,247.88,5,0,45,1,66,3,2,17.67,1239.4,7.12844924963692,1,2,4,1,0
1,25.3,2,0,66,1,59,0,0,14.07,50.6,55.6126482213439,0,3,5,3,0
4,472.45,4,1,41,1,16,1,0,28.01,1889.8,5.92866970049741,2,2,7,2,0
2,272.91,5,1,25,0,43,3,1,46.28,1364.55,16.9579714924334,1,0,8,3,0
1,197.15,4,1,65,1,96,0,1,42.62,788.6,21.6180573167639,1,3,2,4,0
4,151.9,2,0,31,0,90,3,1,41.12,303.8,27.0704410796577,0,1,8,2,0
2,132.39,3,1,31,1,93,2,0,49.66,397.17,37.5103859808143,0,1,3,0,0
4,140.24,2,0,48,1,3,1,0,18.23,280.48,12.999144324016,0,2,3,5,1
1,214.54,5,1,64,0,68,3,2,39.62,1072.7,18.4674186631864,1,3,8,1,0
3,296.35,1,1,39,1,16,3,1,47.63,296.35,16.072211911591,1,1,2,6,1
2,72.76,1,0,66,0,11,1,1,9.5,72.76,13.0566245189665,0,3,9,3,0
1,462.59,4,1,70,0,23,1,0,7.91,1850.36,1.70993752567068,2,3,5,2,0
2,357.87,1,1,31,0,66,1,2,41.61,357.87,11.6271271690838,2,1,8,2,0
0,494.85,1,1,55,1,98,2,2,31.48,494.85,6.3615236940487,2,2,1,1,0
2,390.58,1,1,49,0,36,0,1,21.39,390.58,5.47647088944646,2,2,7,5,1
2,465.15,2,1,19,1,98,3,1,45.56,930.3,9.79468988498334,2,0,9,2,0
1,139.94,1,0,44,1,87,3,1,37.81,139.94,27.0187223095612,0,2,12,5,1
0,279.9,1,0,20,0,41,3,1,27.45,279.9,9.80707395498392,1,0,11,2,0
1,37.44,5,0,64,1,2,3,0,30.02,187.2,80.1816239316239,0,3,3,3,0
3,315.9,2,0,24,1,46,2,1,12.04,631.8,3.81133270022159,1,0,8,4,0
3,159.25,1,0,70,0,59,0,2,40.22,159.25,25.2558869701727,0,3,8,0,0
3,339.86,5,1,21,1,49,2,0,39.32,1699.3,11.5694697816748,2,0,2,3,0
2,28.79,1,0,40,1,6,2,0,6.68,28.79,23.2025008683571,0,1,6,3,0
2,8.43,5,0,39,1,8,1,1,20.43,42.15,242.348754448399,0,1,2,6,1
1,327.64,1,1,20,0,64,3,1,35.97,327.64,10.9785130020755,1,0,11,0,0
4,62.77,5,0,61,1,43,3,0,25.74,313.85,41.006850406245,0,3,11,1,0
3,147.14,2,0,49,1,34,2,2,44.99,294.28,30.5763218703276,0,2,10,0,0
4,345.41,4,1,38,1,15,0,2,13.32,1381.64,3.85628673171014,2,1,8,3,0
1,497.23,1,1,68,1,46,3,2,49.37,497.23,9.92900669710194,2,3,7,4,0
2,248.73,2,0,62,0,3,0,2,20.47,497.46,8.22980742170225,1,3,3,0,0
3,99.13,5,1,20,1,32,0,2,41.33,495.65,41.6927267224856,0,0,9,0,0
0,198.97,5,1,42,0,29,3,1,38.6,994.85,19.3999095341006,1,2,5,2,0
2,454.94,4,1,55,1,59,1,1,17.42,1819.76,3.82907636171803,2,2,10,2,0
4,411.07,5,1,47,0,55,3,2,43.5,2055.35,10.5821392950106,2,2,6,1,0
4,391.03,2,0,30,0,92,1,0,0.57,782.06,0.145768866838861,2,1,7,4,0
1,213.17,2,1,52,0,65,2,0,43.34,426.34,20.3311910681616,1,2,6,6,1
4,491.11,4,1,59,0,95,1,0,25.69,1964.44,5.23100730997129,2,2,2,4,0
3,158.76,2,0,59,0,12,0,0,47.17,317.52,29.7115142353238,0,2,11,2,0
0,30.02,4,0,47,1,53,3,1,42.95,120.08,143.07128580946,0,2,11,4,0
0,146.02,3,0,56,1,5,0,0,32.72,438.06,22.4078893302287,0,2,6,0,0
1,110.88,4,0,60,1,37,3,0,15.38,443.52,13.8708513708514,0,2,7,4,0
0,372.05,2,1,33,0,89,0,1,30.47,744.1,8.18975944093536,2,1,7,1,0
3,93.7,3,0,27,0,23,3,1,33.89,281.1,36.1686232657417,0,1,5,6,1
3,283.71,2,0,56,0,34,1,1,7.43,567.42,2.61887138274999,1,2,6,0,0
2,283.39,5,1,62,0,69,1,1,30.49,1416.95,10.7590246656551,1,3,3,0,0
0,490.61,2,1,63,1,55,1,2,47.42,981.22,9.66551843623245,2,3,11,2,0
2,116,3,0,32,0,2,0,2,28.14,348,24.2586206896552,0,1,7,2,0
4,462.36,3,1,47,1,35,1,2,2.01,1387.08,0.434726187386452,2,2,11,3,0
2,12.97,4,0,47,1,82,3,2,17.81,51.88,137.316885119507,0,2,10,1,0
2,380.22,3,0,56,1,72,1,2,1.19,1140.66,0.312976697701331,2,2,9,1,0
2,49.27,5,0,68,0,81,1,2,12.41,246.35,25.1877410188756,0,3,6,6,1
2,454.8,3,1,39,0,19,0,0,10.7,1364.4,2.35268249780123,2,1,10,1,0
3,266.19,4,1,49,0,11,3,1,48.99,1064.76,18.4041474135016,1,2,12,0,0
3,145.55,3,1,31,0,45,0,0,34.21,436.65,23.5039505324631,0,1,1,3,0
3,46.39,2,0,56,1,61,2,0,3.4,92.78,7.32916576848459,0,2,7,1,0
2,405.93,1,1,61,0,39,1,1,42.86,405.93,10.5584706722834,2,3,1,6,1
0,157.9,2,0,38,0,90,3,2,47.57,315.8,30.1266624445852,0,1,9,4,0
4,193.42,1,0,48,1,12,0,2,25.09,193.42,12.9717712749457,1,2,12,6,1
2,442.93,1,1,33,0,40,3,2,27.09,442.93,6.11609057864674,2,1,1,6,1
3,452.14,4,1,44,0,48,2,1,38.39,1808.56,8.49073295881807,2,2,7,3,0
4,460.44,4,1,21,0,49,3,1,43.27,1841.76,9.3975327947181,2,0,4,3,0
1,68.24,4,1,56,1,33,1,0,43.64,272.96,63.9507620164127,0,2,3,0,0
0,401.45,4,1,40,0,6,3,0,16.62,1605.8,4.1399925270893,2,1,11,0,0
2,400.82,1,1,20,0,42,3,0,28.72,400.82,7.16531111221995,2,0,8,4,0
3,197.25,3,0,43,0,20,0,2,3.22,591.75,1.63244613434728,1,2,2,5,1
1,79.67,4,0,37,1,25,0,2,4.27,318.68,5.35960838458642,0,1,7,1,0
2,31.78,4,0,52,0,45,1,0,37.51,127.12,118.030207677785,0,2,12,6,1
2,330.33,3,1,31,0,73,1,1,28.01,990.99,8.4793993884903,1,1,4,2,0
3,380.73,5,0,58,1,77,0,2,4.43,1903.65,1.16355422477871,2,2,7,0,0
3,321.7,5,1,18,1,4,1,0,21.54,1608.5,6.69567920422754,1,0,3,1,0
3,165.96,3,0,29,0,85,2,0,26.3,497.88,15.8471920944806,0,1,1,1,0
3,327.04,4,0,63,1,67,1,2,2.2,1308.16,0.672700587084149,1,3,2,1,0
1,216.02,3,0,63,0,14,1,1,27.17,648.06,12.5775391167485,1,3,9,4,0
0,396.4,3,0,45,0,78,0,0,15.47,1189.2,3.90262361251261,2,2,10,1,0
3,399.73,2,1,68,0,3,2,1,42.49,799.46,10.6296750306457,2,3,1,3,0
2,295.59,4,0,26,1,49,3,0,4.11,1182.36,1.39043946006293,1,1,5,4,0
4,19.72,5,0,20,1,14,2,0,14.05,98.6,71.2474645030426,0,0,11,2,0
2,466.91,1,1,57,0,99,2,2,39.28,466.91,8.41275620569275,2,2,10,2,0
4,91.1,3,0,53,0,43,3,1,32.19,273.3,35.3347969264544,0,2,5,4,0
3,398.26,4,1,68,0,10,1,0,24.36,1593.04,6.11660724150053,2,3,5,0,0
4,450.16,1,0,36,0,3,1,0,17.6,450.16,3.90972098809312,2,1,9,1,0
0,373.18,3,0,39,1,48,0,1,2.23,1119.54,0.597566857816603,2,1,4,1,0
3,300.19,3,0,25,0,12,1,1,15.12,900.57,5.03681002032046,1,0,8,6,1
1,130.45,4,0,62,1,24,1,2,34,521.8,26.0636259103105,0,3,4,6,1
3,99.85,3,0,51,1,21,0,0,35.56,299.55,35.6134201301953,0,2,5,4,0
3,72.84,2,0,52,0,96,2,2,40.31,145.68,55.3404722679846,0,2,10,0,0
3,467.68,2,1,54,0,63,2,2,22.55,935.36,4.82167293876155,2,2,7,1,0
2,185.3,5,0,44,1,55,3,0,8.77,926.5,4.73286562331355,1,2,3,6,1
3,41.01,2,0,59,1,29,2,1,42.21,82.02,102.926115581566,0,2,6,4,0
2,163.92,5,1,56,0,28,1,1,45.05,819.6,27.4829184968277,0,2,3,5,1
4,51.14,5,0,33,1,71,0,2,20.66,255.7,40.3989049667579,0,1,8,6,1
1,202.06,5,0,65,0,51,0,0,4.08,1010.3,2.01920221716322,1,3,7,0,0
4,120.62,4,0,35,1,97,0,1,20.72,482.48,17.1779141104294,0,1,1,6,1
0,435.78,3,0,38,0,56,3,1,8.64,1307.34,1.98265179677819,2,1,1,0,0
4,321.74,2,0,62,1,2,2,2,9.48,643.48,2.94647852303102,1,3,2,6,1
1,176.47,2,1,24,0,68,3,0,38.6,352.94,21.8734062446875,1,0,3,2,0
0,37.75,3,0,68,0,57,3,0,1.94,113.25,5.13907284768212,0,3,6,2,0
1,49.29,3,0,57,1,12,0,0,35.6,147.87,72.225603570704,0,2,12,0,0
4,392.05,4,1,63,0,63,0,1,8.36,1568.2,2.13238107384262,2,3,3,3,0
2,108.66,1,0,24,0,16,3,2,49.23,108.66,45.3064605190503,0,0,10,2,0
2,375.12,3,1,61,1,25,1,0,36.65,1125.36,9.77020686713585,2,3,5,0,0
0,67.62,5,0,27,1,72,0,1,20.48,338.1,30.2868973676427,0,1,6,5,1
4,238.14,4,0,43,0,88,0,2,23.36,952.56,9.80935584110187,1,2,8,4,0
2,335,2,0,19,1,52,1,2,5.21,670,1.55522388059702,1,0,8,2,0
1,54.17,1,0,46,0,8,0,0,40.99,54.17,75.669189588333,0,2,7,5,1
0,145.23,5,0,41,0,19,3,0,16.56,726.15,11.4026027680231,0,2,11,4,0
4,53.72,3,1,30,0,42,2,1,37.98,161.16,70.6999255398362,0,1,2,1,0
3,228.25,3,1,50,1,92,3,2,44.13,684.75,19.3340635268346,1,2,6,0,0
2,329.85,3,0,26,1,99,0,2,20.83,989.55,6.31499166287706,1,1,11,5,1
1,167.8,1,0,26,1,75,1,2,33.23,167.8,19.803337306317,0,1,2,6,1
1,263.72,2,1,43,0,41,3,2,49.97,527.44,18.9481268011527,1,2,6,1,0
0,17.41,4,0,63,0,66,0,1,20.68,69.64,118.782309017806,0,3,4,6,1
1,245.65,5,1,18,1,22,2,0,46.78,1228.25,19.0433543659678,1,0,5,0,0
4,416.28,5,1,64,1,67,3,0,36.5,2081.4,8.76813683097915,2,3,3,3,0
3,336.41,2,0,44,0,43,3,2,5.09,672.82,1.51303468981303,2,2,7,2,0
0,18.63,4,0,63,1,25,1,1,41.42,74.52,222.329575952764,0,3,7,5,1
2,268.79,5,1,47,0,77,1,0,30.91,1343.95,11.4996837679973,1,2,5,6,1
4,365.48,1,0,55,1,54,2,2,17.47,365.48,4.78001532231586,2,2,6,1,0
1,285.18,5,0,65,0,74,2,0,14.68,1425.9,5.14762606073357,1,3,9,6,1
1,196.58,2,0,28,1,89,2,1,0.8,393.16,0.406958998880863,1,1,11,5,1
0,382.53,3,1,32,0,60,3,1,42.28,1147.59,11.052727890623,2,1,6,0,0
3,240.14,5,0,66,0,22,0,0,5.22,1200.7,2.17373198967269,1,3,9,0,0
0,87.46,1,0,21,0,10,2,1,41.16,87.46,47.061513834896,0,0,4,4,0
1,170.97,1,0,55,0,64,3,2,4.5,170.97,2.6320407088963,0,2,5,5,1
2,456.68,5,1,33,1,27,3,2,20.42,2283.4,4.47140229482351,2,1,6,3,0
4,348.46,5,1,29,1,32,2,1,16.92,1742.3,4.85565057682374,2,1,9,3,0
0,249.89,4,0,57,1,36,1,1,12.22,999.56,4.89015166673336,1,2,5,4,0
2,340.48,2,0,21,1,12,2,0,10.1,680.96,2.96640037593985,2,0,11,6,1
0,257.65,1,0,64,0,85,2,0,24.33,257.65,9.44304288763827,1,3,2,4,0
0,485.09,3,1,41,0,80,3,2,32.52,1455.27,6.70391061452514,2,2,5,1,0
1,241.84,1,0,52,1,30,0,1,0.42,241.84,0.173668541184254,1,2,7,4,0
3,403.68,3,0,18,0,19,2,0,10.21,1211.04,2.52923107411811,2,0,5,3,0
4,204.83,4,1,63,0,37,0,1,34.03,819.32,16.6137772787189,1,3,7,0,0
2,359.59,4,1,54,0,87,3,2,36.57,1438.36,10.1699157373676,2,2,2,5,1
1,495.41,4,1,25,1,55,0,2,15.58,1981.64,3.14486990573464,2,0,11,1,0
0,469.02,4,1,42,1,34,2,2,43.84,1876.08,9.34714937529317,2,2,6,3,0
2,225.05,2,0,45,1,13,2,1,12.86,450.1,5.71428571428571,1,2,1,5,1
2,284.96,4,0,58,1,48,1,0,8.12,1139.84,2.84952274003369,1,2,4,0,0
2,467.01,3,1,18,0,68,3,2,33.66,1401.03,7.20755444208903,2,0,3,5,1
3,310.12,4,0,56,1,59,1,1,29.68,1240.48,9.57048884302851,1,2,6,6,1
0,498.75,4,0,45,1,85,1,2,12.46,1995,2.49824561403509,2,2,5,3,0
4,269.52,2,0,20,0,86,2,1,14.9,539.04,5.52834669041259,1,0,2,0,0
4,344.53,2,1,58,1,76,3,0,42.36,689.06,12.2950105941428,2,2,8,1,0
3,217.67,1,0,42,0,32,3,2,24.97,217.67,11.471493545275,1,2,6,0,0
1,23.69,3,0,57,0,12,2,1,25.92,71.07,109.41325453778,0,2,2,1,0
2,10.18,3,0,51,1,26,1,2,32.52,30.54,319.449901768173,0,2,7,4,0
3,332.79,3,1,18,1,15,1,0,47.76,998.37,14.3513927702155,1,0,2,1,0
2,281.99,2,1,24,0,28,2,0,27.33,563.98,9.69183304372495,1,0,1,6,1
4,264.39,5,1,41,0,98,0,0,28.81,1321.95,10.8967812700934,1,2,1,1,0
4,157.97,4,0,52,1,24,3,2,16.12,631.88,10.2044692030132,0,2,11,2,0
2,181.42,1,0,68,1,19,2,2,21.04,181.42,11.597398302282,1,3,7,1,0
2,361.83,1,1,24,1,10,3,1,23.74,361.83,6.56109222563082,2,0,7,6,1
1,10.68,3,0,69,0,54,2,2,46.93,32.04,439.419475655431,0,3,1,0,0
0,186.45,2,0,46,0,58,2,0,7.42,372.9,3.97961920085814,1,2,9,4,0
0,240.85,5,0,58,0,70,1,0,16.84,1204.25,6.9919036744862,1,2,2,6,1
4,401.76,3,1,31,0,13,2,0,28.58,1205.28,7.1136997212266,2,1,8,2,0
2,412.71,1,0,49,0,10,3,0,0.29,412.71,0.0702672578808364,2,2,4,4,0
2,204.47,3,0,48,1,50,0,2,13.71,613.41,6.70514011835477,1,2,4,4,0
1,313.98,5,1,23,0,17,2,1,49.9,1569.9,15.8927320211478,1,0,5,4,0
0,248.1,4,0,31,0,7,2,1,5.94,992.4,2.39419588875454,1,1,5,0,0
4,214.73,4,0,38,0,62,1,1,11.83,858.92,5.50924416709356,1,1,2,1,0
3,387.74,2,1,65,1,96,0,0,14.24,775.48,3.67256408933822,2,3,7,0,0
1,265.85,1,0,61,1,52,2,1,22.23,265.85,8.36185819070905,1,3,9,4,0
0,282.86,3,1,41,0,47,3,2,40.77,848.58,14.4134907728205,1,2,7,4,0
2,252.4,3,0,23,1,6,2,1,0.93,757.2,0.368462757527734,1,0,12,4,0
0,436.31,3,0,32,0,29,3,1,1.02,1308.93,0.233778735302881,2,1,3,6,1
4,242.03,4,1,58,1,13,3,1,45.38,968.12,18.7497417675495,1,2,8,5,1
0,226.82,4,0,43,1,92,1,1,5.53,907.28,2.43805660876466,1,2,10,0,0
3,484.09,3,1,36,0,16,2,1,46.37,1452.27,9.5787973310748,2,1,12,3,0
4,493.12,3,1,61,1,33,0,0,7.19,1479.36,1.45806294613887,2,3,9,3,0
3,134.61,1,0,53,1,93,3,0,23.14,134.61,17.1904019017904,0,2,2,2,0
1,427.34,2,0,63,1,70,0,0,2.13,854.68,0.498432161744747,2,3,11,3,0
4,432.99,4,1,29,1,47,1,2,24.64,1731.96,5.69066260190767,2,1,6,3,0
0,473.15,3,0,59,0,88,1,2,13.95,1419.45,2.94832505547924,2,2,10,5,1
3,395.95,2,0,35,1,49,0,1,3.44,791.9,0.868796565222882,2,1,1,0,0
4,216.98,2,0,62,1,96,3,0,2.38,433.96,1.09687528804498,1,3,1,1,0
0,45.45,1,0,69,1,37,1,1,2.18,45.45,4.7964796479648,0,3,8,6,1
2,423.65,4,1,57,1,88,2,0,12.38,1694.6,2.92222353357725,2,2,1,1,0
2,210.74,3,0,18,0,47,0,1,1.33,632.22,0.631109423934706,1,0,11,1,0
3,381.83,1,0,45,1,20,3,0,0.39,381.83,0.102139695676086,2,2,4,1,0
2,183.81,4,1,52,1,98,2,1,32.4,735.24,17.6268973396442,1,2,5,0,0
3,65.15,4,0,29,0,88,1,1,28.27,260.6,43.3921719109747,0,1,2,5,1
3,285.96,1,0,34,0,26,1,2,2.98,285.96,1.04210379073996,1,1,8,5,1
1,164.15,2,1,59,0,67,3,2,47.03,328.3,28.650624428876,0,2,12,3,0
1,91.89,5,0,61,1,46,1,1,3.4,459.45,3.70007617803896,0,3,3,2,0
2,299.54,2,1,61,1,19,0,1,40.52,599.08,13.5274086933298,1,3,6,6,1
4,220.62,5,0,68,0,6,2,1,2.42,1103.1,1.09690871181217,1,3,4,2,0
2,49.86,4,0,63,1,65,1,0,45.89,199.44,92.0377055756117,0,3,12,5,1
0,139.76,3,0,64,0,78,2,1,29.77,419.28,21.3008013737836,0,3,5,5,1
0,383.73,2,1,41,1,61,3,0,25.18,767.46,6.56190550647591,2,2,11,3,0
0,220.41,1,0,25,0,67,3,2,16.06,220.41,7.28642076130847,1,0,9,6,1
3,205.98,2,0,20,0,77,0,0,9.32,411.96,4.52471113700359,1,0,8,2,0
1,88.22,4,0,39,1,32,0,0,38.77,352.88,43.9469508048062,0,1,9,0,0
4,482.42,5,1,55,0,4,3,2,14.45,2412.1,2.99531528543593,2,2,7,1,0
4,131.6,5,0,30,1,69,2,0,29.7,658,22.5683890577508,0,1,5,0,0
3,26.4,5,0,64,1,84,3,2,27.65,132,104.734848484849,0,3,2,5,1
2,157.71,2,0,36,0,34,1,1,44.12,315.42,27.9753978821888,0,1,12,1,0
3,77.4,5,0,36,1,20,0,0,13.74,387,17.7519379844961,0,1,2,1,0
4,498.95,2,1,69,0,35,0,2,42.22,997.9,8.46176971640445,2,3,5,0,0
2,42.99,5,0,59,0,41,0,0,35.92,214.95,83.5543149569667,0,2,7,3,0
3,295.56,5,1,49,1,49,0,2,30.64,1477.8,10.3667614020842,1,2,8,1,0
1,136.4,5,1,42,1,72,2,2,48.28,682,35.3958944281525,0,2,2,1,0
0,208.48,2,1,25,0,9,3,1,44.38,416.96,21.2874136607828,1,0,11,5,1
3,20.69,4,0,58,1,65,1,0,19.79,82.76,95.6500724987917,0,2,9,6,1
2,491.2,5,1,32,0,83,1,1,13.01,2456,2.64861563517915,2,1,6,5,1
3,436.61,5,1,41,0,13,2,0,47.98,2183.05,10.9892123405327,2,2,7,5,1
3,251.59,3,1,35,1,99,1,2,48.62,754.77,19.325092412258,1,1,9,2,0
1,457.21,1,1,56,0,40,1,1,25.69,457.21,5.61886222961003,2,2,10,1,0
4,62.32,5,0,48,1,10,2,0,10.46,311.6,16.7843388960205,0,2,4,4,0
1,38.3,3,0,33,0,75,0,0,4.66,114.9,12.1671018276762,0,1,5,1,0
1,108.74,4,0,42,1,47,3,2,11.17,434.96,10.272208938753,0,2,6,0,0
2,224.28,3,1,18,0,80,2,2,38.39,672.84,17.1169966113786,1,0,9,1,0
0,386.29,1,0,21,0,19,3,1,25.08,386.29,6.49253151777162,2,0,3,3,0
3,90.32,3,0,40,0,97,1,2,13.09,270.96,14.4929140832595,0,1,4,4,0
0,460.16,5,1,36,1,29,1,2,26.15,2300.8,5.68280598052851,2,1,8,2,0
2,130.97,4,0,67,0,94,1,2,36,523.88,27.4872108116363,0,3,6,2,0
1,96.53,1,0,61,0,92,2,0,14.1,96.53,14.606857971615,0,3,11,6,1
2,150.68,3,0,22,0,8,2,2,4.74,452.04,3.14573931510486,0,0,9,3,0
1,439.04,5,1,22,1,57,0,1,41.61,2195.2,9.47749635568513,2,0,1,1,0
1,462.95,3,1,54,1,90,1,2,48.42,1388.85,10.4590128523599,2,2,5,2,0
0,137.48,3,0,33,0,68,2,1,9.93,412.44,7.22286878091359,0,1,10,5,1
3,278.7,4,1,61,0,94,1,2,49.22,1114.8,17.6605669178328,1,3,11,0,0
3,207.91,3,1,58,1,30,3,0,46.48,623.73,22.3558270405464,1,2,4,6,1
4,135.75,3,0,24,1,37,1,1,34.22,407.25,25.2081031307551,0,0,10,4,0
0,377.55,1,0,70,0,90,0,2,19.55,377.55,5.17812210303271,2,3,3,0,0
2,59.68,4,0,35,1,46,3,2,20.43,238.72,34.2325737265416,0,1,3,0,0
4,453.97,5,1,29,1,46,3,0,7.02,2269.85,1.54635768883406,2,1,3,4,0
4,85.25,3,0,60,0,46,0,0,44.63,255.75,52.3519061583578,0,2,3,1,0
2,87.8,4,0,24,0,99,1,1,20.5,351.2,23.3485193621868,0,0,3,6,1
3,10.04,3,0,64,1,98,2,2,10.15,30.12,101.095617529881,0,3,7,2,0
1,389.06,3,0,43,0,7,2,0,4.23,1167.18,1.08723590191744,2,2,12,5,1
3,427.92,1,0,45,1,18,3,0,1.77,427.92,0.413628715647785,2,2,9,0,0
0,376.71,4,1,51,1,1,0,0,48.34,1506.84,12.8321520533036,2,2,12,5,1
3,18.4,2,0,60,0,31,1,0,11,36.8,59.7826086956522,0,2,10,6,1
3,157.88,1,0,25,0,52,3,1,4.21,157.88,2.66658221434001,0,0,2,3,0
0,230.76,2,0,21,0,36,2,2,6.47,461.52,2.80377881781938,1,0,9,4,0
0,375.25,1,0,23,0,24,3,0,18.35,375.25,4.89007328447702,2,0,1,2,0
3,456.01,5,1,26,1,54,3,2,0.84,2280.05,0.184206486699853,2,1,8,0,0
4,207.92,3,0,60,1,66,0,2,18.53,623.76,8.91208156983455,1,2,6,6,1
1,7.82,4,0,47,0,27,1,2,2.73,31.28,34.9104859335038,0,2,7,4,0
4,441.05,4,1,30,0,18,0,2,22.76,1764.2,5.1604126516268,2,1,9,5,1
4,201.11,5,0,38,0,73,3,1,18.53,1005.55,9.21386306001691,1,1,3,5,1
1,230.89,3,0,19,0,54,3,2,4,692.67,1.7324266966954,1,0,3,1,0
3,395.2,3,0,64,1,71,1,0,1.81,1185.6,0.457995951417004,2,3,1,4,0
4,369.67,4,1,56,0,50,0,2,49.89,1478.68,13.4958205967485,2,2,2,5,1
1,121.7,3,1,53,0,33,2,2,35.63,365.1,29.2769104354971,0,2,7,5,1
2,75.83,3,0,70,0,11,0,0,12.77,227.49,16.840300672557,0,3,5,4,0
1,124.05,2,0,64,1,72,3,0,8.35,248.1,6.73115679161628,0,3,5,4,0
1,100.61,4,0,26,0,75,0,1,9.66,402.44,9.60143126925753,0,1,8,4,0
3,323.26,1,1,41,1,62,3,1,48.45,323.26,14.9879354080307,1,2,3,3,0
2,361.15,5,1,23,0,14,2,0,48.14,1805.75,13.3296414232314,2,0,6,3,0
4,96.22,1,0,25,0,71,0,2,15.24,96.22,15.838702972355,0,0,5,5,1
2,248.95,2,0,55,0,55,1,2,4.04,497.9,1.62281582647118,1,2,4,1,0
2,499.17,4,1,70,0,91,0,0,35.03,1996.68,7.01764929783441,2,3,11,2,0
4,41.42,3,0,66,0,21,3,1,18.86,124.26,45.5335586673105,0,3,4,2,0
4,271.43,4,0,49,0,82,0,2,22.74,1085.72,8.37785064289135,1,2,1,3,0
3,250.04,2,0,40,0,24,3,2,13.56,500.08,5.42313229883219,1,1,12,6,1
0,363.64,2,0,42,1,1,1,0,12.13,727.28,3.33571664283357,2,2,7,0,0
2,91.4,1,0,70,0,64,3,2,5.36,91.4,5.86433260393873,0,3,2,2,0
4,265.6,1,0,46,0,90,3,2,25.52,265.6,9.60843373493976,1,2,7,6,1
0,360.39,5,1,66,1,16,2,0,24.66,1801.95,6.84258719720303,2,3,1,1,0
1,109.09,1,0,43,1,5,2,2,7.32,109.09,6.71005591713264,0,2,4,0,0
2,410.95,4,1,57,0,40,0,1,19.41,1643.8,4.72320233605062,2,2,9,2,0
3,268.03,1,0,31,1,18,0,1,2.84,268.03,1.05958288251315,1,1,6,6,1
3,384.9,2,1,42,0,4,1,2,46.09,769.8,11.9745388412575,2,2,6,0,0
1,313.03,3,0,31,0,39,2,2,10.27,939.09,3.28083570264831,1,1,11,3,0
1,159.63,1,0,29,1,48,3,1,36.56,159.63,22.9029631021738,0,1,2,5,1
4,247.74,2,0,25,0,79,2,0,26.81,495.48,10.8218293372084,1,0,9,5,1
0,360.85,2,0,67,1,30,3,1,3.81,721.7,1.0558403768879,2,3,5,3,0
4,313.39,4,1,48,1,14,0,0,49.69,1253.56,15.8556431283704,1,2,9,1,0
0,37.42,4,0,68,0,54,2,1,22.51,149.68,60.1549973276323,0,3,6,3,0
4,97.17,3,0,50,1,79,0,2,8.55,291.51,8.79901204075332,0,2,2,4,0
4,331.24,3,0,70,1,82,2,0,18.9,993.72,5.70583262890955,1,3,1,0,0
2,192.36,2,0,68,0,80,2,0,15.48,384.72,8.04741110417966,1,3,7,2,0
4,351.89,3,1,34,1,24,2,0,38.08,1055.67,10.8215635567933,2,1,1,5,1
3,191.75,4,1,28,1,43,0,2,25.73,767,13.4185136897001,1,1,9,6,1
3,468.34,3,1,23,0,45,1,2,2.6,1405.02,0.555152239825768,2,0,2,1,0
2,485.89,3,1,48,0,78,1,0,47.94,1457.67,9.86643067360925,2,2,8,3,0
1,363.61,4,1,65,0,5,3,2,23.92,1454.44,6.57847693957812,2,3,3,1,0
3,272.64,3,1,30,0,49,2,0,45.98,817.92,16.8647300469484,1,1,4,0,0
0,409.99,4,1,35,0,4,0,2,42.65,1639.96,10.4026927486036,2,1,1,6,1
2,226.99,4,0,69,0,15,2,1,15.3,907.96,6.7403850389885,1,3,11,4,0
0,478.96,2,1,51,0,72,0,1,10,957.92,2.08785702355103,2,2,3,0,0
0,128.14,2,0,70,1,60,0,0,23.72,256.28,18.5110035898236,0,3,8,1,0
4,437.44,1,0,44,1,1,2,0,5.38,437.44,1.22988295537674,2,2,10,0,0
0,90.48,4,0,30,0,20,1,1,1.03,361.92,1.13837312113174,0,1,7,2,0
3,292.19,4,1,55,0,32,0,1,47.54,1168.76,16.2702351209829,1,2,12,6,1
4,259.26,1,0,63,0,8,1,1,31.42,259.26,12.1191082311193,1,3,10,1,0
0,248.72,1,0,46,1,26,1,1,35.64,248.72,14.3293663557414,1,2,7,6,1
2,431.36,5,1,24,0,74,2,0,7.13,2156.8,1.65291172106825,2,0,5,2,0
1,259.56,5,1,58,1,3,2,0,34.72,1297.8,13.3764832793959,1,2,4,0,0
3,305.85,5,0,48,1,6,3,1,10.27,1529.25,3.35785515775707,1,2,6,1,0
3,48.09,3,0,37,1,93,2,0,48.96,144.27,101.809107922645,0,1,11,5,1
3,354.58,5,1,38,0,69,1,2,16.88,1772.9,4.7605617914152,2,1,9,6,1
3,167.57,3,1,22,1,14,3,2,32.26,502.71,19.251656024348,0,0,1,2,0
1,404.77,5,1,44,1,25,2,1,28.63,2023.85,7.07315265459397,2,2,4,2,0
3,393.71,4,1,38,1,64,0,0,27.5,1574.84,6.98483655482462,2,1,9,5,1
0,168.54,1,1,57,1,44,3,1,42.46,168.54,25.1928325620031,0,2,10,2,0
0,208.91,4,1,21,1,44,0,2,32.31,835.64,15.4659901392944,1,0,5,5,1
4,141.21,1,0,20,1,36,1,1,20.43,141.21,14.4678138942001,0,0,7,6,1
2,215.19,5,1,28,0,31,1,2,32.01,1075.95,14.8752265439844,1,1,2,5,1
2,297.87,1,0,21,0,3,2,2,1.23,297.87,0.412931815892839,1,0,4,5,1
1,260,1,1,59,0,25,1,0,49.67,260,19.1038461538462,1,2,3,3,0
0,237.89,1,0,34,0,23,3,2,27.1,237.89,11.3918197486233,1,1,3,3,0
3,101.57,1,0,68,1,95,3,1,27.6,101.57,27.1733779659348,0,3,2,0,0
3,239.03,5,0,38,1,70,1,0,17.17,1195.15,7.18319876166172,1,1,8,1,0
2,79.83,3,0,66,0,63,0,2,28.78,239.49,36.0516096705499,0,3,3,4,0
2,450.22,3,1,28,0,31,3,2,41.88,1350.66,9.30211896406201,2,1,1,2,0
2,25.13,2,0,18,1,84,3,0,19.84,50.26,78.9494627934739,0,0,4,3,0
0,229.72,2,1,50,0,37,1,0,42.99,459.44,18.7140867142608,1,2,7,1,0
4,199.72,5,0,70,0,89,1,2,20.72,998.6,10.3745243340677,1,3,12,5,1
3,82.95,3,0,52,0,57,2,2,8.45,248.85,10.1868595539482,0,2,12,3,0
1,290.55,1,0,51,1,64,2,2,13.32,290.55,4.58440887971089,1,2,7,5,1
4,24.33,2,0,63,0,93,3,2,48.81,48.66,200.616522811344,0,3,4,5,1
3,422.73,4,1,32,1,36,0,1,31.37,1690.92,7.42081233884513,2,1,9,2,0
4,498.2,3,0,58,0,23,1,2,12.7,1494.6,2.5491770373344,2,2,12,2,0
2,141.33,5,1,22,0,96,2,0,41.44,706.65,29.321446260525,0,0,12,1,0
1,178.6,3,0,57,0,74,1,2,2.9,535.8,1.62374020156775,1,2,11,5,1
3,81.1,5,0,29,0,10,2,1,2.69,405.5,3.31689272503083,0,1,3,2,0
0,39.83,1,0,22,0,26,1,2,1.94,39.83,4.87070047702737,0,0,10,1,0
3,244.44,5,1,29,0,68,1,1,41.97,1222.2,17.1698576337752,1,1,9,6,1
0,35.98,5,0,50,0,76,1,0,6.16,179.9,17.1206225680934,0,2,1,6,1
4,368.58,5,0,47,0,23,3,1,2.53,1842.9,0.68641814531445,2,2,4,0,0
0,425.29,3,1,42,0,56,2,2,44.07,1275.87,10.3623409908533,2,2,5,6,1
4,461.23,4,1,66,0,15,3,2,47.26,1844.92,10.2465147540273,2,3,3,4,0
4,248.68,4,0,31,1,63,0,1,8.15,994.72,3.27730416599646,1,1,8,2,0
4,442.56,2,1,22,0,31,0,0,14.17,885.12,3.20182574114244,2,0,2,5,1
1,137.16,1,0,36,1,58,0,1,25.86,137.16,18.8538932633421,0,1,10,2,0
2,387.51,5,1,66,0,0,2,1,7.5,1937.55,1.93543392428583,2,3,4,0,0
2,398.98,3,1,48,0,30,3,0,30.36,1196.94,7.60940398014938,2,2,1,1,0
1,239.87,1,0,53,1,25,1,2,43.36,239.87,18.0764580814608,1,2,8,2,0
2,343.35,4,1,39,1,44,2,1,35.5,1373.4,10.3393039172856,2,1,7,4,0
3,433.29,5,1,36,0,42,0,2,44.32,2166.45,10.2287151792102,2,1,1,3,0
3,478.71,2,1,40,1,47,0,1,47.38,957.42,9.8974326836707,2,1,12,3,0
1,253.3,1,1,67,1,4,2,2,44.99,253.3,17.761547572049,1,3,9,1,0
3,283.09,4,1,27,1,40,2,0,36.88,1132.36,13.0276590483592,1,1,1,0,0
4,363.02,2,1,28,1,24,0,1,40.43,726.04,11.1371274309955,2,1,4,5,1
4,320.35,3,0,62,0,89,3,1,16.22,961.05,5.06321211175277,1,3,6,3,0
1,483.66,1,1,40,0,80,2,0,46.03,483.66,9.51701608568002,2,1,7,1,0
0,327.14,3,0,57,1,53,1,2,4.24,981.42,1.296081188482,1,2,12,4,0
3,253.63,1,1,19,0,36,3,1,33.97,253.63,13.3935260024445,1,0,6,0,0
0,160.84,1,0,46,0,58,1,1,4.82,160.84,2.9967669733897,0,2,4,5,1
1,14.71,2,0,50,1,94,3,2,33.29,29.42,226.308633582597,0,2,4,5,1
1,175.51,3,0,20,1,92,3,1,5.85,526.53,3.33314341063187,1,0,7,6,1
4,253.2,2,0,60,1,61,2,0,19.46,506.4,7.68562401263823,1,2,9,4,0
4,28.92,3,0,69,0,56,3,2,32.71,86.76,113.105117565699,0,3,11,0,0
2,90.8,3,0,66,0,15,0,0,33.65,272.4,37.0594713656388,0,3,12,6,1
4,72.68,5,0,33,0,46,2,1,7.31,363.4,10.0577875619152,0,1,8,2,0
2,312.13,5,1,42,0,59,2,0,46.17,1560.65,14.7919136257329,1,2,3,4,0
2,346.82,4,0,41,0,64,0,1,8.25,1387.28,2.37875555042962,2,2,7,4,0
3,380.15,3,0,51,0,78,2,1,0.71,1140.45,0.186768380902275,2,2,12,3,0
2,231.9,4,0,30,0,4,0,0,26.65,927.6,11.4920224234584,1,1,4,0,0
4,352.75,2,1,30,0,79,0,0,33.45,705.5,9.4826364280652,2,1,4,6,1
1,370.66,4,1,45,0,64,2,1,36.6,1482.64,9.87427831435817,2,2,10,4,0
2,261.94,5,1,28,1,24,2,2,24.55,1309.7,9.37237535313431,1,1,8,1,0
3,40.11,1,0,59,0,43,3,1,6.62,40.11,16.5046123161306,0,2,2,0,0
1,181.14,1,0,40,1,92,3,1,18.57,181.14,10.2517389864194,1,1,12,2,0
1,441.35,5,1,43,0,11,1,2,10.62,2206.75,2.40625354027416,2,2,9,6,1
2,417.76,2,0,24,0,54,3,0,12.58,835.52,3.01129835312141,2,0,3,4,0
0,387.7,1,1,64,1,63,2,2,42.48,387.7,10.9569254578282,2,3,4,5,1
0,335.29,1,0,36,0,40,2,1,36.21,335.29,10.7996063109547,2,1,11,3,0
0,275.31,5,1,47,1,12,2,2,18.47,1376.55,6.70880098797719,1,2,11,1,0
4,81.13,4,0,28,0,31,1,2,1.16,324.52,1.42980401824233,0,1,5,6,1
0,119.85,5,0,18,1,95,2,0,3.66,599.25,3.05381727158949,0,0,11,4,0
4,118.56,4,0,66,1,13,1,1,10.22,474.24,8.62010796221323,0,3,10,2,0
2,199.61,2,0,49,0,70,3,0,17.63,399.22,8.83222283452733,1,2,1,1,0
4,383.69,5,1,49,1,48,0,0,40.6,1918.45,10.5814589903307,2,2,12,2,0
3,181.98,3,0,39,1,69,1,2,11.92,545.94,6.55017034838993,1,1,3,5,1
3,166.31,5,0,49,0,60,2,0,2.57,831.55,1.54530695688774,0,2,6,1,0
2,42.96,3,0,70,1,81,0,2,32.76,128.88,76.2569832402235,0,3,6,3,0
4,156.89,2,0,33,1,88,0,1,25.95,313.78,16.5402511313659,0,1,12,1,0
4,377.2,1,0,59,1,79,2,1,12.34,377.2,3.27147401908802,2,2,5,4,0
3,82.81,4,0,45,1,42,1,0,25.51,331.24,30.8054582779858,0,2,3,2,0
3,331.33,2,0,59,1,7,3,1,3.32,662.66,1.00202215314037,1,2,7,6,1
0,140.81,5,0,20,0,51,0,2,14.81,704.05,10.5177189120091,0,0,7,1,0
0,479.54,2,1,55,1,53,3,1,30.13,959.08,6.28310464194853,2,2,9,1,0
1,487.86,3,1,66,0,78,2,2,33.77,1463.58,6.92206780633788,2,3,6,5,1
4,458.16,2,0,52,0,53,1,1,13.8,916.32,3.01204819277108,2,2,2,4,0
0,435.7,3,1,25,0,21,3,1,28.12,1307.1,6.4539820977737,2,0,11,2,0
1,92.75,2,0,32,0,74,0,1,11.39,185.5,12.2803234501348,0,1,5,3,0
3,190.5,1,0,42,0,11,2,0,13.13,190.5,6.89238845144357,1,2,1,2,0
2,356.7,2,1,54,1,14,0,2,14.86,713.4,4.16596579758901,2,2,5,3,0
1,182.41,2,0,52,0,42,0,0,0.76,364.82,0.416643824351735,1,2,7,0,0
0,76.99,5,0,27,0,95,2,2,27.52,384.95,35.7449019353163,0,1,7,1,0
0,253.26,3,1,60,0,16,3,1,42.18,759.78,16.6548211324331,1,2,7,0,0
0,307.57,2,0,36,1,14,1,1,13.29,615.14,4.32096758461488,1,1,2,4,0
4,437.44,3,1,46,1,12,0,0,44.33,1312.32,10.1339612289685,2,2,2,0,0
3,34.05,3,0,37,1,85,2,0,3.65,102.15,10.71953010279,0,1,11,2,0
4,274.01,3,1,33,1,16,3,2,46.2,822.03,16.8606985146528,1,1,8,1,0
4,382.66,4,1,32,1,36,1,1,19.9,1530.64,5.20043903203889,2,1,3,6,1
2,387.81,5,1,32,1,22,2,1,28.31,1939.05,7.29996647843016,2,1,4,3,0
4,434.95,5,1,61,0,41,2,2,8.84,2174.75,2.03241751925509,2,3,4,5,1
1,337.07,5,1,42,0,50,1,0,36.77,1685.35,10.908713323642,2,2,1,6,1
2,66.73,3,0,28,1,32,2,0,23.98,200.19,35.9358609321145,0,1,6,5,1
2,477.7,3,1,65,0,8,0,0,35.1,1433.1,7.34770776638057,2,3,7,5,1
0,218.97,5,0,54,1,64,1,0,3.4,1094.85,1.55272411745901,1,2,5,6,1
3,119.16,3,0,40,0,11,3,2,39.25,357.48,32.9389056730447,0,1,1,1,0
2,232.37,3,0,48,1,30,1,0,23.53,697.11,10.1260920084348,1,2,2,1,0
2,342.96,2,1,20,1,72,1,1,39.84,685.92,11.6165150454864,2,0,8,0,0
4,191.11,5,0,58,1,90,2,0,20.18,955.55,10.5593637172309,1,2,2,1,0
3,449.77,1,1,32,1,86,3,2,32.79,449.77,7.29039286746559,2,1,5,3,0
4,119.46,2,0,68,1,25,2,2,7.27,238.92,6.08571906914448,0,3,5,2,0
4,145.64,5,0,35,0,68,2,1,0.3,728.2,0.205987366108212,0,1,1,2,0
2,341.49,5,1,59,0,35,1,2,32.08,1707.45,9.39412574306715,2,2,2,1,0
4,402.38,4,0,67,1,82,0,1,3.26,1609.52,0.810179432377355,2,3,10,5,1
1,207.83,2,0,45,1,99,2,1,15.05,415.66,7.24149545301448,1,2,4,5,1
3,86.72,4,0,52,0,25,2,2,14.29,346.88,16.4783210332103,0,2,2,0,0
4,480.15,1,0,53,0,10,1,2,19.32,480.15,4.02374258044361,2,2,9,1,0
0,51.74,1,0,67,0,82,2,1,25.87,51.74,50,0,3,5,2,0
3,107.45,1,0,19,1,56,3,2,24.56,107.45,22.8571428571429,0,0,9,0,0
1,152.28,4,0,21,0,65,3,2,9.61,609.12,6.31074336748096,0,0,7,3,0
3,38.85,4,0,66,0,84,1,0,48.25,155.4,124.195624195624,0,3,11,1,0
0,58.96,4,0,67,0,92,3,2,31.94,235.84,54.1723202170963,0,3,3,1,0
1,151.76,1,0,23,1,2,1,2,8.25,151.76,5.43621507643648,0,0,1,6,1
0,173.01,3,0,25,0,29,3,2,17.54,519.03,10.1381423039131,1,0,8,0,0
2,430.76,3,1,45,1,99,0,1,43.97,1292.28,10.2075401615749,2,2,7,4,0
2,240.16,5,1,29,0,15,3,1,38.6,1200.8,16.072618254497,1,1,3,0,0
1,365.15,1,1,23,1,36,1,1,17.27,365.15,4.72956319320827,2,0,5,1,0
1,244.12,3,0,44,1,67,3,0,13.62,732.36,5.57922333278715,1,2,3,0,0
2,215.9,1,0,21,1,54,2,0,2.31,215.9,1.0699397869384,1,0,2,6,1
1,206.66,2,1,55,1,49,0,1,49.16,413.32,23.7878641246492,1,2,5,2,0
0,105.18,5,0,67,0,83,2,0,49.02,525.9,46.6058185966914,0,3,5,5,1
0,480.89,3,1,18,0,15,0,2,39.27,1442.67,8.16610867350122,2,0,3,4,0
1,229.29,1,0,51,0,62,0,2,1.41,229.29,0.614941776789219,1,2,12,3,0
1,424.84,4,1,31,1,34,2,1,23.7,1699.36,5.57857075604934,2,1,2,1,0
3,103.2,4,0,22,0,53,1,2,7.99,412.8,7.7422480620155,0,0,9,1,0
0,374.06,1,1,54,1,70,2,1,33.23,374.06,8.88360156124686,2,2,1,0,0
2,282.12,5,0,19,1,18,0,0,5.51,1410.6,1.95306961576634,1,0,11,1,0
3,53.27,1,0,49,1,53,3,1,13.32,53.27,25.0046930730242,0,2,9,0,0
3,33.99,3,0,21,1,89,2,0,6,101.97,17.6522506619594,0,0,11,3,0
3,311.3,5,1,55,0,52,2,1,42.4,1556.5,13.6203019595246,1,2,12,3,0
4,417.36,3,1,67,0,92,3,2,39.15,1252.08,9.3803910293272,2,3,1,1,0
3,423.4,1,0,61,0,81,2,1,6.1,423.4,1.4407179971658,2,3,12,6,1
2,251.09,3,1,18,0,20,1,2,41.98,753.27,16.7191047034928,1,0,11,3,0
1,19.25,3,0,68,1,33,0,1,2.44,57.75,12.6753246753247,0,3,9,0,0
1,365.33,1,0,23,1,58,1,2,8.19,365.33,2.24180877562751,2,0,3,1,0
3,112.73,1,0,61,0,25,2,2,7.75,112.73,6.87483367337887,0,3,5,3,0
1,193.65,3,1,31,1,54,0,2,41.38,580.95,21.3684482313452,1,1,12,1,0
3,456.87,1,0,54,1,94,3,1,7.12,456.87,1.55843018801847,2,2,12,6,1
4,335.86,5,1,18,0,49,2,1,38.83,1679.3,11.5613648544036,2,0,1,6,1
3,95.79,4,0,21,0,49,1,0,36.46,383.16,38.0624282284163,0,0,1,6,1
1,21.86,4,0,62,1,56,1,1,15.13,87.44,69.2131747483989,0,3,10,3,0
1,170.04,3,1,57,0,44,1,0,41.12,510.12,24.1825452834627,0,2,3,2,0
1,299.28,4,1,39,1,85,1,1,7.71,1197.12,2.57618283881315,1,1,10,4,0
4,495.05,3,1,36,0,72,1,2,14.92,1485.15,3.01383698616301,2,1,3,5,1
0,124.32,1,0,29,0,39,3,0,1.65,124.32,1.32722007722008,0,1,3,0,0
1,416.74,5,1,37,0,44,3,2,15.26,2083.7,3.66175553102654,2,1,8,6,1
1,94.82,3,0,56,0,91,0,0,34.94,284.46,36.8487660831048,0,2,6,1,0
1,311.91,1,0,47,1,70,0,0,22.5,311.91,7.21361931326344,1,2,10,5,1
2,455.48,1,0,66,0,76,3,1,1.96,455.48,0.430315271801177,2,3,6,6,1
3,463.77,2,1,56,0,90,3,0,15.28,927.54,3.2947366151325,2,2,12,1,0
2,456.35,2,1,52,0,23,3,0,22.53,912.7,4.93700010956503,2,2,6,5,1
4,399.74,2,0,23,0,43,1,0,2.44,799.48,0.61039675789263,2,0,11,2,0
0,277.33,1,0,61,0,59,3,0,5.59,277.33,2.0156492265532,1,3,2,1,0
4,460.9,3,1,49,1,15,2,1,7.96,1382.7,1.72705576046865,2,2,12,4,0
4,240.61,3,1,49,0,38,3,0,43.45,721.83,18.0582685673912,1,2,9,4,0
1,339.58,3,1,26,1,62,0,0,36.73,1018.74,10.8163024913128,2,1,7,2,0
1,14.89,1,0,59,1,99,2,2,27.2,14.89,182.672934855608,0,2,7,1,0
0,139.49,3,0,59,1,4,1,0,9.14,418.47,6.55244103519966,0,2,5,0,0
3,132.12,1,0,51,1,4,1,1,6.22,132.12,4.70784135634272,0,2,3,3,0
2,180.31,2,0,35,1,69,2,0,12.89,360.62,7.14879929011148,1,1,7,1,0
3,37.6,3,0,49,1,90,3,0,32.78,112.8,87.1808510638298,0,2,3,4,0
4,59.11,5,0,59,0,56,0,1,2.18,295.55,3.68803924885806,0,2,3,3,0
1,40.53,1,0,55,1,61,1,0,34.4,40.53,84.8754009375771,0,2,9,3,0
1,269.9,5,1,51,0,18,0,1,22.3,1349.5,8.26231937754724,1,2,4,0,0
1,401.64,1,0,23,0,1,0,1,1.82,401.64,0.453142117318992,2,0,12,2,0
1,59.1,2,0,18,0,72,1,2,49.35,118.2,83.502538071066,0,0,3,1,0
3,191.39,3,0,31,1,66,3,0,36.06,574.17,18.8411097758504,1,1,2,3,0
1,278.18,1,1,64,1,99,2,0,46.6,278.18,16.7517434754476,1,3,8,4,0
3,315.9,5,1,27,0,7,0,0,45.23,1579.5,14.3178220955999,1,1,10,4,0
4,155.95,5,1,57,1,0,3,1,42.32,779.75,27.1369028534787,0,2,4,2,0
2,102.42,1,0,22,0,2,0,0,41.5,102.42,40.5194297988674,0,0,4,5,1
0,113.35,5,0,19,0,86,3,1,12.13,566.75,10.7013674459638,0,0,2,4,0
3,371.29,1,0,45,1,28,0,2,19.31,371.29,5.20078644725147,2,2,5,4,0
2,329.84,5,1,44,1,83,0,2,35.91,1649.2,10.8870967741936,1,2,6,3,0
4,68.4,1,0,18,0,87,3,2,38.42,68.4,56.1695906432748,0,0,7,0,0
0,113.99,5,0,31,1,35,2,0,35.97,569.95,31.5553995964558,0,1,12,1,0
1,140.48,1,0,29,0,19,0,2,4.5,140.48,3.20330296127563,0,1,3,4,0
4,103.59,3,0,29,0,37,3,1,31.19,310.77,30.1090838884062,0,1,8,2,0
2,354.18,1,0,69,1,18,3,0,20.33,354.18,5.7400191992772,2,3,3,5,1
1,388.69,3,0,62,1,8,2,0,15.06,1166.07,3.87455298566981,2,3,4,0,0
4,342.75,2,1,34,1,25,2,1,13.29,685.5,3.87746170678337,2,1,11,3,0
2,189.61,5,1,36,1,43,2,1,45.91,948.05,24.212857971626,1,1,9,5,1
2,415.59,3,1,50,0,30,1,1,25.73,1246.77,6.19119805577613,2,2,1,6,1
3,231.59,4,1,27,0,93,2,2,22.34,926.36,9.64635778746924,1,1,3,5,1
0,348.56,1,0,34,1,21,1,1,4.02,348.56,1.1533165021804,2,1,2,0,0
4,76.47,4,0,64,1,15,1,0,5.08,305.88,6.64312802406172,0,3,9,0,0
1,435.46,4,1,35,1,11,1,1,45.94,1741.84,10.5497634685161,2,1,12,4,0
2,423.36,3,1,36,1,38,3,0,45.25,1270.08,10.6883030990174,2,1,4,5,1
2,470.6,4,1,60,0,68,1,0,21.16,1882.4,4.49638759031024,2,2,7,0,0
3,480.72,4,1,42,0,53,1,2,12.38,1922.88,2.57530371110002,2,2,4,5,1
3,106.33,4,0,35,0,66,2,0,38.1,425.32,35.8318442584407,0,1,9,5,1
1,69.56,1,0,40,0,75,0,2,5.84,69.56,8.39562967222542,0,1,9,5,1
1,147.62,2,0,24,1,6,0,1,24.74,295.24,16.7592467145373,0,0,10,6,1
3,92.34,1,0,34,0,15,2,2,19.33,92.34,20.9335066060212,0,1,9,2,0
1,422.98,5,1,27,1,51,2,0,22.3,2114.9,5.2721168849591,2,1,6,5,1
3,26.36,5,0,65,0,45,0,1,36.04,131.8,136.722306525038,0,3,8,6,1
3,314.49,5,1,45,0,39,2,1,8.86,1572.45,2.81725969029222,1,2,11,3,0
1,127.21,2,0,41,0,10,3,0,9.71,254.42,7.6330477163745,0,2,5,6,1
2,354.35,1,1,35,1,70,3,0,36.74,354.35,10.3682799492028,2,1,1,5,1
0,29.87,3,0,69,0,25,1,2,40.23,89.61,134.683629059257,0,3,11,1,0
3,211.09,5,0,56,1,26,2,0,10.39,1055.45,4.92207115448387,1,2,4,0,0
0,97.69,2,0,24,1,11,0,1,40.56,195.38,41.5190910021497,0,0,2,1,0
2,284.5,3,0,47,1,0,3,1,0.17,853.5,0.0597539543057997,1,2,6,4,0
0,410.14,4,1,57,0,85,3,2,48.88,1640.56,11.9178816989321,2,2,12,1,0
0,430.1,4,1,49,1,73,3,0,42.9,1720.4,9.97442455242967,2,2,6,0,0
0,348.55,3,1,40,0,53,1,0,32.59,1045.65,9.35016496915794,2,1,1,2,0
4,254.4,4,0,67,0,23,3,1,11.81,1017.6,4.64229559748428,1,3,5,6,1
4,324.5,1,1,49,0,98,2,2,47.57,324.5,14.6594761171032,1,2,6,0,0
3,94.02,3,0,50,0,36,0,0,26.14,282.06,27.8025951925122,0,2,8,4,0
3,149.7,1,0,38,0,99,1,0,17.66,149.7,11.7969271877088,0,1,4,0,0
0,191.06,5,1,70,1,86,2,0,41.6,955.3,21.7732649429499,1,3,5,2,0
3,467.38,3,1,24,1,75,1,2,38.93,1402.14,8.32941075784158,2,0,2,2,0
1,28.72,2,0,32,1,33,2,2,5.01,57.44,17.4442896935933,0,1,10,1,0
0,484.53,5,1,39,0,10,1,2,16.68,2422.65,3.44251129960993,2,1,3,1,0
4,90.36,1,0,29,0,44,1,0,18.34,90.36,20.2965914121293,0,1,3,6,1
3,401.02,5,1,28,0,78,2,1,19.01,2005.1,4.7404119495287,2,1,2,1,0
4,45.49,4,0,29,1,30,1,0,22.45,181.96,49.3515058254561,0,1,10,1,0
4,10.49,1,0,44,1,47,0,1,21.93,10.49,209.056244041945,0,2,12,5,1
1,438.65,5,1,47,0,50,3,1,44,2193.25,10.0307762452981,2,2,4,3,0
4,296.77,1,0,26,1,9,1,0,18.12,296.77,6.10573845065202,1,1,4,4,0
0,250.86,2,0,37,0,52,3,0,26.6,501.72,10.6035238778602,1,1,4,2,0
4,156.13,3,0,54,0,69,0,1,18.56,468.39,11.8875296227503,0,2,9,5,1
3,296.35,2,1,54,0,34,0,2,47.48,592.7,16.0215960857095,1,2,7,4,0
2,40.45,5,0,33,0,6,0,1,48,202.25,118.665018541409,0,1,9,4,0
4,114.55,2,0,45,1,1,1,0,41.71,229.1,36.4120471409865,0,2,8,3,0
3,489.22,3,1,22,0,72,1,0,22.82,1467.66,4.66456808797678,2,0,5,3,0
1,394.65,3,0,42,0,36,2,1,0.4,1183.95,0.101355631572279,2,2,12,6,1
2,99.96,2,0,65,0,57,2,1,10.03,199.92,10.0340136054422,0,3,11,6,1
0,244.15,5,1,26,0,29,3,1,31.1,1220.75,12.7380708580791,1,1,12,1,0
3,256.52,3,1,53,0,44,0,0,49.91,769.56,19.4565725869328,1,2,2,5,1
3,299.46,3,0,68,1,76,1,0,2.54,898.38,0.848193414813331,1,3,10,4,0
4,42.31,2,0,23,0,94,2,1,11.12,84.62,26.2822027889388,0,0,4,1,0
3,176.89,4,0,57,1,89,2,0,36.21,707.56,20.4703488043417,1,2,8,3,0
3,27.16,3,0,24,0,72,3,1,28.78,81.48,105.964653902798,0,0,7,0,0
0,417.55,5,1,32,1,18,0,2,35.15,2087.75,8.41815351454916,2,1,1,2,0
2,292.98,1,0,32,0,46,1,1,5.57,292.98,1.90115366236603,1,1,10,4,0
2,54.47,5,0,31,1,89,1,2,36.81,272.35,67.578483568937,0,1,11,0,0
2,74.32,1,0,64,0,19,1,1,18.78,74.32,25.2691065662002,0,3,7,1,0
3,233.15,3,0,51,1,61,3,1,30.42,699.45,13.0473943812996,1,2,9,6,1
0,379.98,1,1,54,1,63,3,0,41.36,379.98,10.8847834096531,2,2,12,3,0
1,214.12,3,1,39,1,78,1,0,18.56,642.36,8.66803661498225,1,1,11,5,1
1,448.09,4,1,50,0,53,1,0,25.16,1792.36,5.61494342654378,2,2,8,4,0
0,36.43,3,0,53,1,33,2,2,27.39,109.29,75.185286851496,0,2,7,5,1
4,299.68,4,0,24,1,55,3,2,10.74,1198.72,3.58382274426054,1,0,6,3,0
4,71.44,2,0,21,0,98,0,1,17.46,142.88,24.4400895856663,0,0,5,6,1
4,484.36,2,1,63,0,87,1,0,30.26,968.72,6.24741927491948,2,3,5,0,0
2,485.76,2,1,29,0,62,1,1,16.57,971.52,3.41114953886693,2,1,10,0,0
2,414.98,5,1,67,0,80,3,2,40.45,2074.9,9.74745770880524,2,3,12,0,0
0,273.84,5,1,52,0,86,1,2,25.39,1369.2,9.27183756938358,1,2,8,2,0
4,422.69,1,0,54,1,92,2,1,1.69,422.69,0.39982019920036,2,2,12,3,0
4,167.09,2,0,56,0,2,1,1,4.02,334.18,2.40588904183374,0,2,12,2,0
2,93.59,4,0,59,0,89,2,2,38.98,374.36,41.6497489047975,0,2,11,6,1
3,199.07,4,0,69,1,99,0,2,19.28,796.28,9.68503541467825,1,3,7,0,0
3,218.73,3,0,48,1,95,2,0,24.7,656.19,11.292461025008,1,2,3,0,0
1,320.69,5,0,46,1,15,1,0,24.74,1603.45,7.71461536062865,1,2,1,4,0
0,29.86,5,1,26,0,67,0,1,42.35,149.3,141.828533154722,0,1,7,5,1
3,19.12,3,0,33,1,95,2,2,1.99,57.36,10.407949790795,0,1,8,0,0
0,60.27,3,0,47,1,89,2,2,29.33,180.81,48.664343786295,0,2,8,0,0
4,106.16,3,0,48,1,55,2,0,44.39,318.48,41.8142426525999,0,2,4,3,0
4,76.1,3,0,20,1,19,2,2,24.28,228.3,31.9053876478318,0,0,12,4,0
3,462.13,3,1,66,1,58,2,1,34.55,1386.39,7.4762512712873,2,3,10,0,0
0,340.78,4,0,37,0,87,3,0,0.09,1363.12,0.0264100005868889,2,1,2,4,0
3,493.31,5,1,18,1,65,3,0,35,2466.55,7.09493016561594,2,0,5,3,0
3,271.78,5,0,56,1,35,3,1,8.43,1358.9,3.10177349326661,1,2,10,1,0
3,475.37,5,1,39,1,49,0,2,7.58,2376.85,1.59454740517912,2,1,1,0,0
2,163.69,1,0,42,1,80,2,0,23.38,163.69,14.2830960962796,0,2,2,4,0
2,61.24,4,0,40,0,95,3,1,32.54,244.96,53.1352057478772,0,1,3,4,0
3,453.26,3,0,67,0,46,2,2,16.4,1359.78,3.61823236111724,2,3,8,6,1
3,351.24,2,1,29,1,42,1,0,37.35,702.48,10.6337546976426,2,1,8,4,0
3,429.78,1,1,18,1,6,1,2,21.97,429.78,5.11191772534785,2,0,10,0,0
1,133.74,4,0,65,1,27,0,1,14.73,534.96,11.0139075818753,0,3,1,1,0
2,497.97,2,1,59,0,86,0,0,25.59,995.94,5.13886378697512,2,2,3,0,0
1,149.37,3,1,28,0,72,2,0,33.82,448.11,22.6417620673495,0,1,11,1,0
0,282.71,2,1,70,0,73,3,1,33.47,565.42,11.8389869477557,1,3,6,6,1
3,289.07,1,1,64,1,23,3,0,44.95,289.07,15.5498668142664,1,3,8,1,0
3,367.51,1,1,67,0,4,0,0,36.31,367.51,9.88000326521727,2,3,10,0,0
4,434.25,5,1,19,1,76,3,2,45.15,2171.25,10.3972366148532,2,0,6,1,0
3,25.53,1,0,51,0,66,0,1,1.85,25.53,7.2463768115942,0,2,7,1,0
2,8.28,1,0,61,1,3,1,1,42.9,8.28,518.115942028986,0,3,10,0,0
4,331.91,5,1,28,0,81,0,2,18.36,1659.55,5.53162001747462,1,1,3,6,1
2,250.32,2,0,32,1,32,3,0,8.45,500.64,3.37567913071269,1,1,6,5,1
0,167.01,4,0,66,1,84,0,1,22.4,668.04,13.4123705167355,0,3,6,3,0
3,391.41,1,0,50,1,76,0,1,10.21,391.41,2.60851792238318,2,2,7,6,1
0,15.65,3,0,56,0,27,0,2,2.17,46.95,13.8658146964856,0,2,7,0,0
2,188.9,4,1,41,0,13,3,0,43.13,755.6,22.8321863419799,1,2,11,0,0
1,478.67,3,1,19,0,60,1,1,14.27,1436.01,2.98117701130215,2,0,5,6,1
2,153.43,1,0,20,1,21,1,0,11.09,153.43,7.22805188033631,0,0,5,6,1
1,6.81,3,0,67,0,40,3,0,40.06,20.43,588.252569750367,0,3,11,1,0
1,76.86,1,0,70,0,94,1,1,44.97,76.86,58.5089773614364,0,3,8,0,0
0,68.12,5,0,62,0,30,2,2,6.42,340.6,9.42454492072813,0,3,5,4,0
0,83.53,5,0,60,1,4,0,2,8.36,417.65,10.0083802226745,0,2,8,5,1
4,356.95,4,1,27,1,41,3,0,15.7,1427.8,4.39837512256619,2,1,9,2,0
4,5.19,5,0,21,1,39,0,0,31.04,25.95,598.073217726397,0,0,10,6,1
2,439.31,3,1,59,0,48,1,1,12.1,1317.93,2.75431927340602,2,2,3,4,0
0,497.02,4,1,51,1,97,0,0,37.94,1988.08,7.63349563397851,2,2,9,0,0
2,202.18,2,1,52,0,60,0,2,46.88,404.36,23.1872588782273,1,2,12,3,0
4,178.13,4,0,25,0,27,3,1,13.86,712.52,7.78083422219727,1,0,7,3,0
1,357.32,2,0,45,0,10,0,2,9.91,714.64,2.77342438150677,2,2,2,5,1
1,94.23,4,0,57,1,35,1,0,8.38,376.92,8.89313382150058,0,2,7,3,0
4,457.85,2,1,29,1,53,0,1,46.66,915.7,10.1911106257508,2,1,12,2,0
4,400.93,5,1,55,0,84,2,1,32.88,2004.65,8.20093283116754,2,2,11,4,0
1,185.22,2,1,57,0,68,0,0,39.08,370.44,21.0992333441313,1,2,2,6,1
2,225.55,2,0,43,1,17,1,0,0.43,451.1,0.190645089780537,1,2,5,6,1
3,450.97,4,1,48,1,40,2,1,31.97,1803.88,7.08916335898175,2,2,2,5,1
0,275.99,1,0,57,1,23,2,0,28.4,275.99,10.2902279068082,1,2,8,6,1
1,90.21,3,0,62,1,86,1,0,39.49,270.63,43.7756346303071,0,3,5,2,0
4,232.73,2,0,36,1,7,2,1,32.34,465.46,13.8959309070597,1,1,11,4,0
0,366.33,1,1,34,1,85,0,1,46.02,366.33,12.5624436983048,2,1,7,1,0
3,67.56,4,0,37,1,86,0,1,34.01,270.24,50.3404381290705,0,1,11,5,1
3,343.98,1,0,58,0,35,2,1,0.51,343.98,0.14826443397872,2,2,1,6,1
2,221.12,3,0,47,1,50,1,1,19.1,663.36,8.63784370477569,1,2,10,0,0
3,332.53,5,1,31,1,22,3,1,45.39,1662.65,13.6498962499624,1,1,6,4,0
3,484.52,4,1,45,1,48,3,1,18.74,1938.08,3.86774539750681,2,2,7,1,0
1,132.17,5,0,49,0,51,0,1,5.63,660.85,4.25966558220474,0,2,7,3,0
1,400.83,3,1,56,1,18,1,1,36.09,1202.49,9.00381707955991,2,2,4,4,0
2,45.42,5,0,70,1,99,0,0,28.09,227.1,61.8450022016733,0,3,9,6,1
1,412.85,4,1,61,1,74,2,2,41.29,1651.4,10.0012110936175,2,3,8,2,0
0,112.31,2,0,63,1,47,3,2,34.62,224.62,30.8253939987535,0,3,12,4,0
1,217.3,3,0,30,0,53,2,0,0.74,651.9,0.34054302807179,1,1,8,6,1
0,80.96,5,0,39,0,84,1,0,18.97,404.8,23.4313241106719,0,1,12,1,0
3,460.05,5,1,29,1,28,2,1,15.16,2300.25,3.29529398978372,2,1,9,5,1
4,110.87,1,0,43,1,27,2,0,33.9,110.87,30.5763506809777,0,2,12,1,0
1,167.99,5,1,57,1,81,1,2,29.13,839.95,17.3403178760641,0,2,8,0,0
2,427.52,4,1,35,0,30,0,0,5.58,1710.08,1.30520209580838,2,1,1,6,1
0,464.66,5,1,63,0,40,3,2,11.42,2323.3,2.45771101450523,2,3,10,3,0
3,154.7,5,0,38,0,82,3,2,3.66,773.5,2.36586942469296,0,1,3,1,0
3,178.42,5,0,69,0,75,3,1,29.01,892.1,16.2593879609909,1,3,10,0,0
1,52.8,2,0,66,0,4,0,0,36.99,105.6,70.0568181818182,0,3,12,5,1
1,274.38,3,0,36,1,6,1,2,24.06,823.14,8.76886070413296,1,1,3,4,0
3,150.03,5,0,36,1,23,2,1,18.1,750.15,12.0642538159035,0,1,11,1,0
4,181.19,2,0,57,1,56,1,1,19.88,362.38,10.9719079419394,1,2,8,4,0
4,487.72,1,0,53,0,77,2,1,4.83,487.72,0.990322316082998,2,2,7,4,0
0,410.13,5,1,38,0,48,3,2,7.7,2050.65,1.87745349035672,2,1,2,5,1
1,281.44,3,1,29,1,93,0,0,25.02,844.32,8.88999431495168,1,1,5,3,0
4,80.71,4,0,65,1,55,0,1,46.84,322.84,58.0349399083137,0,3,9,2,0
3,169.6,4,1,27,1,20,3,0,22.4,678.4,13.2075471698113,0,1,7,6,1
3,449.21,5,1,62,0,95,2,1,46.41,2246.05,10.3314708043009,2,3,9,0,0
1,273.58,5,0,51,1,14,1,0,2.01,1367.9,0.734702829154178,1,2,9,0,0
4,375.86,5,1,54,1,99,0,1,10.96,1879.3,2.91597935401479,2,2,1,6,1
3,25.9,1,0,27,1,59,3,2,38.06,25.9,146.949806949807,0,1,5,3,0
2,146.28,1,0,46,0,82,1,1,9.63,146.28,6.58326497128794,0,2,10,5,1
4,480.09,2,1,52,1,80,3,0,41.99,960.18,8.74627673977796,2,2,3,1,0
2,151.37,1,0,31,1,80,0,1,33.75,151.37,22.2963599127965,0,1,10,2,0
1,359.39,2,1,22,1,72,1,2,31.79,718.78,8.84554383817023,2,0,8,1,0
2,259.69,5,0,68,0,53,1,2,12.27,1298.45,4.72486426123455,1,3,3,5,1
1,134.56,1,0,44,0,67,1,0,17.06,134.56,12.6783590963139,0,2,9,6,1
2,433.48,5,1,45,1,20,3,0,13.02,2167.4,3.00359878195072,2,2,3,5,1
1,229.15,2,0,33,1,0,2,0,16.32,458.3,7.12197250709142,1,1,4,3,0
1,471,5,1,29,1,67,3,0,10.76,2355,2.28450106157113,2,1,9,0,0
4,189.63,5,0,35,1,92,2,0,4.39,948.15,2.31503454094816,1,1,3,4,0
2,364.29,3,1,38,1,28,2,1,36.99,1092.87,10.1539981882566,2,1,12,2,0
2,402.69,4,0,59,1,63,1,1,12.34,1610.76,3.06439196404182,2,2,10,2,0
2,445.3,2,1,55,0,92,0,0,31.14,890.6,6.99303840107793,2,2,4,3,0
4,440.97,2,0,31,0,88,0,0,3.65,881.94,0.827720706624033,2,1,3,4,0
0,361.35,2,1,43,1,71,3,1,17.47,722.7,4.83464784834648,2,2,12,5,1
0,169.95,4,1,60,0,13,2,0,44.01,679.8,25.8958517210944,0,2,10,5,1
4,25.14,5,0,40,1,96,3,2,16.31,125.7,64.8766905330151,0,1,11,0,0
1,415.62,1,0,70,1,5,1,0,12.7,415.62,3.05567585775468,2,3,5,5,1
2,153.87,1,0,30,0,21,3,0,34.97,153.87,22.7269773185156,0,1,1,1,0
3,55.52,1,0,52,0,97,1,0,48.9,55.52,88.0763688760807,0,2,4,1,0
3,15.85,5,0,64,0,64,2,0,9.08,79.25,57.2870662460568,0,3,4,6,1
2,471.84,5,1,38,1,11,2,0,1.24,2359.2,0.262800949474398,2,1,11,3,0
0,300.75,5,0,31,0,37,2,2,11.65,1503.75,3.87364921030756,1,1,7,4,0
3,458.5,1,1,18,0,28,2,1,9.1,458.5,1.98473282442748,2,0,7,3,0
2,226.77,3,0,46,1,93,1,2,3.59,680.31,1.58310182122856,1,2,9,3,0
1,313.8,3,1,29,1,31,3,0,25.48,941.4,8.11982154238368,1,1,1,5,1
1,428.41,1,0,55,0,45,2,2,7.96,428.41,1.85803319250251,2,2,6,6,1
3,467.19,1,0,47,1,24,2,1,19.24,467.19,4.11823883216678,2,2,11,2,0
3,284.69,3,0,24,0,85,0,0,12.9,854.07,4.53124451157399,1,0,9,5,1
0,313.04,1,1,65,1,26,1,2,26.34,313.04,8.4142601584462,1,3,4,5,1
1,154.81,1,0,25,0,1,2,2,36.75,154.81,23.7387765648214,0,0,2,4,0
0,191.91,2,0,47,0,69,1,0,14.52,383.82,7.56604658433641,1,2,4,6,1
3,63.84,1,0,64,1,87,0,0,48.21,63.84,75.5169172932331,0,3,7,2,0
1,86.57,4,1,61,1,48,0,0,48.43,346.28,55.9431673789997,0,3,1,3,0
0,498.48,1,1,53,1,68,0,0,15.04,498.48,3.01717220349864,2,2,9,4,0
3,426.04,2,0,27,0,31,2,0,14.02,852.08,3.29077081964135,2,1,10,1,0
3,398.5,5,1,47,0,2,0,0,46.53,1992.5,11.6762860727729,2,2,11,2,0
1,216.53,4,1,57,1,27,2,1,46.85,866.12,21.6367247032744,1,2,10,4,0
0,272.37,4,0,35,0,26,2,1,7.8,1089.48,2.86375151448397,1,1,8,6,1
0,397.57,1,0,67,1,14,3,1,31.55,397.57,7.93570943481651,2,3,1,3,0
0,446.65,2,0,21,1,21,2,1,3.59,893.3,0.803761334378149,2,0,5,4,0
4,414.9,4,1,42,0,75,0,1,42.53,1659.6,10.2506628103157,2,2,2,3,0
4,301.27,4,0,33,1,41,2,2,10.18,1205.08,3.3790287781724,1,1,6,6,1
0,497.28,5,1,61,0,90,0,0,24.18,2486.4,4.86245173745174,2,3,5,0,0
2,177.94,2,0,29,0,52,3,2,32.78,355.88,18.4219399797685,1,1,5,3,0
4,164,3,0,29,1,6,2,2,16.85,492,10.2743902439024,0,1,7,3,0
3,11.05,2,0,40,0,87,0,1,24.48,22.1,221.538461538462,0,1,11,2,0
1,431.76,4,1,26,0,14,0,0,38.35,1727.04,8.8822493978136,2,1,6,6,1
3,203.23,5,1,52,0,10,3,1,38.37,1016.15,18.8800866013876,1,2,11,2,0
4,367.2,3,1,22,0,8,3,0,45.35,1101.6,12.3502178649238,2,0,12,0,0
0,442.74,5,1,53,1,40,2,1,35.49,2213.7,8.01599132673804,2,2,2,3,0
1,225.71,2,0,20,0,28,3,1,12.44,451.42,5.51149705374153,1,0,1,2,0
2,186.7,5,0,66,1,73,3,2,9.84,933.5,5.27048741296197,1,3,11,0,0
1,257.82,3,0,60,0,14,0,1,37.12,773.46,14.3976417655729,1,2,11,4,0
3,244.26,2,0,59,0,88,1,2,15.18,488.52,6.21468926553672,1,2,5,0,0
0,242.27,2,0,22,0,51,0,2,33.67,484.54,13.8977174227102,1,0,7,4,0
4,192.08,4,0,59,1,62,0,1,7.18,768.32,3.73802582257393,1,2,6,5,1
1,84.66,1,0,27,1,86,2,2,15.84,84.66,18.7101346562722,0,1,4,6,1
3,48.69,4,0,18,1,17,0,0,18.21,194.76,37.399876771411,0,0,8,2,0
4,122.36,5,0,55,1,5,2,1,12.79,611.8,10.4527623406342,0,2,4,4,0
2,484.96,3,1,62,0,53,2,2,38.87,1454.88,8.01509402837347,2,3,4,6,1
0,103.64,4,0,46,0,8,3,0,33.05,414.56,31.8892319567734,0,2,12,3,0
3,80.34,2,0,67,1,18,1,2,12.43,160.68,15.4717450833956,0,3,4,1,0
2,281.41,4,1,65,0,5,1,0,42.81,1125.64,15.2126790092747,1,3,9,0,0
4,492.08,3,0,35,0,13,2,0,3.93,1476.24,0.798650625914486,2,1,1,6,1
0,478.46,2,1,56,0,51,2,1,14.6,956.92,3.05145675709568,2,2,11,5,1
1,482.83,2,0,41,1,27,1,1,1.06,965.66,0.21953896816685,2,2,2,3,0
4,250.01,5,0,34,0,21,0,1,9.07,1250.05,3.62785488580457,1,1,2,3,0
2,110.61,3,0,35,0,33,1,2,30.46,331.83,27.5381972696863,0,1,8,1,0
2,21.55,5,0,32,0,15,2,1,20.12,107.75,93.3642691415313,0,1,3,6,1
3,279.03,5,1,25,0,13,1,2,41.36,1395.15,14.8227789126617,1,0,1,4,0
2,318.82,1,0,42,0,1,1,2,1.2,318.82,0.376387930493696,1,2,3,3,0
4,398.8,5,1,20,0,42,2,0,25.53,1994,6.40170511534604,2,0,6,3,0
0,351.25,1,0,42,1,31,0,1,30.66,351.25,8.7288256227758,2,2,3,3,0
3,288.03,1,0,21,1,65,0,0,13.72,288.03,4.76339270214908,1,0,5,0,0
2,348.77,2,0,61,0,69,3,1,17.25,697.54,4.94595292026264,2,3,6,5,1
4,428.97,3,1,61,0,28,1,2,41.54,1286.91,9.68366086206495,2,3,3,4,0
1,313.14,5,0,21,1,72,2,2,8.7,1565.7,2.77831002107683,1,0,4,1,0
1,60.24,2,0,24,1,3,2,1,35.51,120.48,58.9475431606906,0,0,4,0,0
4,189.46,2,0,28,0,55,3,0,29.18,378.92,15.4016678982371,1,1,4,2,0
2,388.05,3,1,40,1,85,3,2,28.43,1164.15,7.32637546707898,2,1,9,1,0
0,499.44,1,1,54,0,67,3,2,42.9,499.44,8.5896203748198,2,2,7,5,1
3,297.03,2,0,21,0,55,3,0,30,594.06,10.0999899000101,1,0,5,6,1
3,401.48,1,1,20,0,5,2,2,38.74,401.48,9.64929759888413,2,0,3,2,0
1,115.31,3,0,42,0,84,0,2,28.64,345.93,24.8373948486688,0,2,5,2,0
3,491.36,1,1,24,0,83,0,2,27.93,491.36,5.68422338000651,2,0,1,0,0
1,397.17,2,1,42,1,25,3,1,25.92,794.34,6.52617267165194,2,2,2,4,0
0,90.94,1,0,23,0,15,3,0,43.01,90.94,47.2949197272927,0,0,12,6,1
4,171.03,3,0,57,0,65,3,1,5.7,513.09,3.33274864058937,0,2,9,5,1
4,378.84,5,1,23,1,70,1,0,20.11,1894.2,5.30830957660226,2,0,2,4,0
2,404.87,3,0,60,0,94,3,1,18.04,1214.61,4.45575122878949,2,2,2,5,1
1,186.22,1,1,21,0,5,2,2,41.1,186.22,22.0706691010633,1,0,12,0,0
2,325.57,3,0,45,0,60,0,1,21.57,976.71,6.62530331418743,1,2,12,3,0
0,273.4,1,0,44,1,73,1,1,27.62,273.4,10.1024140453548,1,2,10,3,0
3,185.73,1,0,51,0,77,2,1,34.6,185.73,18.6291929144457,1,2,3,0,0
0,97.63,4,1,55,1,90,3,2,40.71,390.52,41.6982484891939,0,2,6,0,0
0,100.89,2,0,25,1,98,3,2,2.42,201.78,2.3986519972247,0,0,3,0,0
2,247.54,2,0,31,0,65,1,0,5.33,495.08,2.1531873636584,1,1,9,5,1
4,218.71,1,0,61,0,6,0,2,22.56,218.71,10.3150290338805,1,3,11,4,0
0,463.98,2,1,48,0,42,3,1,25.04,927.96,5.39678434415277,2,2,9,4,0
4,46.23,5,0,60,0,94,1,2,6.7,231.15,14.4927536231884,0,2,2,6,1
4,277.36,5,0,51,1,74,2,2,20.98,1386.8,7.56417652148832,1,2,9,6,1
2,377.83,2,1,20,0,93,0,1,19.26,755.66,5.09753063547098,2,0,5,1,0
3,335.83,2,1,56,1,79,2,2,33.95,671.66,10.1092814817021,2,2,12,6,1
3,163.58,3,0,70,1,0,2,2,25.56,490.74,15.6253820760484,0,3,12,5,1
3,143.09,1,0,55,0,26,2,1,45.55,143.09,31.8331120273953,0,2,6,2,0
0,107.4,3,1,38,1,38,1,0,43.57,322.2,40.5679702048417,0,1,6,2,0
4,205.17,2,0,28,1,69,0,1,6.59,410.34,3.2119705609982,1,1,12,4,0
0,409.37,2,0,67,0,43,2,1,0.59,818.74,0.14412389769646,2,3,11,0,0
4,416.77,3,1,22,0,41,2,2,37.6,1250.31,9.02176260287449,2,0,11,1,0
2,289.96,5,1,57,0,61,1,2,30.79,1449.8,10.6187060284177,1,2,8,3,0
1,256.46,5,1,24,1,16,3,2,34.32,1282.3,13.3822038524526,1,0,4,0,0
1,459.08,4,1,50,0,25,2,1,0.63,1836.32,0.137230983706544,2,2,11,5,1
4,17.06,5,0,27,0,62,3,2,30.53,85.3,178.956623681125,0,1,8,6,1
1,101.46,2,0,65,1,33,3,1,5.39,202.92,5.31243839936921,0,3,3,3,0
3,486.45,1,1,21,1,19,0,1,36.97,486.45,7.59995888580533,2,0,7,5,1
3,353.59,4,1,55,1,2,2,0,23.55,1414.36,6.66025622896575,2,2,7,2,0
2,235.92,4,1,33,0,85,2,0,26.19,943.68,11.1012207527976,1,1,1,4,0
0,141.07,4,0,39,1,93,3,1,12.14,564.28,8.60565676614447,0,1,9,2,0
2,336.14,2,0,32,0,14,2,1,8.98,672.28,2.67150592015232,2,1,6,4,0
0,178.32,1,0,46,1,12,0,2,8.36,178.32,4.68820098698968,1,2,11,6,1
1,103.57,1,0,32,1,8,3,1,24.79,103.57,23.935502558656,0,1,7,1,0
0,311.3,1,1,37,0,38,2,2,39.99,311.3,12.8461291358818,1,1,8,6,1
3,80.44,3,0,69,0,61,0,1,29.28,241.32,36.3998010939831,0,3,4,2,0
2,329.66,1,1,48,0,49,0,2,31.62,329.66,9.59170053995025,1,2,6,3,0
0,235.58,5,1,30,0,84,0,0,46.71,1177.9,19.8276593938365,1,1,11,5,1
2,25.96,1,0,63,1,74,0,0,23.03,25.96,88.713405238829,0,3,11,6,1
4,6.64,1,0,27,0,61,1,0,40.77,6.64,614.006024096386,0,1,5,1,0
0,13.6,2,0,69,1,13,0,2,29.88,27.2,219.705882352941,0,3,9,0,0
0,174.93,3,0,68,0,50,2,2,30.51,524.79,17.4412622191734,1,3,7,1,0
0,482.35,5,1,55,0,47,1,2,35.65,2411.75,7.39089872499222,2,2,12,1,0
2,364.99,1,0,58,1,58,2,0,3.87,364.99,1.0603030220006,2,2,11,4,0
3,474.91,1,1,51,1,8,0,1,32.39,474.91,6.82023962434988,2,2,6,3,0
3,429.79,3,1,33,0,79,3,2,32.43,1289.37,7.54554549896461,2,1,9,5,1
0,462.66,2,1,55,1,89,0,0,40.04,925.32,8.65430337612934,2,2,4,0,0
3,323.53,3,0,58,1,28,2,2,10.95,970.59,3.38453930083764,1,2,1,0,0
4,352.13,3,1,63,1,83,2,2,49.67,1056.39,14.1055860051686,2,3,8,1,0
0,140.55,5,0,36,1,43,1,2,22.91,702.75,16.3002490217005,0,1,7,0,0
1,173.78,3,0,23,1,82,2,0,32.54,521.34,18.7248244907354,1,0,5,3,0
2,98.56,2,0,64,1,72,0,0,14.99,197.12,15.2090097402597,0,3,8,5,1
0,359.95,1,0,25,0,28,2,1,22.26,359.95,6.18419224892346,2,0,3,4,0
1,19.98,4,0,21,1,7,0,0,9.51,79.92,47.5975975975976,0,0,1,2,0
3,28.29,4,0,21,1,25,1,0,41.35,113.16,146.16472251679,0,0,11,5,1
3,355.54,2,1,42,0,71,2,2,34.82,711.08,9.79355346796422,2,2,10,4,0
4,6.69,2,0,59,0,34,2,2,25.41,13.38,379.820627802691,0,2,11,2,0
2,331.13,1,1,29,1,13,2,1,43.9,331.13,13.2576329538248,1,1,4,1,0
4,354.91,4,1,18,0,7,0,2,16.42,1419.64,4.62652503451579,2,0,1,2,0
3,159.87,3,0,69,1,23,0,0,20.22,479.61,12.6477763182586,0,3,8,3,0
3,497.28,5,1,46,0,19,1,1,47.9,2486.4,9.63240025740026,2,2,5,0,0
0,376.74,3,1,24,1,76,2,0,12.83,1130.22,3.40553166640123,2,0,11,5,1
3,385.87,4,1,69,0,19,0,0,46.82,1543.48,12.1336201311323,2,3,2,3,0
4,311,4,1,20,1,98,1,1,35.06,1244,11.2733118971061,1,0,6,1,0
4,107.93,4,1,22,0,74,0,1,40.96,431.72,37.9505234874456,0,0,10,0,0
1,344.98,2,1,54,0,71,1,1,47.99,689.96,13.9109513594991,2,2,9,4,0
1,377.12,2,1,56,1,17,2,2,34.22,754.24,9.07403478998727,2,2,5,1,0
3,464.86,4,1,29,1,82,2,1,19.64,1859.44,4.22492793529235,2,1,1,6,1
4,382.05,4,1,56,1,11,1,1,16.52,1528.2,4.32404135584348,2,2,7,2,0
1,420.49,3,1,28,0,38,2,1,43,1261.47,10.2261647125972,2,1,10,3,0
2,101.29,2,0,33,0,51,2,2,28.44,202.58,28.0777964261033,0,1,7,6,1
1,448.24,5,1,51,1,24,3,0,31.37,2241.2,6.99848295555952,2,2,11,6,1
2,497.4,5,1,65,0,87,0,2,1.89,2487,0.379975874547648,2,3,9,5,1
0,130.06,4,0,54,0,39,3,1,33.73,520.24,25.9341842226665,0,2,3,2,0
0,220.74,1,0,56,0,0,3,2,28.67,220.74,12.9881308326538,1,2,11,2,0
3,343.59,2,1,42,1,21,2,2,21.34,687.18,6.21089088739486,2,2,7,3,0
3,82.97,1,0,40,1,28,1,1,48.27,82.97,58.1776545739424,0,1,2,2,0
0,335.72,4,1,66,1,18,3,0,41.99,1342.88,12.5074466817586,2,3,5,0,0
4,22.48,4,0,32,0,12,0,0,12.88,89.92,57.2953736654804,0,1,2,6,1
4,61.06,1,0,67,0,25,3,0,34.28,61.06,56.1415001637733,0,3,11,3,0
0,76.28,2,0,55,0,87,2,2,12.43,152.56,16.2952281069743,0,2,2,2,0
1,98.74,2,0,52,1,43,2,2,3.51,197.48,3.55479035851732,0,2,4,5,1
4,475.2,1,1,60,1,54,1,1,38.9,475.2,8.18602693602694,2,2,8,2,0
1,265.13,4,0,19,1,88,3,2,4.54,1060.52,1.71236751782145,1,0,9,0,0
1,70.02,4,0,44,0,18,3,1,29.97,280.08,42.8020565552699,0,2,9,6,1
0,168.66,2,0,38,0,60,3,1,28.49,337.32,16.8919720147041,0,1,12,0,0
4,59.97,2,0,36,0,62,2,0,27.24,119.94,45.4227113556778,0,1,9,1,0
4,149.31,5,0,54,0,23,2,1,18.05,746.55,12.0889424686893,0,2,4,5,1
3,236.42,1,0,18,0,68,1,1,17.54,236.42,7.41900008459521,1,0,10,2,0
0,172.13,5,0,63,1,88,0,0,5.07,860.65,2.94544820774996,1,3,9,1,0
0,268.65,4,1,20,0,99,3,0,27.2,1074.6,10.1246975618835,1,0,2,2,0
1,41.82,4,0,40,1,21,0,2,21.14,167.28,50.5499760879962,0,1,8,3,0
4,126.49,3,0,33,1,21,2,0,16.59,379.47,13.1156613171002,0,1,4,1,0
4,180.63,4,0,69,1,35,3,1,44.51,722.52,24.6415324143276,1,3,1,3,0
3,442.46,4,1,43,0,40,2,1,46.28,1769.84,10.4597025719839,2,2,10,5,1
2,314.57,4,1,46,0,58,2,2,13.92,1258.28,4.42508821565947,1,2,4,2,0
1,235.41,5,0,68,0,67,0,0,5.81,1177.05,2.46803449301219,1,3,1,5,1
4,381.98,2,0,51,0,85,2,2,7.43,763.96,1.94512801717367,2,2,6,1,0
3,419.16,3,1,24,0,61,3,2,40.79,1257.48,9.73136749689856,2,0,3,4,0
4,259.16,3,0,44,0,42,2,1,28.23,777.48,10.8928847044297,1,2,5,1,0
4,350.83,2,1,57,0,19,3,1,37.45,701.66,10.6746857452327,2,2,7,0,0
0,356.62,4,1,44,1,8,1,1,38.35,1426.48,10.7537434804554,2,2,8,6,1
4,236.8,3,0,33,0,70,1,0,15.33,710.4,6.47381756756757,1,1,6,3,0
1,190.17,3,0,18,1,40,3,1,23.23,570.51,12.2153862333701,1,0,7,1,0
2,462.07,4,1,18,1,85,3,0,33.7,1848.28,7.29326725387928,2,0,10,3,0
4,175.1,1,0,70,0,21,2,1,11.56,175.1,6.60194174757282,1,3,3,2,0
2,320.91,4,0,20,1,52,3,2,6.21,1283.64,1.93512199682154,1,0,10,6,1
1,136.59,5,1,25,0,42,0,0,46.78,682.95,34.2484808551139,0,0,10,3,0
0,245.63,3,1,39,1,87,1,2,39.98,736.89,16.2765134551968,1,1,6,1,0
3,42.46,3,0,63,0,82,2,1,37.91,127.38,89.284032030146,0,3,1,5,1
3,167.27,3,1,23,0,69,3,1,36.22,501.81,21.6536139176182,0,0,2,1,0
1,225.88,1,1,57,1,44,1,2,45.84,225.88,20.2939613954312,1,2,5,3,0
2,119.19,1,0,19,0,59,0,2,41.77,119.19,35.0448863159661,0,0,2,5,1
0,238.01,3,1,69,1,7,3,0,41.07,714.03,17.2555774967438,1,3,5,3,0
2,393.06,1,1,28,0,36,0,0,10.31,393.06,2.62300920978985,2,1,5,6,1
4,447.33,1,1,36,0,58,0,0,49.72,447.33,11.1148369212885,2,1,11,4,0
2,126.75,1,0,55,1,83,2,0,20.56,126.75,16.2209072978304,0,2,10,5,1
4,361.53,3,1,43,1,25,2,2,32.79,1084.59,9.06978673968965,2,2,3,3,0
3,305.19,1,0,38,0,84,1,0,2.7,305.19,0.884694780300796,1,1,11,0,0
3,171.59,3,0,20,0,9,0,2,2.18,514.77,1.27047030712746,0,0,9,4,0
4,209.82,1,0,34,0,16,1,2,11.89,209.82,5.66676198646459,1,1,3,3,0
0,233.79,5,1,68,1,33,2,0,42.9,1168.95,18.3498011035545,1,3,5,2,0
4,33.22,1,0,57,1,89,2,2,47.87,33.22,144.099939795304,0,2,1,0,0
1,76.88,3,1,31,0,16,0,0,42.06,230.64,54.7086368366285,0,1,1,1,0
4,344.85,1,1,64,1,36,2,2,40.87,344.85,11.8515296505727,2,3,10,2,0
2,198.52,3,0,53,0,42,1,0,17.5,595.56,8.81523272214387,1,2,3,3,0
2,263.2,4,0,70,0,37,2,2,12.49,1052.8,4.74544072948328,1,3,8,2,0
4,411.4,2,1,30,1,68,2,0,23.13,822.8,5.62226543509966,2,1,5,2,0
3,260.66,5,1,64,1,80,1,2,43.89,1303.3,16.8380265479936,1,3,12,5,1
2,376.38,4,1,55,0,48,1,0,22.31,1505.52,5.92752005951432,2,2,5,4,0
2,34.15,2,0,37,1,54,2,1,8.08,68.3,23.6603221083455,0,1,10,3,0
1,458.19,2,1,56,0,68,3,0,14.96,916.38,3.26502106113185,2,2,1,6,1
2,14.36,1,0,28,0,63,1,0,21.52,14.36,149.860724233983,0,1,12,0,0
4,117.61,4,0,65,0,27,3,1,18.62,470.44,15.8319870759289,0,3,12,6,1
3,61.9,2,0,29,0,91,2,0,22.1,123.8,35.702746365105,0,1,2,1,0
1,294.35,4,1,39,0,54,2,0,23.31,1177.4,7.91914387633769,1,1,7,0,0
2,249.52,2,0,33,1,17,1,1,11.29,499.04,4.52468739980763,1,1,8,5,1
2,126.67,4,0,46,1,95,1,2,44.19,506.68,34.8859240546301,0,2,12,1,0
3,185.97,2,0,46,0,92,3,0,18.1,371.94,9.73275259450449,1,2,3,0,0
4,21.01,2,0,31,1,43,1,2,1.98,42.02,9.42408376963351,0,1,9,4,0
2,271.79,4,1,23,0,65,1,1,26.48,1087.16,9.74281614481769,1,0,8,0,0
0,21.23,1,0,67,0,36,1,0,21.72,21.23,102.308054639661,0,3,3,1,0
4,481.78,4,1,48,1,82,0,0,28.62,1927.12,5.94047075428619,2,2,12,1,0
3,12.01,1,0,24,0,71,2,0,34.76,12.01,289.425478767694,0,0,7,1,0
1,308.92,3,0,37,1,63,0,1,0.2,926.76,0.0647416806940308,1,1,9,1,0
0,442.88,1,1,35,1,47,0,2,20.53,442.88,4.63556719653179,2,1,10,3,0
3,287.75,1,0,32,1,49,2,0,46.38,287.75,16.118158123371,1,1,10,0,0
2,174.01,2,0,70,0,9,0,2,2.04,348.02,1.17234641687259,1,3,11,2,0
4,232.48,2,0,35,0,82,2,0,10.69,464.96,4.59824501032347,1,1,12,2,0
0,157.64,3,0,41,0,81,2,2,26.5,472.92,16.8104541994418,0,2,8,2,0
3,219.51,3,0,33,1,90,1,2,13.55,658.53,6.17283950617284,1,1,2,0,0
2,174.78,3,0,48,1,1,3,2,39.3,524.34,22.4854102300034,1,2,3,2,0
2,385.5,2,0,65,1,53,1,2,13.78,771,3.5745784695201,2,3,10,3,0
3,91.1,1,0,48,0,79,2,1,27.87,91.1,30.5927552140505,0,2,9,2,0
4,315.75,4,1,65,1,83,1,2,47.72,1263,15.1132224861441,1,3,7,5,1
3,106.31,4,0,19,0,9,2,2,26.91,425.24,25.3127645564858,0,0,8,0,0
4,293.78,4,0,31,0,5,1,1,23.02,1175.12,7.83579549322622,1,1,8,1,0
1,269.63,4,0,37,1,93,2,1,11.41,1078.52,4.23172495642176,1,1,9,6,1
4,290.88,2,1,57,0,48,3,0,48.57,581.76,16.6976072607261,1,2,11,2,0
2,475.76,3,0,56,0,34,1,1,1.43,1427.28,0.300571716832016,2,2,5,2,0
0,119.23,3,0,70,1,19,2,0,6.91,357.69,5.79552126142749,0,3,5,2,0
1,430.98,4,1,42,0,59,3,2,4.69,1723.92,1.08821755069841,2,2,5,0,0
1,220.3,3,0,60,1,85,2,0,1.82,660.9,0.82614616432138,1,2,11,2,0
0,464.73,1,1,29,1,99,3,1,24.13,464.73,5.19226217373529,2,1,10,0,0
3,54,3,0,63,0,85,2,1,4.38,162,8.11111111111111,0,3,11,1,0
0,231.93,3,0,37,1,18,3,0,8.82,695.79,3.80287155607295,1,1,5,6,1
0,288.87,5,0,45,0,62,2,0,3.76,1444.35,1.30162356769481,1,2,1,1,0
0,390.21,4,1,50,1,35,2,1,28.64,1560.84,7.3396376310192,2,2,12,1,0
1,332.38,5,1,58,0,96,2,0,49.2,1661.9,14.8023346771767,1,2,2,6,1
3,109.15,5,0,56,1,50,1,0,31.37,545.75,28.7402656894182,0,2,4,0,0
4,191.57,3,0,43,0,88,3,1,24.02,574.71,12.5384976770893,1,2,8,3,0
2,377.28,4,0,40,0,39,2,2,17.65,1509.12,4.67822307039864,2,1,6,4,0
1,382.06,1,1,52,1,32,1,2,43.65,382.06,11.4249070826572,2,2,8,2,0
4,24.99,2,0,30,1,25,0,0,11.63,49.98,46.5386154461785,0,1,1,5,1
3,168.64,1,0,47,1,11,1,1,31,168.64,18.3823529411765,0,2,8,6,1
2,431.99,1,1,48,1,23,3,0,16.46,431.99,3.81027338595801,2,2,4,5,1
3,5.57,2,0,69,1,54,0,1,2.73,11.14,49.0125673249551,0,3,8,4,0
3,153.6,5,0,52,1,69,1,1,29.61,768,19.27734375,0,2,12,4,0
4,479.42,3,0,68,0,23,2,0,1.37,1438.26,0.285761962371199,2,3,2,0,0
2,83.57,1,0,42,1,5,3,2,0.01,83.57,0.0119660165131028,0,2,10,1,0
2,221.15,4,1,57,0,89,1,0,19.82,884.6,8.96224282161429,1,2,6,4,0
3,342.64,5,0,32,1,73,0,2,5.77,1713.2,1.68398318935326,2,1,6,2,0
3,255.13,1,0,41,0,80,0,0,2.58,255.13,1.01124916709129,1,2,8,2,0
0,258.17,3,1,34,0,60,0,1,44.1,774.51,17.0817678274006,1,1,6,1,0
1,63.07,5,0,36,1,18,1,2,5.13,315.35,8.13381956556207,0,1,2,4,0
0,370.16,2,0,27,1,8,3,2,19.06,740.32,5.14912470283121,2,1,2,0,0
3,112.32,4,0,68,0,26,3,2,6.17,449.28,5.49323361823362,0,3,12,2,0
4,374.12,4,1,38,1,77,0,2,14.54,1496.48,3.88645354431733,2,1,11,2,0
4,208.99,4,0,69,0,96,0,0,6.46,835.96,3.09105698837265,1,3,7,3,0
3,268.65,4,1,61,1,64,2,1,25.1,1074.6,9.34301135306161,1,3,7,5,1
4,194.27,4,0,67,1,62,3,0,10.59,777.08,5.45117619807484,1,3,10,4,0
3,28.15,5,0,30,0,83,3,2,48.61,140.75,172.682060390764,0,1,7,2,0
2,358.41,1,1,24,1,19,0,2,37.92,358.41,10.580061940236,2,0,8,0,0
2,190.51,4,0,65,0,52,2,0,20.59,762.04,10.8078316098893,1,3,6,3,0
3,59.5,1,0,36,0,59,2,2,34.41,59.5,57.8319327731092,0,1,2,6,1
4,64.35,3,0,36,0,72,0,1,26.75,193.05,41.5695415695416,0,1,11,4,0
3,351.87,1,0,40,1,41,0,1,25.38,351.87,7.21289112456305,2,1,1,5,1
0,381.33,1,0,47,1,69,0,0,17.55,381.33,4.6023129572811,2,2,7,6,1
3,368.87,5,1,31,0,34,0,1,48.22,1844.35,13.0723561146203,2,1,3,5,1
0,237.77,5,0,53,1,44,2,1,10.45,1188.85,4.39500357488329,1,2,4,2,0
0,210.03,3,0,57,1,47,2,0,21.45,630.09,10.2128267390373,1,2,6,3,0
1,28.88,4,0,37,0,58,1,2,24.21,115.52,83.8296398891967,0,1,3,0,0
2,163.34,5,0,40,1,27,1,1,22.84,816.7,13.9831027305008,0,1,7,2,0
2,454.27,2,1,56,0,2,2,1,31.47,908.54,6.92759812446342,2,2,2,1,0
3,280.93,4,1,24,0,41,3,1,48.12,1123.72,17.1288221265084,1,0,12,6,1
1,137.22,3,0,39,1,17,0,2,39.8,411.66,29.0045182917942,0,1,12,6,1
4,6.54,2,0,37,1,73,2,0,14.67,13.08,224.311926605505,0,1,4,5,1
0,449.22,2,0,65,0,98,2,2,18.49,898.44,4.11602332932639,2,3,6,6,1
2,350.79,1,1,39,1,66,2,0,40.75,350.79,11.6166367342285,2,1,6,2,0
3,255.58,5,1,63,1,77,3,1,35.24,1277.9,13.7882463416543,1,3,7,6,1
3,391.11,3,1,27,1,68,1,0,30.29,1173.33,7.74462427450078,2,1,2,4,0
4,440.75,3,1,61,0,3,0,0,35.97,1322.25,8.16108905275099,2,3,3,0,0
4,380.22,4,1,30,0,60,1,0,20.08,1520.88,5.28115301667456,2,1,1,0,0
2,139.52,5,1,42,1,75,0,2,48.36,697.6,34.6616972477064,0,2,4,0,0
2,310.04,3,1,41,0,98,1,1,45.96,930.12,14.8238936911366,1,2,4,5,1
3,100.19,3,1,37,0,2,0,2,45.51,300.57,45.4236949795389,0,1,2,2,0
0,296.48,2,0,31,1,42,1,0,19.87,592.96,6.70196977873718,1,1,8,6,1
4,196.74,2,0,43,0,74,3,0,17.02,393.48,8.65101148724204,1,2,12,1,0
3,479.71,2,0,35,0,12,2,1,9.78,959.42,2.03873173375581,2,1,10,4,0
2,277.04,1,0,48,0,0,2,1,8.23,277.04,2.97069015304649,1,2,5,4,0
2,470.49,1,1,46,0,69,3,1,42.27,470.49,8.984250462284,2,2,12,2,0
3,110.17,1,0,67,0,75,2,1,43.36,110.17,39.3573568121993,0,3,5,2,0
4,79.88,1,0,45,0,10,0,2,46.3,79.88,57.9619429143716,0,2,10,2,0
4,346.93,4,1,22,1,8,0,0,41.87,1387.72,12.0687170322543,2,0,11,3,0
2,202.55,5,1,38,1,89,2,2,40.53,1012.75,20.0098741051592,1,1,6,2,0
4,423.73,2,1,21,0,25,0,1,28.86,847.46,6.8109409293654,2,0,8,3,0
4,345.83,5,1,65,0,16,2,1,8.31,1729.15,2.40291472688893,2,3,3,3,0
3,270.51,2,1,62,0,46,2,1,35.92,541.02,13.278621862408,1,3,10,2,0
3,98.7,4,0,26,0,14,0,1,43.47,394.8,44.0425531914894,0,1,2,5,1
1,316.73,4,1,23,0,64,1,2,39.73,1266.92,12.5438070280681,1,0,1,3,0
2,174.62,1,0,64,1,36,1,2,2.1,174.62,1.20261138472111,1,3,10,2,0
0,187.31,5,0,26,1,1,1,2,4.83,936.55,2.57861299450109,1,1,5,2,0
2,66.89,3,0,65,1,85,1,0,44.07,200.67,65.884287636418,0,3,4,4,0
2,295.42,2,0,63,1,30,1,2,0.83,590.84,0.28095592715456,1,3,3,0,0
3,473.54,5,1,31,0,72,2,2,35.78,2367.7,7.55585589390548,2,1,12,4,0
2,346.75,2,0,57,0,17,1,1,2.66,693.5,0.767123287671233,2,2,6,4,0
2,355.37,1,0,34,0,32,0,1,13.87,355.37,3.9029743647466,2,1,5,3,0
1,33.39,2,0,25,0,68,1,1,43.24,66.78,129.499850254567,0,0,1,2,0
1,209.47,1,0,41,0,8,2,1,12.8,209.47,6.11066023774288,1,2,11,1,0
2,441.98,4,1,62,1,16,3,0,19.76,1767.92,4.4707905335083,2,3,4,6,1
3,205.51,4,1,27,1,38,2,2,29.1,822.04,14.1598948956255,1,1,6,0,0
0,71.57,1,0,21,1,27,2,0,33.34,71.57,46.583764146989,0,0,9,0,0
3,176.35,3,0,70,1,19,0,0,22.87,529.05,12.9685284944712,1,3,3,2,0
3,18.47,5,0,56,1,43,1,2,42.44,92.35,229.77801840823,0,2,5,4,0
3,357.27,4,1,32,0,81,3,2,33.1,1429.08,9.26470176617124,2,1,7,2,0
2,266.87,4,0,31,0,30,3,2,13.99,1067.48,5.24225278225353,1,1,8,1,0
1,332.99,5,0,27,0,39,0,0,8.69,1664.95,2.60968797861798,1,1,12,1,0
0,461.65,1,1,62,1,58,0,0,45.51,461.65,9.85811762157479,2,3,4,1,0
1,39.72,2,0,18,1,33,3,2,36.17,79.44,91.0624370594159,0,0,2,3,0
2,19.17,5,0,61,1,11,1,0,9.73,95.85,50.7563901930099,0,3,1,3,0
1,70.13,5,1,27,1,68,0,2,40.87,350.65,58.2774846713247,0,1,7,0,0
3,317.51,1,1,18,1,43,3,2,43.65,317.51,13.7475985008346,1,0,2,0,0
3,128.92,3,0,34,1,70,1,1,24.27,386.76,18.8256282966181,0,1,11,5,1
3,424.02,2,1,68,0,87,0,0,17.23,848.04,4.06348757134098,2,3,7,1,0
0,161.59,5,0,60,0,18,1,2,4.31,807.95,2.66724426016461,0,2,7,5,1
1,496.02,2,1,19,1,18,1,1,23.16,992.04,4.66916656586428,2,0,2,3,0
3,20.49,4,0,61,1,35,0,2,31.85,81.96,155.44167886774,0,3,9,6,1
3,99.51,1,0,48,1,46,1,2,39.75,99.51,39.9457340970757,0,2,8,0,0
1,280.93,3,1,50,0,34,2,0,30.28,842.79,10.7784857437796,1,2,4,0,0
0,414.24,2,1,24,0,17,1,1,23.97,828.48,5.78650057937428,2,0,12,2,0
4,265.77,2,1,40,1,37,0,2,41.71,531.54,15.6940211461038,1,1,10,5,1
0,220.9,5,1,38,0,79,2,0,48.24,1104.5,21.8379357175192,1,1,3,6,1
2,24.47,2,0,46,0,52,0,2,21.06,48.94,86.0645688598284,0,2,1,1,0
2,453.18,5,1,27,1,63,3,0,22.72,2265.9,5.01346043514718,2,1,11,2,0
3,109.9,1,0,19,0,77,0,2,23.36,109.9,21.2556869881711,0,0,7,3,0
0,494.4,4,1,27,0,87,1,2,24.39,1977.6,4.93325242718447,2,1,11,5,1
4,240.63,3,1,42,1,29,3,2,49.63,721.89,20.6250259734863,1,2,7,3,0
0,499.21,2,1,52,0,23,3,1,12.64,998.42,2.5320005608862,2,2,9,5,1
0,242.06,2,0,45,0,13,2,1,5.59,484.12,2.3093447905478,1,2,3,1,0
4,155.05,1,0,64,1,93,1,2,8.51,155.05,5.4885520799742,0,3,5,5,1
3,117.78,2,1,21,0,19,2,0,35.89,235.56,30.4720665647818,0,0,4,6,1
0,38.8,1,0,33,1,89,1,0,2.06,38.8,5.30927835051547,0,1,10,0,0
2,95.58,4,0,53,0,73,3,0,30.9,382.32,32.3289391086001,0,2,10,5,1
2,244.59,3,0,46,1,97,3,1,12.51,733.77,5.11468171225316,1,2,9,2,0
0,112.51,5,0,58,1,82,1,0,33.97,562.55,30.1928717447338,0,2,3,1,0
2,237.61,4,0,20,0,20,0,2,11.36,950.44,4.78094356298136,1,0,9,6,1
3,155.94,3,1,36,1,56,1,0,38.5,467.82,24.6889829421572,0,1,2,6,1
3,135.45,3,1,27,1,91,2,0,44.67,406.35,32.9789590254707,0,1,10,6,1
1,417.19,4,1,38,1,45,3,0,14.14,1668.76,3.38934298521058,2,1,4,6,1
3,397.76,4,1,37,0,67,2,1,35.95,1591.04,9.03811343523733,2,1,11,0,0
4,345.95,2,1,58,1,36,1,2,34.87,691.9,10.0794912559618,2,2,4,0,0
1,48.22,2,0,43,0,74,1,1,2.91,96.44,6.0348403152219,0,2,4,1,0
1,208.15,3,0,60,1,35,0,2,12.48,624.45,5.99567619505165,1,2,7,6,1
2,125.01,5,0,68,0,44,3,0,40.5,625.05,32.3974082073434,0,3,12,5,1
3,343.2,5,1,59,0,21,3,2,26.39,1716,7.68939393939394,2,2,4,1,0
3,164,3,0,44,1,40,0,2,6.09,492,3.71341463414634,0,2,4,2,0
3,387.42,4,1,53,0,17,3,1,27.89,1549.68,7.19890558050694,2,2,11,3,0
4,58.88,3,0,65,0,54,0,0,34.15,176.64,57.9993206521739,0,3,12,1,0
1,472.39,2,1,33,1,38,3,0,35.95,944.78,7.61023730392261,2,1,9,5,1
3,426.47,3,0,20,0,92,2,2,7.11,1279.41,1.66717471334443,2,0,5,1,0
3,355.77,4,1,27,0,33,2,2,19.64,1423.08,5.52042049638812,2,1,5,5,1
2,145.34,2,0,51,1,4,2,0,1.2,290.68,0.825650199532132,0,2,6,3,0
2,417.97,4,1,23,0,30,0,0,21.57,1671.88,5.16065746345432,2,0,4,3,0
2,209.21,2,1,59,0,92,2,0,44.99,418.42,21.5047081879451,1,2,7,3,0
3,160.86,1,0,39,1,60,1,0,24.76,160.86,15.3922665672013,0,1,3,0,0
2,240.8,1,1,51,0,90,1,0,39.66,240.8,16.4700996677741,1,2,3,6,1
0,11.14,3,0,64,0,91,2,2,42.95,33.42,385.547576301616,0,3,5,5,1
1,24.92,3,0,21,1,47,2,2,2.06,74.76,8.26645264847512,0,0,3,4,0
1,126.18,2,0,41,1,74,2,1,38.02,252.36,30.1315580916152,0,2,3,5,1
3,169.16,4,0,67,1,57,0,2,39.2,676.64,23.1733270276661,0,3,5,4,0
4,239.99,3,1,51,0,42,0,0,41.41,719.97,17.2548856202342,1,2,10,0,0
3,229.47,1,0,39,0,89,1,0,29.91,229.47,13.0343835795529,1,1,11,5,1
3,397.47,1,1,40,0,98,1,1,1.03,397.47,0.259139054519838,2,1,11,0,0
2,365.19,1,1,23,0,79,3,1,35.81,365.19,9.80585448670555,2,0,5,4,0
4,419.51,2,1,20,0,33,2,0,44.01,839.02,10.4908107077305,2,0,7,0,0
4,68.26,2,0,31,0,83,3,2,26.4,136.52,38.6756519191327,0,1,12,1,0
4,90.28,3,0,50,0,82,3,2,19.54,270.84,21.6437749224635,0,2,8,5,1
1,190.99,2,1,48,0,8,2,1,39.33,381.98,20.5927011885439,1,2,5,6,1
0,99.66,4,0,69,1,90,3,1,30.84,398.64,30.9452137266707,0,3,9,1,0
1,341.89,5,1,28,1,37,3,1,18.34,1709.45,5.36429845856855,2,1,10,3,0
3,241.49,4,1,36,1,13,0,0,38.4,965.96,15.9012795560893,1,1,11,3,0
2,266.72,3,1,18,0,85,3,2,43.4,800.16,16.2717456508698,1,0,6,3,0
0,220.19,4,0,66,0,56,2,1,16.29,880.76,7.39815613788092,1,3,5,4,0
1,385.54,1,1,48,1,3,0,1,45.77,385.54,11.8716605280905,2,2,6,3,0
2,371.86,1,0,48,0,54,3,2,11.25,371.86,3.02533211423654,2,2,9,0,0
3,382.01,5,1,55,1,3,0,0,40.3,1910.05,10.5494620559671,2,2,5,2,0
3,342.66,4,1,56,1,69,1,0,23.63,1370.64,6.89604856125605,2,2,1,6,1
4,61.39,1,0,61,1,61,3,2,2.74,61.39,4.46326763316501,0,3,3,4,0
1,264.93,3,0,31,0,63,3,0,8.51,794.79,3.21216925225531,1,1,7,4,0
3,447.27,2,1,34,0,66,2,1,26.38,894.54,5.89800344311043,2,1,5,0,0
2,282.34,1,1,28,0,53,0,2,49.16,282.34,17.4116313664376,1,1,1,4,0
2,158.75,3,0,36,0,7,3,1,32.16,476.25,20.2582677165354,0,1,12,2,0
0,279.4,4,1,28,0,1,3,0,42.59,1117.6,15.2433786685755,1,1,1,2,0
4,201.56,1,0,26,0,93,1,1,31.18,201.56,15.4693391545942,1,1,9,4,0
2,438.81,4,1,31,1,48,2,1,49.73,1755.24,11.3329231330189,2,1,8,2,0
0,283.67,5,1,32,0,67,1,2,49.03,1418.35,17.2841682236401,1,1,1,0,0
3,26.03,4,0,46,0,61,0,2,32.44,104.12,124.625432193623,0,2,3,5,1
4,453.4,3,1,51,1,80,0,0,37.71,1360.2,8.31715924128805,2,2,7,2,0
3,425.91,5,1,40,1,32,3,2,1.72,2129.55,0.403841187105257,2,1,11,1,0
4,194.44,1,0,56,1,7,2,0,17.3,194.44,8.89734622505657,1,2,10,0,0
3,110.88,2,0,42,1,43,1,0,24.76,221.76,22.3304473304473,0,2,12,0,0
3,410.65,1,0,30,0,75,0,2,14.81,410.65,3.60647753561427,2,1,4,0,0
4,376.74,5,1,39,0,11,0,2,48.25,1883.7,12.8072410681106,2,1,8,4,0
0,145.73,4,0,25,1,10,0,0,22.07,582.92,15.1444452068895,0,0,5,4,0
2,71.13,5,0,36,1,47,0,1,8.88,355.65,12.4841838886546,0,1,4,6,1
3,127.24,2,1,22,1,85,1,1,40.63,254.48,31.9317824583464,0,0,12,6,1
1,7.17,1,0,20,0,90,2,1,49.11,7.17,684.937238493724,0,0,2,3,0
2,222.78,5,0,63,1,2,1,2,15.45,1113.9,6.93509291677889,1,3,1,1,0
0,104.83,3,0,40,1,83,3,2,1.2,314.49,1.14471048364018,0,1,2,0,0
3,319.29,5,1,31,1,47,0,0,29.81,1596.45,9.33634000438473,1,1,12,2,0
4,201.02,1,0,43,0,0,2,1,3,201.02,1.49238881703313,1,2,9,1,0
3,210.02,4,1,66,0,73,2,1,39.26,840.08,18.6934577659271,1,3,11,2,0
4,385.24,4,1,67,0,91,3,2,19.39,1540.96,5.03322604090956,2,3,3,4,0
4,175.05,3,0,32,0,35,0,0,23.04,525.15,13.1619537275064,1,1,12,5,1
2,305.85,2,0,31,1,97,0,2,13.64,611.7,4.45970246853033,1,1,10,3,0
2,326.37,1,1,57,1,88,3,2,48.63,326.37,14.9002665686184,1,2,7,1,0
1,299.6,5,1,45,0,21,0,0,13.08,1498,4.36582109479306,1,2,11,0,0
2,30.23,4,0,27,0,0,3,0,3.19,120.92,10.5524313595766,0,1,2,6,1
4,370.92,4,1,50,0,2,3,2,49.61,1483.68,13.3748517200475,2,2,10,0,0
2,182.9,5,0,57,0,28,2,2,10.15,914.5,5.5494805904866,1,2,10,4,0
0,418.54,2,0,19,1,1,0,1,15.01,837.08,3.58627610264252,2,0,5,2,0
2,300.47,4,1,65,0,8,2,2,44.02,1201.88,14.6503810696575,1,3,6,0,0
3,9.72,3,0,53,0,22,2,1,19.67,29.16,202.366255144033,0,2,1,0,0
4,141.92,3,0,67,1,57,3,1,20.25,425.76,14.2686020293123,0,3,11,0,0
2,450.51,5,1,59,0,70,3,0,5.2,2252.55,1.1542474084926,2,2,4,1,0
2,196.8,5,1,44,1,2,1,2,42.86,984,21.7784552845528,1,2,5,5,1
4,56.52,2,0,57,1,65,1,1,37.74,113.04,66.7728237791932,0,2,10,1,0
1,331.94,2,1,22,1,98,3,2,24.98,663.88,7.52545640778454,1,0,10,4,0
2,241.69,4,0,44,0,66,3,2,9.06,966.76,3.74860358310232,1,2,6,4,0
1,156.37,1,0,30,0,81,3,1,26.07,156.37,16.6719959071433,0,1,10,6,1
1,368.41,5,1,55,0,98,0,0,44.46,1842.05,12.0680763280041,2,2,3,6,1
4,340.95,4,1,64,0,1,3,0,14.83,1363.8,4.34961137996774,2,3,5,5,1
1,150,4,0,62,1,55,2,0,4.52,600,3.01333333333333,0,3,10,3,0
4,443.82,4,1,66,1,11,1,1,34.51,1775.28,7.77567482312649,2,3,1,0,0
1,62.57,5,0,32,0,82,0,0,37.13,312.85,59.3415374780246,0,1,2,0,0
0,275.47,2,0,58,0,24,2,2,12.66,550.94,4.59578175481904,1,2,5,5,1
2,81.15,3,0,24,1,58,2,2,13.1,243.45,16.1429451632779,0,0,4,1,0
0,33.33,1,0,19,0,48,1,0,34.18,33.33,102.550255025503,0,0,5,2,0
3,223.06,5,0,45,0,45,2,1,19.48,1115.3,8.73307630234018,1,2,10,1,0
4,379.26,5,1,34,0,37,0,0,25.01,1896.3,6.59442071402204,2,1,2,3,0
3,179.8,4,0,44,0,55,0,2,7.01,719.2,3.89877641824249,1,2,1,6,1
4,354.17,4,1,23,1,15,1,1,32.58,1416.68,9.1989722449671,2,0,11,6,1
1,316.84,2,0,22,0,46,1,2,13.19,633.68,4.16298447165762,1,0,6,5,1
0,106.85,3,0,29,1,0,1,2,19.36,320.55,18.1188582124474,0,1,4,0,0
3,191.21,4,0,59,0,43,2,0,18.4,764.84,9.62292767114691,1,2,9,4,0
1,291.79,5,1,47,1,86,1,1,26.98,1458.95,9.24637581822544,1,2,8,0,0
3,80.43,4,0,26,0,57,2,0,34.71,321.72,43.1555389779933,0,1,7,6,1
1,177.74,5,0,65,1,73,3,2,3,888.7,1.68785866996737,1,3,6,1,0
1,466.99,2,1,64,0,30,3,0,22.82,933.98,4.8866142743956,2,3,7,0,0
2,297.09,2,0,40,0,62,1,1,15.1,594.18,5.08263489178364,1,1,10,5,1
0,19.3,2,0,23,1,67,2,1,17.72,38.6,91.8134715025907,0,0,2,1,0
0,76.93,2,0,28,1,17,0,2,5.07,153.86,6.5904068633823,0,1,1,4,0
4,121.48,3,0,44,1,91,3,0,21.77,364.44,17.9206453737241,0,2,5,5,1
3,328.26,5,1,54,1,14,2,1,49.19,1641.3,14.9850728081399,1,2,6,0,0
4,449.61,5,1,25,1,40,2,1,19.39,2248.05,4.31262649852094,2,0,11,5,1
4,319.27,1,0,59,0,76,1,2,17,319.27,5.324646850628,1,2,6,2,0
3,196.73,5,1,70,0,43,0,1,42.14,983.65,21.4202206069232,1,3,3,5,1
1,267.6,5,1,68,0,75,3,1,7.91,1338,2.9559043348281,1,3,4,2,0
0,449.12,3,1,19,1,77,3,2,34.03,1347.36,7.57703954399715,2,0,3,5,1
1,186.89,3,0,18,0,45,1,1,23.06,560.67,12.3388089250361,1,0,11,3,0
1,485.03,4,1,21,0,45,0,0,34.18,1940.12,7.04698678432262,2,0,9,6,1
3,287.49,4,1,35,0,98,3,1,42.76,1149.96,14.8735608195068,1,1,4,2,0
3,218.14,4,0,58,0,72,3,2,15.16,872.56,6.9496653525259,1,2,8,5,1
1,199.55,1,0,37,0,68,0,1,7.32,199.55,3.6682535705337,1,1,10,1,0
3,461.93,2,1,53,1,80,0,0,24.87,923.86,5.38393263048514,2,2,6,1,0
2,126.83,3,1,66,1,37,2,1,27.46,380.49,21.6510289363715,0,3,5,4,0
0,370.34,2,0,24,1,66,0,1,4.48,740.68,1.20969919533402,2,0,1,0,0
1,457.54,2,1,47,1,83,0,1,47.47,915.08,10.3750491760283,2,2,7,3,0
0,238.13,3,1,19,0,73,3,0,35.91,714.39,15.0799983202452,1,0,2,0,0
3,194.32,5,1,58,0,63,0,1,38.16,971.6,19.6377109921779,1,2,11,1,0
0,484.26,5,1,63,1,64,3,1,10.7,2421.3,2.20955684962623,2,3,10,3,0
1,51.03,2,0,33,1,40,3,1,35.66,102.06,69.8804624730551,0,1,5,5,1
1,62.81,4,0,41,0,54,1,2,23.81,251.24,37.9079764368731,0,2,8,0,0
1,290.59,3,0,51,0,3,0,2,10.75,871.77,3.69937024673939,1,2,3,5,1
4,87.18,4,0,21,1,0,2,0,17.2,348.72,19.7292957100252,0,0,4,3,0
1,270.12,5,1,59,1,20,0,0,20.3,1350.6,7.5151784392122,1,2,12,2,0
3,191.42,1,0,39,1,79,2,1,26.47,191.42,13.828231114826,1,1,3,2,0
1,283.89,4,1,45,0,77,1,2,18.1,1135.56,6.37570890133503,1,2,5,5,1
1,372.17,4,1,55,1,83,2,2,41.88,1488.68,11.2529220517505,2,2,2,0,0
4,210.08,5,0,42,0,10,3,0,21.16,1050.4,10.0723533891851,1,2,10,2,0
2,296.37,2,1,26,1,98,3,1,42.59,592.74,14.3705503256065,1,1,11,6,1
3,313,3,1,33,0,43,2,2,13.04,939,4.16613418530351,1,1,10,3,0
2,353.36,5,1,34,0,61,1,0,45.29,1766.8,12.8169572107766,2,1,9,3,0
3,177.36,2,0,61,1,93,0,1,9.64,354.72,5.43527289129454,1,3,6,3,0
1,194.93,5,0,22,0,17,2,2,24.76,974.65,12.7019955881599,1,0,11,3,0
4,16.59,1,0,52,1,90,3,2,29.74,16.59,179.264617239301,0,2,5,1,0
3,498.01,3,0,69,1,19,1,2,8.02,1494.03,1.61040942952953,2,3,4,6,1
0,477.59,2,1,34,1,95,1,0,38.71,955.18,8.10527858623506,2,1,5,4,0
4,247.36,3,0,24,0,99,1,0,7.26,742.08,2.9349935316947,1,0,3,5,1
0,395.87,4,1,49,0,90,2,2,23.75,1583.48,5.9994442620052,2,2,11,5,1
0,24.38,1,0,44,1,49,0,2,29.26,24.38,120.016406890894,0,2,1,6,1
1,442.18,1,1,66,0,28,1,2,44.67,442.18,10.1022208150527,2,3,1,6,1
1,116.68,3,0,70,0,4,3,0,29.41,350.04,25.2056907781968,0,3,4,1,0
1,112.26,2,0,51,1,1,1,2,31.91,224.52,28.4250846249777,0,2,4,3,0
4,344.34,1,1,27,0,49,2,0,34.63,344.34,10.0569204855666,2,1,2,3,0
4,332.78,3,1,37,0,71,2,2,26.37,998.34,7.92415409579903,1,1,8,6,1
4,323.98,5,1,65,0,37,0,2,3.58,1619.9,1.1050064818816,1,3,8,2,0
1,64.56,1,0,48,1,61,1,1,9.04,64.56,14.002478314746,0,2,6,5,1
2,451.29,5,1,30,1,3,1,2,5.87,2256.45,1.30071572602983,2,1,2,1,0
1,24.07,4,0,61,1,33,2,1,0.03,96.28,0.124636476942252,0,3,7,0,0
2,179.71,5,1,40,0,6,1,1,37.92,898.55,21.1006621779534,1,1,6,5,1
1,178.53,5,1,60,0,69,2,2,41.81,892.65,23.419033215706,1,2,5,3,0
1,289.14,2,0,39,1,99,1,1,15.97,578.28,5.52327592169883,1,1,2,3,0
2,148.6,2,0,37,1,7,0,1,37.75,297.2,25.4037685060565,0,1,1,4,0
3,217.99,1,0,48,1,76,1,0,22.09,217.99,10.133492362035,1,2,8,1,0
2,268.36,3,1,25,1,44,2,2,32.52,805.08,12.1180503800865,1,0,11,3,0
2,426.66,1,0,37,0,84,3,2,18.4,426.66,4.31256738386537,2,1,12,0,0
2,386.76,4,1,67,0,20,0,0,47.34,1547.04,12.2401489295687,2,3,12,1,0
3,274.59,1,0,31,1,64,0,0,22.76,274.59,8.28872136640082,1,1,7,4,0
0,120.4,1,0,69,1,77,2,0,46.96,120.4,39.0033222591362,0,3,6,0,0
3,79.03,2,0,64,1,77,1,0,25.38,158.06,32.1143869416677,0,3,1,1,0
4,363.57,2,0,64,0,31,3,1,28.14,727.14,7.73991253403746,2,3,1,5,1
1,31.45,3,0,38,1,1,3,0,20.31,94.35,64.5786963434022,0,1,5,2,0
1,332.77,5,1,58,0,70,3,0,20.96,1663.85,6.29864470955916,1,2,4,1,0
3,14.7,5,0,61,1,34,2,2,48.99,73.5,333.265306122449,0,3,11,6,1
2,392.12,4,1,22,1,39,3,1,44.55,1568.48,11.3613179638886,2,0,3,5,1
1,216.99,2,0,54,1,91,0,0,27.23,433.98,12.5489653901101,1,2,9,0,0
1,119.21,3,0,48,0,21,1,2,3.44,357.63,2.88566395436624,0,2,9,4,0
0,9.23,5,0,31,0,92,1,2,30.97,46.15,335.536294691224,0,1,3,5,1
2,412.34,4,1,37,1,81,1,0,42.35,1649.36,10.2706504341078,2,1,9,1,0
2,245.98,1,1,63,0,21,3,0,46.86,245.98,19.0503292950646,1,3,3,2,0
3,57.82,3,0,48,1,22,0,2,30.5,173.46,52.7499135247319,0,2,5,1,0
0,50.92,3,0,26,1,66,3,0,13.41,152.76,26.3354281225452,0,1,4,0,0
2,96.93,2,0,35,1,92,3,0,10.48,193.86,10.8119261322604,0,1,7,2,0
2,106.7,3,1,23,1,66,2,0,44.02,320.1,41.2558575445173,0,0,2,4,0
0,308.22,1,1,58,0,54,0,2,35.2,308.22,11.4204139900071,1,2,4,4,0
1,460.36,1,0,21,1,81,1,1,15.86,460.36,3.44512989834043,2,0,8,3,0
2,233.97,3,1,54,0,52,0,2,38.82,701.91,16.5918707526606,1,2,1,6,1
3,277.69,5,1,25,0,20,3,0,41.84,1388.45,15.0671612229465,1,0,11,1,0
1,430.66,2,1,53,0,85,3,0,42.73,861.32,9.92198021641202,2,2,4,0,0
2,343.19,2,0,39,1,83,3,1,17.41,686.38,5.07299163728547,2,1,6,2,0
3,486.82,3,1,27,1,88,3,1,49.31,1460.46,10.1290004519124,2,1,6,1,0
4,124.81,2,0,44,0,26,3,0,3.34,249.62,2.67606762278664,0,2,9,2,0
1,255.24,4,0,40,0,9,3,0,21.05,1020.96,8.24713994671682,1,1,1,1,0
2,395.93,4,1,25,0,78,2,0,47.27,1583.72,11.9389791124694,2,0,6,6,1
3,475.22,5,1,58,1,9,1,2,14.3,2376.1,3.00913261226379,2,2,7,0,0
4,282.4,4,0,66,1,67,2,2,4.91,1129.6,1.73866855524079,1,3,6,0,0
4,222.74,4,0,67,0,95,2,1,2.15,890.96,0.965250965250965,1,3,1,2,0
2,414.77,4,1,41,0,53,3,2,32.4,1659.08,7.81155821298551,2,2,10,3,0
4,493.93,4,1,57,0,6,1,1,34.2,1975.72,6.92405806490798,2,2,5,2,0
3,235.37,5,0,67,1,98,0,1,2.02,1176.85,0.858223223010579,1,3,4,6,1
0,94.82,2,0,50,0,26,2,0,48.04,189.64,50.6644167897068,0,2,6,2,0
3,338.45,1,1,30,0,21,3,2,29.92,338.45,8.84030137391047,2,1,8,3,0
1,209.82,2,0,62,1,27,1,2,8.59,419.64,4.09398532075112,1,3,2,1,0
2,72.71,5,0,54,1,1,1,0,28.17,363.55,38.7429514509696,0,2,11,2,0
1,451.01,4,1,43,0,73,0,0,20,1804.04,4.43449147469014,2,2,9,6,1
2,470.15,3,0,56,1,55,2,0,0.97,1410.45,0.206317132829948,2,2,2,2,0
2,161.65,1,0,45,0,53,2,0,11.4,161.65,7.05227343025054,0,2,11,6,1
4,362.3,4,0,51,1,75,1,1,0.57,1449.2,0.157328181065415,2,2,7,2,0
0,332.05,3,0,51,0,35,2,0,14.31,996.15,4.30959192892637,1,2,2,3,0
0,466.93,2,1,70,1,1,3,2,16.43,933.86,3.51872871736663,2,3,6,0,0
0,381.46,4,1,20,1,98,2,0,41.86,1525.84,10.9736276411681,2,0,10,1,0
2,142.6,1,0,41,0,46,3,0,7.97,142.6,5.5890603085554,0,2,2,5,1
3,90.5,2,0,49,0,67,0,0,43.08,181,47.6022099447514,0,2,3,2,0
0,248.15,3,0,53,0,37,1,0,13.36,744.45,5.38384041910135,1,2,11,2,0
1,298.89,3,1,44,1,6,3,2,38.6,896.67,12.9144501321557,1,2,6,1,0
3,63.11,3,0,41,0,87,1,0,13.05,189.33,20.67818095389,0,2,7,1,0
0,337.37,2,1,20,1,52,0,1,41.74,674.74,12.3721729851498,2,0,3,0,0
4,86.64,2,0,48,0,57,2,2,29.43,173.28,33.9681440443213,0,2,4,5,1
1,491.35,4,1,44,0,37,2,2,20.22,1965.4,4.11519283606391,2,2,3,6,1
4,154.47,5,1,65,1,65,1,1,47.27,772.35,30.6014112772707,0,3,10,0,0
3,484.12,4,1,57,0,91,1,1,2.23,1936.48,0.460629595967942,2,2,8,0,0
0,412.74,1,1,33,0,59,1,0,30.49,412.74,7.38721713427339,2,1,12,3,0
0,228.23,4,0,42,1,41,2,2,5.16,912.92,2.26087718529554,1,2,11,3,0
1,401.4,1,0,50,0,21,1,1,6.35,401.4,1.58196312904833,2,2,9,4,0
0,478.29,5,1,54,0,69,3,1,1.57,2391.45,0.328252733697129,2,2,3,5,1
2,63.62,5,0,32,1,26,0,1,27.7,318.1,43.539767368752,0,1,12,2,0
3,360.42,2,1,44,0,31,0,2,39.79,720.84,11.0398978968981,2,2,5,0,0
2,95.28,4,0,66,0,85,3,1,37.58,381.12,39.4416456759026,0,3,11,3,0
3,452.19,4,1,52,0,5,0,2,43.06,1808.76,9.52254583250404,2,2,5,5,1
1,175.64,2,0,35,1,84,3,0,21.4,351.28,12.1840127533591,1,1,11,1,0
0,173.72,3,0,57,0,14,3,0,15.62,521.16,8.99148054340318,1,2,11,5,1
4,295.04,2,1,45,0,94,3,2,41.36,590.08,14.0184381778742,1,2,11,0,0
3,308.3,3,0,37,0,39,3,0,5.07,924.9,1.64450210833604,1,1,6,3,0
0,496.74,3,1,32,1,13,0,1,45.06,1490.22,9.07114385795386,2,1,7,6,1
3,279.92,5,0,32,1,33,0,2,11.13,1399.6,3.97613603886825,1,1,12,3,0
2,296.82,4,0,55,0,6,3,1,18.97,1187.28,6.39107876827707,1,2,12,5,1
0,158.87,2,0,20,0,15,0,2,41.92,317.74,26.3863536224586,0,0,9,4,0
3,190.85,1,0,62,1,80,1,1,3.63,190.85,1.90201729106628,1,3,4,6,1
4,83.99,2,0,47,0,3,2,2,16.07,167.98,19.133230146446,0,2,2,6,1
3,445.72,1,1,31,1,97,1,0,15.18,445.72,3.40572556762093,2,1,9,6,1
2,466.52,5,1,59,1,26,2,2,3.12,2332.6,0.668781617079654,2,2,9,1,0
0,212.58,1,0,36,0,34,2,1,30.28,212.58,14.2440492990874,1,1,8,3,0
3,439.76,3,1,19,1,85,0,1,13.2,1319.28,3.00163725668547,2,0,1,5,1
3,361.59,2,1,33,0,91,2,0,33.82,723.18,9.35313476589508,2,1,8,4,0
4,388.89,1,0,49,1,21,3,0,3.49,388.89,0.897426007354265,2,2,11,3,0
0,252.73,3,0,63,1,68,3,1,15.19,758.19,6.01036679460294,1,3,1,6,1
4,448.53,5,1,47,1,29,0,0,23.75,2242.65,5.29507502285243,2,2,8,1,0
4,352.18,1,0,36,1,20,1,1,16.65,352.18,4.72769606451247,2,1,7,1,0
4,203.54,2,0,48,0,73,2,2,30.51,407.08,14.9896826176673,1,2,2,3,0
4,297.96,1,0,44,0,50,3,0,3,297.96,1.00684655658478,1,2,12,1,0
2,334.51,3,1,52,1,12,3,0,31.7,1003.53,9.47654778631431,1,2,5,5,1
0,8.01,5,0,21,0,42,1,0,28.09,40.05,350.686641697878,0,0,1,2,0
0,217.66,4,1,38,1,47,2,1,47.37,870.64,21.7633005605072,1,1,8,1,0
4,306.95,2,0,20,1,76,0,2,11.12,613.9,3.62273985991204,1,0,11,2,0
2,10.23,1,0,30,0,83,0,0,20.76,10.23,202.932551319648,0,1,3,2,0
3,333.24,5,1,60,0,83,3,0,46.7,1666.2,14.0139238986916,1,2,6,1,0
2,272.92,5,0,45,1,34,1,0,4.03,1364.6,1.47662318628169,1,2,9,1,0
2,123.97,5,0,43,0,2,2,0,27.96,619.85,22.5538436718561,0,2,6,6,1
0,230.19,1,0,53,0,82,0,1,29.14,230.19,12.6591076936444,1,2,7,3,0
3,129.66,3,1,62,1,45,1,0,39.52,388.98,30.4797161807805,0,3,2,5,1
0,310.41,5,1,42,0,96,0,1,29.95,1552.05,9.64852936438903,1,2,8,3,0
3,255.11,5,1,29,0,90,3,2,29.06,1275.55,11.3911645956646,1,1,11,0,0
4,247.67,1,0,20,1,5,1,2,6.68,247.67,2.69713731982073,1,0,3,5,1
4,83.89,2,0,35,1,56,0,1,4.7,167.78,5.60257480033377,0,1,5,3,0
1,223.39,5,1,21,0,11,1,0,39.52,1116.95,17.6910336183357,1,0,9,3,0
4,56.51,3,0,34,1,5,3,1,29.79,169.53,52.71633339232,0,1,4,0,0
1,412.17,4,1,64,1,41,0,0,25.05,1648.68,6.07758934420264,2,3,1,5,1
3,209.86,3,0,65,0,96,1,0,34.17,629.58,16.2822834270466,1,3,10,4,0
2,383.48,3,1,30,0,27,1,0,40.01,1150.44,10.4333993950141,2,1,2,5,1
2,456.92,2,1,22,0,27,1,1,34.1,913.84,7.46301321894424,2,0,9,4,0
3,401.61,5,1,70,0,45,3,1,1.33,2008.05,0.331167052613232,2,3,4,2,0
2,276.42,2,0,27,1,7,3,2,17.6,552.84,6.36712249475436,1,1,8,2,0
3,387.93,1,1,21,0,13,3,1,39.7,387.93,10.2338050679246,2,0,8,1,0
3,408.55,4,1,52,1,20,0,1,15.58,1634.2,3.81348672133154,2,2,3,2,0
4,53.91,5,0,65,1,34,0,0,4.34,269.55,8.05045446113894,0,3,2,3,0
1,215.76,2,0,43,0,69,1,0,11.29,431.52,5.23266592510197,1,2,3,3,0
3,197.66,3,0,19,1,20,3,1,18.54,592.98,9.37974299301832,1,0,1,0,0
3,457.42,1,0,35,0,2,1,1,18.76,457.42,4.10126360893708,2,1,4,0,0
1,475.93,4,1,22,1,5,0,0,41.9,1903.72,8.80381568718089,2,0,1,6,1
2,173.58,4,1,44,0,61,2,2,41.92,694.32,24.1502477243922,1,2,1,4,0
0,93.05,4,0,39,0,91,2,0,9.38,372.2,10.0806018269748,0,1,7,2,0
1,410.29,1,0,62,1,71,2,2,14.63,410.29,3.56577055253601,2,3,7,6,1
2,295.76,3,1,54,1,34,0,1,30.94,887.28,10.4611847443873,1,2,10,0,0
2,86.88,5,0,70,1,65,2,0,10.5,434.4,12.085635359116,0,3,7,3,0
3,109.61,1,0,20,1,64,0,2,4.42,109.61,4.03247878843171,0,0,11,6,1
0,343.75,4,1,29,0,1,0,2,48.89,1375,14.2225454545455,2,1,3,3,0
2,232.47,2,1,70,1,24,0,0,48.4,464.94,20.8198907385899,1,3,11,3,0
3,34.07,3,0,44,0,15,0,0,47.08,102.21,138.18608746698,0,2,12,2,0
0,165.49,5,0,66,0,76,3,1,21.04,827.45,12.7137591395251,0,3,5,6,1
0,442.18,4,1,62,1,38,2,2,36.21,1768.72,8.18897281650007,2,3,6,2,0
0,405.83,1,1,26,1,50,3,2,31.88,405.83,7.85550600004928,2,1,10,3,0
3,398.79,1,0,36,0,69,2,2,12.37,398.79,3.10188319666993,2,1,10,6,1
4,342.91,4,1,39,1,43,3,1,38.4,1371.64,11.1982735994868,2,1,4,5,1
4,162.83,1,0,57,1,21,3,2,16.82,162.83,10.3297918074065,0,2,6,4,0
2,10.68,3,0,43,1,1,1,1,3.56,32.04,33.3333333333333,0,2,9,0,0
4,65.49,3,0,18,0,83,3,1,20.19,196.47,30.8291342189647,0,0,6,6,1
0,189.73,2,0,70,0,37,2,1,21.76,379.46,11.4689295314394,1,3,12,0,0
1,383.05,4,0,61,1,27,2,2,3.94,1532.2,1.02858634642997,2,3,9,2,0
0,35,3,0,58,0,97,3,0,49.7,105,142,0,2,8,2,0
0,125.72,2,0,63,1,4,1,1,5.62,251.44,4.47025135221126,0,3,10,6,1
0,30.61,4,0,69,1,94,1,1,46.87,122.44,153.119895459,0,3,1,2,0
0,115.93,2,0,37,1,37,1,1,35.97,231.86,31.027344086949,0,1,7,3,0
4,374.44,2,0,56,0,42,1,2,8.5,748.88,2.27005661788271,2,2,12,4,0
0,193.89,4,1,39,1,22,3,1,48.13,775.56,24.8233534478313,1,1,1,0,0
4,288.18,5,1,54,1,69,0,1,39.84,1440.9,13.8246929002707,1,2,6,2,0
4,386.55,5,1,60,1,97,1,2,42.09,1932.75,10.8886301901436,2,2,2,5,1
2,228.53,5,1,38,0,78,3,0,16.33,1142.65,7.14567015271518,1,1,5,5,1
1,493.13,3,0,50,0,2,0,1,7.47,1479.39,1.51481353801229,2,2,4,1,0
4,175.27,4,0,40,1,67,0,1,15.59,701.08,8.89484794887887,1,1,5,5,1
2,108.5,3,0,41,1,70,1,2,7.48,325.5,6.89400921658986,0,2,10,3,0
0,160.48,1,0,59,0,36,2,0,1.12,160.48,0.697906281156531,0,2,5,2,0
1,413.43,2,1,68,1,41,1,1,44.74,826.86,10.8216626756646,2,3,4,4,0
3,309.03,5,1,41,0,38,2,1,35.83,1545.15,11.5943435912371,1,2,2,2,0
0,470.42,2,1,41,0,61,3,2,37.13,940.84,7.89294672845542,2,2,1,3,0
3,294.61,3,1,43,1,49,0,0,37.15,883.83,12.609891042395,1,2,3,4,0
4,382.36,2,0,29,1,87,2,2,0.77,764.72,0.201380897583429,2,1,6,2,0
4,477.1,5,1,42,0,22,0,0,1.75,2385.5,0.366799413120939,2,2,5,0,0
1,217.45,1,0,61,0,25,2,1,1.82,217.45,0.836974017015406,1,3,4,3,0
1,231.89,4,0,23,0,68,0,0,19.85,927.56,8.56009314761309,1,0,12,0,0
1,181.89,5,1,66,0,24,1,2,40.14,909.45,22.0682830282039,1,3,6,2,0
0,57.6,1,0,18,1,3,0,1,18.42,57.6,31.9791666666667,0,0,7,3,0
4,383.27,3,0,49,1,2,2,1,13.76,1149.81,3.59015837399223,2,2,9,6,1
2,302.42,1,0,63,1,38,2,2,7.55,302.42,2.49652800740692,1,3,10,1,0
2,73.71,3,0,52,0,98,2,0,4.35,221.13,5.9015059015059,0,2,11,4,0
1,331.31,4,1,61,0,25,0,0,21.15,1325.24,6.38374935860674,1,3,5,5,1
0,64.26,1,0,28,1,80,0,2,45.08,64.26,70.1525054466231,0,1,6,6,1
0,444.42,2,0,29,1,98,1,1,12.52,888.84,2.81715494352189,2,1,2,0,0
2,251.61,5,1,52,0,36,2,2,17.74,1258.05,7.05059417352251,1,2,4,1,0
3,404.14,5,1,50,1,95,3,0,31.5,2020.7,7.79432869797595,2,2,4,1,0
2,41.67,5,0,63,0,7,2,1,3.8,208.35,9.11927045836333,0,3,6,2,0
0,449.43,2,1,29,0,97,1,1,19.03,898.86,4.23425227510402,2,1,11,3,0
3,165.79,2,0,26,1,61,0,2,26.41,331.58,15.9297906990772,0,1,11,4,0
2,348.39,2,0,28,0,75,1,2,1.79,696.78,0.513792014696174,2,1,7,0,0
4,414.28,1,1,66,0,64,2,2,30.5,414.28,7.36217051269673,2,3,8,3,0
1,195.17,4,0,34,0,88,0,0,28.85,780.68,14.7819849362095,1,1,10,4,0
2,190.27,5,0,49,1,26,2,2,4.81,951.35,2.52798654543543,1,2,2,2,0
4,187.91,4,1,54,0,83,0,1,47.1,751.64,25.0651907828216,1,2,4,4,0
2,12.75,4,0,44,1,21,2,0,41.32,51,324.078431372549,0,2,12,0,0
0,168.5,4,0,54,0,90,2,0,14.64,674,8.68842729970327,0,2,2,5,1
3,379.3,2,0,30,1,11,0,2,17.67,758.6,4.65858159767994,2,1,5,5,1
3,318.7,3,1,59,1,51,1,0,23.2,956.1,7.27957326639473,1,2,2,0,0
0,312.14,3,0,57,0,16,0,1,22.7,936.42,7.27237777920164,1,2,3,0,0
0,253.96,2,1,18,0,87,1,0,47.88,507.92,18.8533627342889,1,0,12,3,0
0,158.46,3,0,50,0,33,0,1,39.19,475.38,24.7317935125584,0,2,1,4,0
1,409.67,3,1,43,0,76,1,0,12.5,1229.01,3.05123636097347,2,2,12,5,1
0,456.8,1,1,23,1,71,0,0,36.99,456.8,8.0976357267951,2,0,12,1,0
3,406.02,3,1,55,1,22,2,2,42.79,1218.06,10.5388897098665,2,2,9,6,1
3,6.19,1,0,44,0,66,2,2,48.86,6.19,789.337641357028,0,2,12,0,0
2,79.81,1,0,27,1,92,0,2,11.3,79.81,14.158626738504,0,1,6,4,0
0,50.01,3,0,57,1,48,3,0,49.43,150.03,98.8402319536093,0,2,4,5,1
0,427.84,5,0,23,1,93,0,1,1.7,2139.2,0.397344801795064,2,0,9,3,0
4,122.12,4,0,66,1,11,3,1,34.82,488.48,28.5129380936784,0,3,8,6,1
4,163.18,4,1,58,0,66,1,2,41.4,652.72,25.370756220125,0,2,8,6,1
0,271.39,3,0,49,0,48,1,1,18.34,814.17,6.75780242455507,1,2,2,0,0
1,291.73,4,1,39,0,79,2,1,13.35,1166.92,4.57614917903541,1,1,6,1,0
3,106.87,5,0,49,0,23,2,1,20.69,534.35,19.3599700570787,0,2,7,0,0
4,313.59,3,0,49,1,84,2,0,1.65,940.77,0.526164737395963,1,2,7,1,0
1,47.38,4,0,42,0,64,1,2,29.81,189.52,62.916842549599,0,2,2,1,0
0,385.89,4,0,42,1,51,3,2,8.03,1543.56,2.08090388452668,2,2,10,1,0
1,388.64,2,1,26,0,92,3,2,28.07,777.28,7.22262247838617,2,1,1,6,1
4,186.83,4,0,56,0,51,0,0,0.85,747.32,0.454959053685168,1,2,5,3,0
2,241.9,2,0,28,0,66,3,1,3.84,483.8,1.58743282348078,1,1,10,3,0
2,253.41,2,0,24,1,77,2,2,3.52,506.82,1.38905331281323,1,0,12,2,0
3,358.24,1,0,50,0,32,3,2,3.05,358.24,0.851384546672622,2,2,1,6,1
2,112.44,2,0,31,1,55,3,1,36.5,224.88,32.4617573817147,0,1,9,6,1
0,112.41,1,0,55,1,91,1,2,9.76,112.41,8.682501556801,0,2,12,2,0
1,169.39,1,0,60,0,55,1,0,11.03,169.39,6.51160044866875,0,2,4,4,0
0,217.61,2,1,54,0,23,3,0,44.43,435.22,20.4172602362024,1,2,4,6,1
1,60.32,1,0,55,0,73,3,1,24.6,60.32,40.7824933687003,0,2,8,4,0
3,288.02,2,1,46,0,72,2,1,43.52,576.04,15.1100618012638,1,2,7,1,0
2,6.08,1,0,67,1,98,1,1,8.34,6.08,137.171052631579,0,3,7,1,0
4,394.77,5,1,37,1,74,3,0,11.66,1973.85,2.9536185627074,2,1,2,5,1
2,316.57,4,1,59,1,34,3,2,13.02,1266.28,4.11283444419876,1,2,11,1,0
3,343.53,3,0,32,1,48,0,0,8.74,1030.59,2.54417372572992,2,1,8,3,0
1,385.3,4,1,65,0,7,1,0,36.52,1541.2,9.47832857513626,2,3,10,1,0
2,98.22,3,0,31,1,43,2,2,9.35,294.66,9.51944614131542,0,1,5,5,1
3,218.17,4,0,40,1,84,1,0,20.38,872.68,9.34133932254664,1,1,7,3,0
3,8.35,4,0,21,1,25,3,2,9.9,33.4,118.562874251497,0,0,12,4,0
0,321.72,1,0,60,1,87,2,0,6.21,321.72,1.93024990675121,1,2,4,4,0
1,377.75,1,0,70,0,37,2,2,5.47,377.75,1.44804765056254,2,3,7,6,1
2,51.4,5,0,52,0,50,1,1,22.02,257,42.84046692607,0,2,12,4,0
2,403.46,1,0,19,0,51,0,0,1.39,403.46,0.34451990284043,2,0,6,4,0
0,302.38,5,1,34,1,55,2,2,40.68,1511.9,13.4532707189629,1,1,4,2,0
2,240.9,4,1,26,0,24,0,1,32.51,963.6,13.4952262349523,1,1,5,6,1
1,128.69,5,0,33,1,95,0,1,32.82,643.45,25.5031470976766,0,1,7,4,0
0,193.98,5,1,53,1,64,0,0,37.64,969.9,19.4040622744613,1,2,4,6,1
1,36.93,2,0,32,1,11,0,1,9.4,73.86,25.4535607906851,0,1,9,0,0
4,447.19,4,1,51,1,65,1,0,44.5,1788.76,9.95102752744918,2,2,5,2,0
4,325.06,1,1,53,1,60,2,1,44.96,325.06,13.8312926844275,1,2,4,3,0
4,337.23,5,1,20,1,25,0,2,8.28,1686.15,2.45529757139045,2,0,4,1,0
0,76.93,1,0,43,0,33,2,1,46.5,76.93,60.4445599896009,0,2,9,0,0
3,108.76,1,0,47,0,80,0,2,30.59,108.76,28.1261493196028,0,2,10,6,1
4,466.87,1,0,19,0,99,1,1,10.95,466.87,2.34540664424786,2,0,7,2,0
4,450.81,1,1,63,1,99,3,0,30.51,450.81,6.76781792773009,2,3,6,0,0
2,173.26,3,1,55,1,76,3,1,44.79,519.78,25.8513217130324,1,2,7,2,0
1,174.43,2,1,68,0,93,0,2,41.15,348.86,23.5911253798085,1,3,10,4,0
0,437.97,4,1,59,0,11,1,1,49.26,1751.88,11.2473457086102,2,2,1,6,1
1,57.2,1,0,70,0,13,2,1,25.91,57.2,45.2972027972028,0,3,8,2,0
3,100.54,2,0,70,0,78,3,2,30.23,201.08,30.06763477223,0,3,3,0,0
0,250.3,5,1,44,0,12,2,1,19.39,1251.5,7.7467039552537,1,2,7,2,0
3,124.44,2,0,58,1,18,2,1,29.77,248.88,23.9231758277081,0,2,9,6,1
3,105.57,4,1,63,0,60,2,1,40.14,422.28,38.0221653878943,0,3,3,6,1
1,298.38,1,1,36,0,34,2,2,49.31,298.38,16.525906562102,1,1,5,6,1
3,343.15,4,1,40,1,8,2,0,17.7,1372.6,5.15809412793239,2,1,5,3,0
4,63.93,4,0,66,0,21,2,0,41.66,255.72,65.1650242452683,0,3,12,3,0
2,73.43,3,0,21,0,91,2,2,36.37,220.29,49.5301647827863,0,0,2,2,0
1,363.53,5,1,32,1,53,1,1,47.62,1817.65,13.0993315544797,2,1,6,4,0
4,469.44,5,1,54,1,41,3,2,13.26,2347.2,2.82464212678937,2,2,6,0,0
4,400.02,5,0,54,1,52,1,2,8.15,2000.1,2.0373981300935,2,2,3,6,1
3,455.77,1,1,27,1,76,0,2,38.42,455.77,8.42969041402462,2,1,7,3,0
3,19.1,1,0,28,1,63,1,0,39.2,19.1,205.235602094241,0,1,4,6,1
1,181.65,1,0,30,1,90,0,2,0.76,181.65,0.418387007982384,1,1,10,6,1
2,411.99,3,1,56,0,72,1,2,38.73,1235.97,9.40071360955363,2,2,5,4,0
2,452.64,1,1,47,0,92,2,1,18.44,452.64,4.07387769529869,2,2,5,5,1
4,376.02,4,1,61,0,70,3,0,23.73,1504.08,6.31083453007819,2,3,9,3,0
2,122.27,5,0,59,1,97,3,1,5.22,611.35,4.26924020610125,0,2,9,1,0
1,357.47,3,1,50,0,21,2,0,22.36,1072.41,6.25507035555431,2,2,5,0,0
1,220.83,3,0,26,0,19,1,0,26.77,662.49,12.1224471312775,1,1,11,4,0
4,414.44,5,1,46,0,56,2,2,23.16,2072.2,5.58826368111186,2,2,3,4,0
3,162.33,2,0,50,1,78,0,2,30.78,324.66,18.9613749768989,0,2,4,4,0
2,454.15,1,1,19,0,96,0,2,28.35,454.15,6.24243091489596,2,0,5,4,0
3,132.62,5,1,38,1,67,2,1,31.92,663.1,24.0687679083095,0,1,3,4,0
1,82.08,3,0,48,1,76,1,2,26.88,246.24,32.7485380116959,0,2,10,3,0
2,241.08,3,0,36,1,5,2,1,2.88,723.24,1.19462419113987,1,1,6,4,0
0,103.83,3,0,28,0,11,1,1,8.5,311.49,8.18645863430608,0,1,5,3,0
4,238.44,2,0,18,0,54,0,2,22.39,476.88,9.39020298607616,1,0,5,0,0
4,220.38,5,0,43,1,86,1,1,25.96,1101.9,11.7796533260732,1,2,8,2,0
3,358.56,1,0,68,1,22,2,1,11.44,358.56,3.19053993752789,2,3,4,3,0
4,54.62,1,0,20,0,52,0,0,21.32,54.62,39.033321127792,0,0,5,5,1
3,201.27,5,1,59,1,16,3,1,37.35,1006.35,18.5571620211656,1,2,11,6,1
1,376,4,0,45,0,4,2,1,2.69,1504,0.715425531914894,2,2,5,5,1
4,406.91,4,1,52,0,39,3,0,30.28,1627.64,7.4414489690595,2,2,4,4,0
0,155.5,4,0,44,0,39,3,2,16.49,622,10.604501607717,0,2,9,0,0
2,457.32,4,1,22,0,29,3,1,39.78,1829.28,8.69850432957229,2,0,5,1,0
0,231.31,3,1,40,0,95,1,0,39.33,693.93,17.0031559379188,1,1,10,1,0
0,367.11,3,1,26,0,14,2,0,39.31,1101.33,10.7079621911689,2,1,11,3,0
3,85.16,4,0,26,1,76,3,1,23.08,340.64,27.1019257867543,0,1,9,4,0
2,317.46,1,1,50,1,29,2,2,36.28,317.46,11.4282114282114,1,2,1,5,1
0,238.14,5,0,41,1,50,3,1,1.82,1190.7,0.764256319811876,1,2,6,4,0
0,243.01,5,0,50,1,98,0,2,17.14,1215.05,7.05320768692647,1,2,4,3,0
0,170.38,4,0,22,0,73,2,2,27.14,681.52,15.9290996595845,0,0,11,3,0
4,436.98,5,1,34,0,53,0,0,34.72,2184.9,7.94544372740171,2,1,2,2,0
2,465.2,4,1,67,0,96,0,0,42.88,1860.8,9.21754084264832,2,3,7,0,0
0,148.82,3,0,50,1,61,1,0,14.2,446.46,9.54172826233033,0,2,3,2,0
0,69.18,5,0,28,1,39,1,0,40.71,345.9,58.846487424111,0,1,2,2,0
1,121.07,5,0,25,0,69,0,2,20.61,605.35,17.023209713389,0,0,6,6,1
0,96.04,4,1,54,1,14,1,1,45.49,384.16,47.3656809662641,0,2,4,1,0
1,403.85,1,0,63,1,84,2,1,13.86,403.85,3.431967314597,2,3,5,5,1
2,10.58,2,0,52,0,38,1,1,46.21,21.16,436.767485822306,0,2,10,0,0
2,27.5,4,0,61,0,44,2,2,2.22,110,8.07272727272727,0,3,5,2,0
1,38.35,3,0,69,0,33,3,1,2.93,115.05,7.64015645371578,0,3,3,5,1
1,241.52,1,0,39,0,32,2,2,20.68,241.52,8.56243789334217,1,1,10,3,0
3,234.33,4,1,38,0,80,3,0,29.49,937.32,12.5848162847267,1,1,3,3,0
2,67.43,2,0,22,0,42,3,2,24.38,134.86,36.1560136437787,0,0,8,3,0
1,178.65,5,0,59,1,45,0,2,23.84,893.25,13.3445284075007,1,2,5,6,1
4,251.74,4,1,38,0,61,1,0,10.59,1006.96,4.20672122030667,1,1,6,1,0
3,82.01,4,0,22,0,57,3,1,5.31,328.04,6.47482014388489,0,0,2,3,0
1,10.32,1,0,58,1,67,0,0,36.89,10.32,357.461240310078,0,2,11,6,1
0,173.7,5,1,22,0,24,0,0,45.33,868.5,26.0967184801382,1,0,11,3,0
2,350.26,2,1,32,0,18,0,1,24.2,700.52,6.90915320047964,2,1,8,5,1
0,493.01,2,1,19,1,83,3,1,43.49,986.02,8.82132208271638,2,0,4,0,0
1,223.7,4,1,67,0,46,0,2,26.08,894.8,11.6584711667412,1,3,6,2,0
2,291.25,4,1,33,0,76,2,0,15.23,1165,5.22918454935622,1,1,6,4,0
0,322.52,1,0,22,1,31,1,0,18.12,322.52,5.61825623217165,1,0,12,2,0
2,33.26,1,0,37,0,42,0,1,15.21,33.26,45.7306073361395,0,1,12,5,1
4,406.57,5,1,41,0,45,0,1,23.45,2032.85,5.76776446860319,2,2,10,6,1
3,387.72,5,1,36,0,75,3,0,0.04,1938.6,0.0103167234086454,2,1,7,2,0
2,33,2,0,58,1,3,1,1,0.02,66,0.0606060606060606,0,2,11,4,0
3,495,5,1,30,1,10,1,1,0.12,2475,0.0242424242424242,2,1,3,5,1
0,498.06,5,1,69,0,80,1,2,13.31,2490.3,2.67236879090873,2,3,1,5,1
0,226.76,5,0,37,1,92,2,2,16.91,1133.8,7.45722349620745,1,1,5,0,0
3,444.71,5,1,26,1,41,1,0,5.7,2223.55,1.28173416383711,2,1,8,5,1
4,351.61,1,0,70,1,38,1,0,15.83,351.61,4.50214726543614,2,3,10,5,1
1,367.43,1,1,49,0,1,3,2,48.05,367.43,13.07732085023,2,2,11,6,1
4,291.76,4,1,28,1,70,3,0,29.79,1167.04,10.2104469426926,1,1,12,1,0
1,143.7,1,0,47,0,5,1,0,43.52,143.7,30.285316631872,0,2,7,0,0
4,180.76,5,0,47,1,18,2,0,19.6,903.8,10.8431068820536,1,2,12,4,0
4,333.89,4,1,33,0,99,1,0,27.2,1335.56,8.14639551948246,1,1,1,1,0
0,437.54,2,1,42,1,4,0,1,26.82,875.08,6.12972528225991,2,2,10,2,0
4,463.19,4,1,40,0,87,3,0,1.55,1852.76,0.334635894557309,2,1,12,2,0
1,47.43,3,0,27,0,50,0,2,39.99,142.29,84.3137254901961,0,1,12,3,0
1,215.31,3,1,35,0,57,3,2,41.07,645.93,19.074822349171,1,1,7,6,1
4,298.38,2,0,47,1,23,3,0,1.49,596.76,0.499363228098398,1,2,11,2,0
3,498.03,1,1,54,0,35,3,1,42.31,498.03,8.49547216031163,2,2,1,3,0
4,408.1,4,1,47,0,76,2,0,16.81,1632.4,4.1190884587111,2,2,1,2,0
3,246.85,4,1,38,1,22,2,1,19.11,987.4,7.74154344743772,1,1,3,4,0
4,91.85,1,0,34,1,13,1,2,7.97,91.85,8.67719107240065,0,1,9,5,1
2,225.03,5,1,52,1,83,1,2,43.61,1125.15,19.3796382704528,1,2,8,1,0
3,122.2,4,0,34,0,95,0,1,5.87,488.8,4.80360065466449,0,1,1,5,1
2,159.18,2,0,19,1,73,1,1,14.37,318.36,9.02751601960045,0,0,11,2,0
0,114.76,5,1,53,0,59,3,2,46.14,573.8,40.205646566748,0,2,2,5,1
3,31.43,4,0,25,0,27,3,1,5.63,125.72,17.912822144448,0,0,12,5,1
2,26.3,3,0,35,1,41,0,0,45.21,78.9,171.901140684411,0,1,2,0,0
1,154.42,2,0,26,0,3,3,2,31.83,308.84,20.6126149462505,0,1,4,0,0
1,494.08,5,1,40,0,6,0,1,8.65,2470.4,1.75072862694301,2,1,10,5,1
3,403.41,2,0,69,1,35,2,2,28.57,806.82,7.08212488535237,2,3,10,5,1
4,291.04,4,0,38,1,66,2,2,18.67,1164.16,6.41492578339747,1,1,12,0,0
0,365.39,3,0,34,1,88,1,1,4.1,1096.17,1.1220887271135,2,1,1,1,0
0,250.72,4,1,50,1,62,1,0,44.16,1002.88,17.613273771538,1,2,2,4,0
0,326.55,1,0,58,1,69,3,1,17.18,326.55,5.26106262440668,1,2,1,0,0
1,381.42,2,1,59,1,95,2,2,14.4,762.84,3.77536573855592,2,2,2,1,0
4,145.73,4,1,22,1,71,1,2,41.4,582.92,28.4087010224388,0,0,11,2,0
4,270.6,5,1,64,1,95,0,2,16.09,1353,5.9460458240946,1,3,2,1,0
3,303.91,5,1,59,1,58,3,1,38.5,1519.55,12.6682241453062,1,2,1,2,0
3,282.87,1,0,66,0,35,3,2,24.14,282.87,8.53395552727401,1,3,4,5,1
4,76.53,3,0,39,1,19,1,0,43.38,229.59,56.6836534692278,0,1,6,4,0
4,298.11,5,0,55,0,54,2,0,3.07,1490.55,1.02982120693704,1,2,11,4,0
0,332.16,5,1,40,0,17,3,2,41.48,1660.8,12.48795761079,1,1,10,5,1
0,422.1,4,1,70,0,1,2,1,22.22,1688.4,5.26415541340914,2,3,6,6,1
3,479.14,3,1,19,0,45,3,0,38.37,1437.42,8.00809784196686,2,0,2,3,0
2,483.36,1,0,37,0,30,1,0,15.53,483.36,3.21292618338299,2,1,3,3,0
4,132.7,2,0,43,1,24,2,1,25.07,265.4,18.8922381311228,0,2,3,4,0
1,345.09,1,1,35,1,55,3,1,47.41,345.09,13.738445043322,2,1,9,6,1
0,363.84,3,0,56,1,66,2,2,15.97,1091.52,4.38929199648197,2,2,11,6,1
0,239.33,5,0,50,1,93,3,0,9.02,1196.65,3.76885471942506,1,2,11,2,0
1,280.77,4,0,36,0,34,3,1,32.63,1123.08,11.6216119955836,1,1,5,1,0
1,491.12,3,1,21,1,51,2,0,46.86,1473.36,9.54145626323505,2,0,4,6,1
0,280.97,4,0,25,0,15,1,0,9,1123.88,3.20318895255721,1,0,6,4,0
0,86.01,1,0,51,1,1,0,0,35.71,86.01,41.518428089757,0,2,8,1,0
0,313.43,2,1,58,1,34,1,2,47.21,626.86,15.0623743738634,1,2,8,0,0
2,178.13,3,0,61,1,21,2,1,16.16,534.39,9.07202604839162,1,3,5,6,1
1,259.99,1,0,50,1,50,1,1,34.85,259.99,13.4043617062195,1,2,11,6,1
1,173.57,5,0,59,1,83,1,1,7.71,867.85,4.44201186841044,1,2,6,4,0
0,487.03,4,1,48,1,93,2,0,49.93,1948.12,10.2519351990637,2,2,9,3,0
0,203.01,3,0,29,1,96,2,2,14.87,609.03,7.32476232697897,1,1,12,2,0
2,124.93,3,0,48,0,49,2,0,43.27,374.79,34.6353958216601,0,2,7,1,0
1,190.22,5,0,27,0,50,3,1,23.01,951.1,12.0965198191568,1,1,6,4,0
0,374.26,2,0,65,1,38,0,0,25.64,748.52,6.85085234863464,2,3,7,2,0
1,443.8,4,1,35,1,3,0,1,45.91,1775.2,10.3447498873366,2,1,8,4,0
1,39.16,3,0,23,0,94,1,0,25.64,117.48,65.4749744637385,0,0,9,2,0
1,270.14,1,1,59,1,12,0,1,38.02,270.14,14.0741837565707,1,2,3,0,0
4,50.97,2,0,68,1,3,1,0,15.95,101.94,31.2929174023936,0,3,9,2,0
2,327.46,2,0,70,0,15,3,1,11.94,654.92,3.6462468698467,1,3,3,5,1
3,32.21,3,0,53,1,65,3,2,39.34,96.63,122.135982614095,0,2,11,0,0
3,209.87,2,0,30,1,71,0,0,33.82,419.74,16.1147376947634,1,1,3,2,0
2,372.4,4,1,24,1,47,3,0,37,1489.6,9.93555316863588,2,0,6,5,1
4,234.2,1,0,37,0,43,1,2,14.2,234.2,6.06319385140905,1,1,5,3,0
2,5.64,1,0,52,1,93,2,0,43.11,5.64,764.36170212766,0,2,7,1,0
2,406.64,4,1,33,0,56,3,0,8.27,1626.56,2.03373991737163,2,1,3,4,0
1,376.39,5,1,24,1,55,1,0,31.35,1881.95,8.32912670368501,2,0,12,4,0
0,326.77,2,0,56,1,88,3,0,29.91,653.54,9.15322704042599,1,2,5,2,0
3,207.24,3,0,52,1,23,2,2,16.22,621.72,7.82667438718394,1,2,1,0,0
2,301.17,2,0,64,1,98,0,2,12.43,602.34,4.12723710860976,1,3,3,0,0
1,377.53,5,1,68,0,12,2,1,18.38,1887.65,4.86848727253463,2,3,10,2,0
0,180.5,2,0,55,1,39,1,2,7.16,361,3.96675900277008,1,2,7,3,0
4,385.39,4,1,43,0,43,2,0,35.35,1541.56,9.17252653156543,2,2,11,5,1
1,220.34,2,1,64,1,31,3,2,46.51,440.68,21.1082871925207,1,3,11,3,0
1,211.3,1,0,57,0,40,3,2,32.73,211.3,15.4898248935163,1,2,5,3,0
0,255.11,3,0,32,1,40,3,0,23.06,765.33,9.03923797577516,1,1,2,2,0
2,402.83,2,1,57,1,88,0,2,44.98,805.66,11.1660005461361,2,2,8,4,0
4,497.39,2,1,65,1,26,3,2,25.75,994.78,5.17702406562255,2,3,12,1,0
1,223.76,1,0,59,0,22,3,2,12.32,223.76,5.50589917769038,1,2,3,0,0
1,225.98,2,0,47,1,85,3,1,10.19,451.96,4.50924860607133,1,2,11,3,0
2,204.91,3,0,69,0,46,2,0,23.18,614.73,11.3122834415109,1,3,6,5,1
2,194.48,5,0,70,1,81,3,1,32.61,972.4,16.7677910324969,1,3,3,6,1
1,312.68,3,1,55,0,60,0,1,43.57,938.04,13.9343738006908,1,2,2,0,0
1,84.36,1,0,60,1,22,2,1,38.22,84.36,45.3058321479374,0,2,5,4,0
1,484.84,1,1,18,1,93,1,2,27.05,484.84,5.57916013530237,2,0,1,2,0
3,191.13,4,1,22,1,29,1,2,42.56,764.52,22.267566577722,1,0,10,6,1
3,138.44,4,1,37,0,30,1,2,44.91,553.76,32.4400462294135,0,1,7,5,1
0,130.88,2,0,49,1,51,0,1,25.17,261.76,19.2313569682152,0,2,12,5,1
0,465.75,5,1,56,1,63,3,1,25.66,2328.75,5.50939345142244,2,2,12,1,0
2,392.42,5,1,57,1,93,0,0,31.89,1962.1,8.12649712043219,2,2,6,3,0
4,322.96,1,1,46,1,4,0,2,44.57,322.96,13.8004706465197,1,2,6,4,0
4,64.82,2,0,50,1,37,3,0,24.84,129.64,38.3215057081148,0,2,3,0,0
4,114.65,5,0,30,0,57,1,2,49.2,573.25,42.9132141299608,0,1,9,4,0
4,140.35,3,0,46,0,81,1,0,18.14,421.05,12.9248307801924,0,2,11,6,1
1,42.3,5,0,31,0,12,2,1,11.89,211.5,28.1087470449173,0,1,3,4,0
2,400.39,1,0,40,0,92,1,1,7.36,400.39,1.83820774744624,2,1,1,2,0
1,383.65,1,0,47,0,21,1,1,5.35,383.65,1.39450019549068,2,2,12,1,0
1,427.58,2,1,22,1,97,3,1,17.26,855.16,4.03667150007016,2,0,11,4,0
1,195.07,1,0,54,1,99,0,2,19.11,195.07,9.79648331368227,1,2,10,3,0
3,450.7,4,1,50,0,59,1,1,3.61,1802.8,0.80097625915243,2,2,1,4,0
3,68.09,5,0,59,1,32,0,0,14.62,340.45,21.4715817300632,0,2,3,3,0
4,288.15,4,0,48,1,60,0,1,10.62,1152.6,3.68558042686101,1,2,12,0,0
3,371.12,1,1,50,0,61,2,2,39.62,371.12,10.6757921965941,2,2,3,3,0
4,29.71,4,1,43,0,61,1,1,46.51,118.84,156.546617300572,0,2,9,3,0
3,359.49,3,1,29,1,92,2,2,35.46,1078.47,9.86397396311441,2,1,7,4,0
0,279.15,4,1,47,0,80,3,2,15.29,1116.6,5.47734193086154,1,2,11,4,0
2,18.1,2,0,39,0,29,0,0,15.61,36.2,86.2430939226519,0,1,7,5,1
2,103.9,1,0,21,0,54,0,0,19.02,103.9,18.3060635226179,0,0,7,0,0
4,103.37,3,0,59,0,82,0,1,26.15,310.11,25.2974750894844,0,2,3,3,0
3,61.25,1,0,49,0,65,3,0,16.95,61.25,27.6734693877551,0,2,7,0,0
0,170.12,5,0,25,0,61,1,2,4.12,850.6,2.42181989184105,0,0,12,3,0
0,478,3,1,23,0,38,1,2,18.46,1434,3.86192468619247,2,0,9,4,0
3,80.16,5,0,62,0,27,1,0,47.91,400.8,59.7679640718563,0,3,7,5,1
4,252.97,4,0,35,1,10,3,0,16.25,1011.88,6.42368660315453,1,1,1,4,0
2,483.13,1,1,62,0,80,0,1,22.99,483.13,4.75855359841037,2,3,3,6,1
3,275.92,5,0,67,1,19,0,1,8.88,1379.6,3.2183241519281,1,3,6,6,1
0,266.66,4,0,58,0,99,1,1,6.95,1066.64,2.60631515787895,1,2,9,1,0
2,12.37,1,0,43,1,11,1,1,5.74,12.37,46.4025869037995,0,2,7,0,0
0,67.16,1,0,63,0,92,3,0,5.71,67.16,8.50208457415128,0,3,7,3,0
2,283.62,4,1,47,0,8,1,2,34.13,1134.48,12.033707072844,1,2,2,2,0
2,156.38,4,0,48,1,13,0,1,11.33,625.52,7.24517201688195,0,2,11,3,0
3,8.47,4,0,54,1,80,0,2,15.9,33.88,187.721369539551,0,2,12,1,0
1,476.19,3,1,41,0,46,0,0,20.4,1428.57,4.28400428400428,2,2,11,6,1
1,464.42,5,1,31,0,44,1,1,18.05,2322.1,3.8865681925843,2,1,8,5,1
2,141.1,2,0,50,0,29,1,2,10.44,282.2,7.39900779588944,0,2,10,5,1
2,107.21,1,0,19,0,43,0,0,42.63,107.21,39.7630818020707,0,0,11,5,1
2,272.91,3,0,58,0,43,3,2,12.41,818.73,4.54728665127698,1,2,3,0,0
0,329.38,5,0,62,0,77,2,0,12.28,1646.9,3.72821664946263,1,3,7,5,1
2,243.93,4,1,19,0,97,3,0,36.8,975.72,15.0862952486369,1,0,11,2,0
4,352.59,3,1,31,0,13,3,0,46.01,1057.77,13.0491505714853,2,1,2,2,0
4,390.69,5,1,19,0,97,2,1,47.5,1953.45,12.1579769126417,2,0,6,1,0
3,43.17,5,0,33,1,29,1,0,23.58,215.85,54.6212647671994,0,1,12,5,1
3,281.96,5,1,67,0,31,3,0,30.97,1409.8,10.9838274932615,1,3,10,4,0
2,208.89,5,0,32,1,7,2,0,8.87,1044.45,4.24625400928718,1,1,6,2,0
4,83.97,2,0,34,1,71,3,0,41.89,167.94,49.8868643563177,0,1,8,5,1
3,215.75,4,0,22,0,75,2,0,10.6,863,4.91309385863268,1,0,6,4,0
1,337.82,2,1,29,1,38,0,0,37.97,675.64,11.2397134568705,2,1,7,2,0
2,402.59,5,1,50,1,25,1,1,16.05,2012.95,3.9866862068109,2,2,12,6,1
0,323.43,2,0,59,0,17,2,0,25.4,646.86,7.85332220264045,1,2,2,4,0
0,400.25,3,1,20,0,82,3,1,30.88,1200.75,7.71517801374141,2,0,4,1,0
1,40.49,2,0,42,0,10,0,0,39.73,80.98,98.1229933316868,0,2,4,3,0
2,295.18,3,1,39,0,74,1,2,27.51,885.54,9.31973710956027,1,1,8,2,0
0,316.96,4,0,44,0,59,2,0,13.12,1267.84,4.13932357395255,1,2,2,3,0
4,121.84,4,1,55,1,49,0,0,48.82,487.36,40.0689428759028,0,2,5,5,1
4,190.53,2,0,47,0,43,3,2,25.31,381.06,13.283997270771,1,2,11,1,0
1,354.94,4,1,37,0,47,3,2,44.72,1419.76,12.5993125598693,2,1,4,5,1
2,153.94,2,0,32,0,68,3,2,21.38,307.88,13.8885279979213,0,1,9,2,0
0,353.91,5,1,60,1,71,2,2,23.87,1769.55,6.74465259529259,2,2,4,1,0
0,222.82,4,0,55,1,70,2,2,26.6,891.28,11.9378870837447,1,2,2,6,1
2,191.24,5,0,25,0,66,1,2,10.69,956.2,5.58983476260197,1,0,10,6,1
1,470.4,3,1,28,0,7,2,1,8.2,1411.2,1.74319727891156,2,1,8,2,0
4,167.79,4,0,63,1,52,2,2,32.41,671.16,19.3158114309554,0,3,7,6,1
1,375.55,5,1,34,1,93,1,2,36.74,1877.75,9.78298495539875,2,1,5,1,0
1,252.92,2,1,56,0,34,0,1,43.52,505.84,17.2070219832358,1,2,12,5,1
1,348.47,2,1,30,0,42,3,1,21.24,696.94,6.09521623095245,2,1,1,1,0
1,358.87,3,1,58,1,43,1,1,36.69,1076.61,10.2237579067629,2,2,11,3,0
0,313.99,1,0,42,0,83,0,0,4.04,313.99,1.28666518041976,1,2,12,1,0
0,450.42,4,1,39,0,20,1,1,49.02,1801.68,10.8831757026775,2,1,6,1,0
1,147.78,4,0,41,0,46,2,1,14.54,591.12,9.83894979022872,0,2,1,5,1
3,155.42,5,1,59,0,34,3,1,27.17,777.1,17.481662591687,0,2,12,3,0
0,7.13,1,0,31,0,67,1,0,31.75,7.13,445.301542776999,0,1,3,1,0
1,393.12,2,1,24,1,94,2,2,41.81,786.24,10.6354293854294,2,0,12,4,0
2,150.64,1,0,63,1,28,3,0,15.95,150.64,10.5881571959639,0,3,10,0,0
0,370.45,5,1,25,1,51,1,2,9.26,1852.25,2.4996625725469,2,0,1,0,0
3,217.15,3,0,55,0,11,1,0,16.6,651.45,7.64448537877044,1,2,11,0,0
4,54.76,1,0,33,1,87,2,2,18.21,54.76,33.254200146092,0,1,10,3,0
3,352.05,4,1,40,1,86,3,1,33.99,1408.2,9.65487856838517,2,1,1,3,0
4,158.11,3,0,18,0,89,0,2,43.11,474.33,27.2658275883878,0,0,6,4,0
0,94.02,4,1,18,0,60,0,2,45.98,376.08,48.904488406722,0,0,5,0,0
3,158.89,4,0,32,0,67,1,2,21.94,635.56,13.8082950468878,0,1,11,2,0
1,172.37,3,0,18,0,60,1,1,23.93,517.11,13.8829262632709,1,0,3,5,1
3,338.47,4,1,23,1,29,3,0,40.45,1353.88,11.9508375926966,2,0,4,5,1
0,311.28,5,0,52,0,10,0,2,11.94,1556.4,3.83577486507325,1,2,1,1,0
4,104.05,5,0,30,1,38,0,1,12.09,520.25,11.6194137433926,0,1,5,1,0
1,110.24,4,0,47,0,53,0,0,9.46,440.96,8.58127721335269,0,2,6,1,0
0,58.11,4,1,23,0,74,3,1,47.32,232.44,81.4317673378076,0,0,8,2,0
0,267.98,5,0,18,1,59,3,2,3.81,1339.9,1.4217478916337,1,0,3,2,0
1,79.4,2,0,30,0,62,2,2,5.37,158.8,6.7632241813602,0,1,8,4,0
2,223.47,4,0,70,0,24,2,2,5.89,893.88,2.6357005414597,1,3,4,3,0
2,70.92,4,1,53,0,26,1,2,39.36,283.68,55.4991539763113,0,2,1,2,0
1,171.57,2,0,26,1,77,1,2,37.34,343.14,21.7637116045929,0,1,11,0,0
3,273.84,1,0,33,0,31,2,1,34.94,273.84,12.7592754893368,1,1,9,4,0
4,350.5,2,0,22,1,46,3,2,13.46,701,3.84022824536377,2,0,7,1,0
3,89.31,3,0,46,0,21,1,0,26.22,267.93,29.3584145112529,0,2,11,3,0
1,50.8,5,1,69,0,51,2,1,31.06,254,61.1417322834646,0,3,5,6,1
1,280.32,1,0,68,0,19,0,0,4.93,280.32,1.75870433789954,1,3,8,2,0
3,68.24,5,0,37,1,21,0,2,10.47,341.2,15.3429073856975,0,1,5,4,0
3,144.63,1,0,66,1,93,0,0,38.81,144.63,26.8339901818433,0,3,9,1,0
4,463.31,4,1,55,1,46,2,0,25.88,1853.24,5.58589281474607,2,2,4,5,1
1,267.6,2,1,57,0,85,3,0,48.93,535.2,18.2847533632287,1,2,12,0,0
3,170.89,3,0,23,1,38,3,1,46.18,512.67,27.023231318392,0,0,12,2,0
0,117.27,4,0,31,0,36,0,2,7.49,469.08,6.38697023961798,0,1,2,5,1
2,274.17,5,1,61,1,78,2,1,19.32,1370.85,7.04672283619652,1,3,10,5,1
3,455.33,5,1,50,0,37,1,0,25.24,2276.65,5.54323238091055,2,2,1,3,0
0,240.4,1,0,34,0,77,1,2,4.23,240.4,1.75956738768719,1,1,2,0,0
4,73.74,4,0,64,0,58,3,0,43.46,294.96,58.9368049905072,0,3,9,0,0
0,255.59,4,0,66,1,25,1,0,21.53,1022.36,8.4236472475449,1,3,1,2,0
1,115.47,4,0,70,1,91,0,1,20.85,461.88,18.056638087815,0,3,8,4,0
1,284.28,2,1,49,1,40,0,2,39.3,568.56,13.8243984803715,1,2,9,5,1
2,273.1,1,0,31,0,24,2,2,22.25,273.1,8.14719882826803,1,1,4,0,0
0,481.73,4,1,18,1,12,0,1,18.28,1926.92,3.79465675793494,2,0,4,0,0
1,308.85,4,0,44,1,83,0,2,0.26,1235.4,0.0841832604824348,1,2,8,0,0
1,138.1,1,0,56,0,9,1,0,29.06,138.1,21.0427226647357,0,2,11,0,0
0,334.38,5,1,45,0,59,1,2,20.23,1671.9,6.05000299060949,1,2,1,3,0
0,351.74,2,0,35,0,96,0,0,18.84,703.48,5.35622903280832,2,1,3,6,1
3,58.32,1,0,46,0,51,2,0,19.24,58.32,32.9903978052126,0,2,5,2,0
1,252.42,1,1,50,1,88,3,2,49.64,252.42,19.6656366373505,1,2,8,2,0
2,364.11,2,0,20,1,63,1,0,5.86,728.22,1.60940375161352,2,0,2,6,1
2,249.56,1,0,70,1,83,0,1,19.22,249.56,7.70155473633595,1,3,8,5,1
0,272.44,4,0,52,1,63,2,2,8.17,1089.76,2.99882542945236,1,2,10,3,0
2,307.17,1,0,61,0,12,0,1,19.28,307.17,6.27665462121952,1,3,5,5,1
0,73.97,3,0,22,1,52,1,1,12.11,221.91,16.3715019602542,0,0,11,3,0
1,121.02,4,0,46,1,30,0,1,26.6,484.08,21.9798380432986,0,2,12,2,0
2,171.17,3,0,38,0,78,0,1,31.25,513.51,18.256703861658,0,1,2,2,0
1,241.59,3,0,38,0,44,0,0,9.88,724.77,4.08957324392566,1,1,4,6,1
3,240,5,0,54,1,8,0,0,11.06,1200,4.60833333333333,1,2,8,3,0
0,15.39,3,0,33,0,34,1,1,9.52,46.17,61.8583495776478,0,1,11,3,0
4,131.96,5,1,30,0,9,2,0,24.61,659.8,18.6495907850864,0,1,6,6,1
0,221.14,2,0,24,1,93,3,0,38.18,442.28,17.2650809441983,1,0,10,0,0
2,468.99,1,1,32,0,93,2,2,19.88,468.99,4.23889635173458,2,1,4,5,1
2,431.47,2,0,64,0,77,3,1,15.65,862.94,3.62713514265187,2,3,9,3,0
2,303.96,5,1,46,0,4,3,2,49.29,1519.8,16.2159494670351,1,2,4,6,1
0,231.84,4,0,38,1,26,3,1,5.84,927.36,2.51897860593513,1,1,8,0,0
0,179.68,3,1,26,0,71,1,0,34.43,539.04,19.1618432769368,1,1,5,1,0
2,122.38,3,0,46,0,94,2,1,12.53,367.14,10.2386010786076,0,2,6,4,0
2,377.99,2,1,40,1,6,0,0,35.8,755.98,9.47115003042408,2,1,12,5,1
4,358.21,5,1,40,1,29,0,2,17.7,1791.05,4.94123558806287,2,1,11,2,0
3,290.05,1,0,32,1,71,3,1,33.74,290.05,11.6324771591105,1,1,12,2,0
1,191.88,5,0,47,0,95,1,1,8.44,959.4,4.39858244736294,1,2,8,4,0
0,86.77,5,0,51,1,1,0,1,8.78,433.85,10.1187046214129,0,2,12,0,0
2,142.98,2,0,53,1,28,2,1,31.03,285.96,21.7023359910477,0,2,2,2,0
1,440.16,1,0,58,0,80,0,0,8.34,440.16,1.89476553980371,2,2,9,1,0
4,439.87,2,1,57,1,63,2,0,38.23,879.74,8.69120421942847,2,2,12,5,1
3,395.67,4,0,30,0,22,0,0,0.71,1582.68,0.179442464680163,2,1,6,3,0
1,284.69,3,1,30,1,66,0,0,24.31,854.07,8.53911271909797,1,1,3,3,0
2,284.15,3,0,33,0,82,3,1,19.69,852.45,6.92943867675524,1,1,6,4,0
1,292.65,1,0,59,1,7,3,1,16.12,292.65,5.50828634888092,1,2,9,1,0
4,326.19,4,1,50,0,84,2,0,38.46,1304.76,11.7906741469696,1,2,4,1,0
4,334.04,4,0,70,0,58,0,1,25.44,1336.16,7.61585438869596,1,3,9,0,0
1,398.02,4,1,44,1,15,2,0,8.47,1592.08,2.12803376714738,2,2,6,2,0
4,253.49,3,1,44,0,26,3,1,43.63,760.47,17.2117243283759,1,2,3,4,0
0,452.68,4,1,61,1,96,3,0,44.8,1810.72,9.89661571087744,2,3,4,5,1
0,297.11,2,1,45,1,73,3,2,45.09,594.22,15.1761973679782,1,2,1,4,0
1,283.19,5,1,24,1,34,2,1,42.38,1415.95,14.9652176983651,1,0,7,2,0
0,402.12,4,1,26,0,83,1,1,32.26,1608.48,8.02248085148712,2,1,4,5,1
2,191.86,2,0,49,0,7,3,2,33.74,383.72,17.585739601793,1,2,8,2,0
2,198.49,5,0,67,0,51,0,0,28.84,992.45,14.5296992291803,1,3,6,3,0
2,101.3,4,0,54,1,7,3,2,27.68,405.2,27.324777887463,0,2,8,4,0
0,432.09,4,1,35,1,62,0,2,16.01,1728.36,3.70524659214516,2,1,11,5,1
2,469.48,3,1,27,0,57,0,0,49.88,1408.44,10.6245207463577,2,1,3,0,0
3,366.69,1,1,31,1,28,0,1,46.32,366.69,12.6319234230549,2,1,9,6,1
2,263.92,5,1,22,1,3,3,1,36.21,1319.6,13.7200666868748,1,0,11,5,1
2,74.58,1,0,55,0,57,1,1,21.11,74.58,28.3051756503084,0,2,2,1,0
1,119.1,5,0,58,1,17,3,2,20.57,595.5,17.2712006717045,0,2,5,4,0
3,132.65,3,0,66,1,76,0,2,0.27,397.95,0.203543158688277,0,3,4,1,0
0,154.33,1,1,29,1,75,3,2,36.88,154.33,23.8968444242856,0,1,2,6,1
3,76.3,5,0,48,0,8,3,1,17.53,381.5,22.9750982961992,0,2,8,0,0
1,268.29,5,1,27,0,2,2,1,20.51,1341.45,7.64471281076447,1,1,3,1,0
1,270.36,5,1,67,1,26,2,1,18.23,1351.8,6.74286137002515,1,3,9,0,0
3,442.12,4,1,43,1,58,3,1,18.13,1768.48,4.10069664344522,2,2,11,2,0
2,136.11,4,0,53,1,68,3,1,23.33,544.44,17.1405480861068,0,2,10,1,0
4,480.39,4,1,25,1,72,2,0,20.64,1921.56,4.29650908636733,2,0,7,1,0
0,232.55,3,0,36,0,13,2,2,16.67,697.65,7.16835089228123,1,1,3,1,0
2,330.8,5,1,63,1,71,2,1,42.52,1654,12.8536880290206,1,3,2,1,0
1,54.8,2,0,23,0,31,0,1,21.07,109.6,38.4489051094891,0,0,2,5,1
2,110.32,4,0,25,0,31,3,1,34.17,441.28,30.9735315445975,0,0,2,1,0
3,120.63,2,0,53,1,12,1,1,10.87,241.26,9.01102544972229,0,2,10,2,0
2,367.61,4,1,47,0,69,2,2,32.94,1470.44,8.96058322678926,2,2,12,4,0
0,436.42,1,1,34,0,42,2,0,49.39,436.42,11.3170798771825,2,1,6,1,0
3,234.34,5,0,23,1,49,0,2,1.5,1171.7,0.640095587607749,1,0,4,6,1
0,148.18,1,0,46,0,95,3,2,35.12,148.18,23.7009043055743,0,2,3,6,1
1,432.33,3,1,29,1,25,3,1,19.64,1296.99,4.54282608192816,2,1,4,4,0
1,492.9,5,1,56,1,25,3,1,9.09,2464.5,1.84418746195983,2,2,3,4,0
4,21.81,1,0,30,0,68,2,2,35.38,21.81,162.219165520404,0,1,1,0,0
2,374.23,5,1,25,0,0,1,1,49.64,1871.15,13.264569916896,2,0,3,3,0
1,244.5,1,0,66,1,31,0,0,8.27,244.5,3.38241308793456,1,3,3,0,0
0,105.45,5,1,52,0,69,3,0,44.63,527.25,42.3233760075865,0,2,11,1,0
0,334.43,4,0,43,0,91,2,2,18.95,1337.72,5.6663576832222,1,2,11,1,0
2,99.44,4,0,38,0,12,0,0,5.68,397.76,5.71198712791633,0,1,8,0,0
4,461.24,5,1,31,1,47,2,2,36.3,2306.2,7.8700893244298,2,1,9,5,1
3,273.09,1,0,20,1,92,3,1,20.29,273.09,7.42978505254678,1,0,7,6,1
0,56.87,4,0,69,1,17,1,2,28.98,227.48,50.9583260066819,0,3,12,0,0
3,494.91,4,1,27,0,30,0,0,4.45,1979.64,0.899153381422885,2,1,3,4,0
2,450.68,1,1,67,1,58,2,1,42.99,450.68,9.53891896689447,2,3,8,3,0
2,221.66,1,0,67,0,85,0,1,31.06,221.66,14.0124515023008,1,3,1,2,0
3,131.64,1,0,62,0,33,3,1,43.97,131.64,33.4017016104528,0,3,6,2,0
1,63.9,4,0,70,0,86,1,0,1.3,255.6,2.03442879499218,0,3,11,0,0
3,493.98,2,1,52,0,62,0,1,32.91,987.96,6.66221304506255,2,2,4,2,0
0,385.59,3,0,20,0,31,2,2,18.62,1156.77,4.82896340672735,2,0,12,3,0
0,476.21,4,1,19,0,32,0,0,16.28,1904.84,3.41865983494677,2,0,2,5,1
0,55.19,4,0,55,1,38,2,0,5.12,220.76,9.27704294256206,0,2,3,3,0
0,297.3,4,1,36,0,32,1,2,23.44,1189.2,7.88429196098217,1,1,3,1,0
2,216.88,4,0,26,1,48,2,1,7.53,867.52,3.47196606418296,1,1,1,2,0
2,339.02,1,1,37,1,84,3,2,6.57,339.02,1.93793876467465,2,1,10,3,0
3,302.97,5,1,57,0,99,2,0,21.54,1514.85,7.10961481334786,1,2,4,1,0
1,178.14,3,0,36,1,37,2,0,37.67,534.42,21.1462894352756,1,1,2,2,0
1,47.18,3,0,35,1,97,1,0,23.54,141.54,49.8940228910555,0,1,6,3,0
0,163.31,4,0,47,1,92,2,1,23.2,653.24,14.2061110770927,0,2,12,6,1
4,323.54,3,1,46,1,32,3,2,29.29,970.62,9.05297644804352,1,2,1,6,1
2,430.42,5,1,22,1,7,1,0,26.48,2152.1,6.15213047720831,2,0,5,6,1
0,473.59,4,1,63,1,10,2,1,31.74,1894.36,6.70199961992441,2,3,6,5,1
0,411.98,1,1,52,0,98,3,0,38.5,411.98,9.34511384047769,2,2,5,3,0
1,424.57,4,0,48,0,40,2,0,14.86,1698.28,3.50001177662105,2,2,12,5,1
1,215.12,3,0,25,0,99,1,1,17.07,645.36,7.9351059873559,1,0,1,1,0
2,318.33,4,1,51,0,68,3,2,42.61,1273.32,13.3854804762354,1,2,11,2,0
0,153.93,4,0,48,0,78,1,0,23.87,615.72,15.5070486584811,0,2,8,6,1
2,427.72,2,0,67,0,29,0,0,1.77,855.44,0.413822126624895,2,3,10,6,1
2,261.65,4,1,46,1,8,3,0,15.15,1046.6,5.79017771832601,1,2,6,6,1
2,496.19,2,1,66,1,60,1,1,47.4,992.38,9.5527922771519,2,3,2,6,1
3,63.62,1,0,48,0,15,2,2,27.97,63.62,43.9641622131405,0,2,6,6,1
1,345.93,5,1,54,0,49,3,2,33.89,1729.65,9.79677969531408,2,2,8,2,0
2,383.97,1,1,39,0,78,1,1,41.48,383.97,10.8029273120296,2,1,3,2,0
1,390.51,5,1,58,1,81,0,2,42.04,1952.55,10.7654093365087,2,2,5,5,1
0,306.98,2,0,55,1,16,0,0,15.16,613.96,4.93843247117076,1,2,8,5,1
4,344.18,5,1,18,0,87,0,1,40.06,1720.9,11.6392585275147,2,0,8,2,0
2,166.6,3,0,70,1,36,3,2,16.76,499.8,10.0600240096038,0,3,6,2,0
4,155.25,5,1,49,0,99,1,2,45.66,776.25,29.4106280193237,0,2,10,5,1
4,422.09,4,1,60,0,19,2,0,37.15,1688.36,8.80144045108863,2,2,12,2,0
2,485.35,1,1,18,1,11,1,2,21.31,485.35,4.39064592562069,2,0,11,2,0
4,331.39,3,1,37,1,53,0,2,41.11,994.17,12.4053230332841,1,1,8,2,0
1,416.87,4,1,66,1,62,0,0,38.13,1667.48,9.14673639264039,2,3,3,4,0
1,240.56,1,0,40,0,0,3,0,22.54,240.56,9.36980379115397,1,1,2,0,0
0,203.65,2,0,43,1,37,3,1,26.71,407.3,13.1156395777069,1,2,1,6,1
3,222.74,2,0,51,1,9,2,0,6.27,445.48,2.81494118703421,1,2,11,3,0
0,136.42,1,0,24,1,7,0,1,31.32,136.42,22.958510482334,0,0,7,5,1
1,72.1,3,0,28,1,89,3,1,36,216.3,49.9306518723995,0,1,1,0,0
0,32.36,2,0,46,1,98,1,0,4.31,64.72,13.31891223733,0,2,7,6,1
1,119.52,4,0,59,0,20,3,1,13.84,478.08,11.5796519410977,0,2,5,5,1
3,312.11,2,0,34,0,60,0,0,14.94,624.22,4.78677389381949,1,1,3,3,0
3,271.42,1,0,46,0,92,0,2,1.26,271.42,0.464225186058507,1,2,1,1,0
2,201.88,5,1,23,1,20,1,1,41.32,1009.4,20.4676045175352,1,0,3,1,0
1,456.55,2,1,39,0,9,0,0,23.4,913.1,5.12539699923338,2,1,6,5,1
4,50.01,4,1,29,1,98,2,1,48.79,200.04,97.5604879024195,0,1,1,5,1
0,457.3,5,1,42,1,98,1,0,9.96,2286.5,2.17800131204898,2,2,1,4,0
3,437.6,3,1,27,0,88,3,1,21.29,1312.8,4.86517367458867,2,1,6,3,0
1,432.28,4,0,32,0,16,2,1,18.32,1729.12,4.23799389284723,2,1,9,1,0
1,441.18,2,1,66,0,93,1,0,22.07,882.36,5.00249331338683,2,3,4,0,0
1,94.83,1,0,39,1,74,3,2,33.48,94.83,35.3052831382474,0,1,6,2,0
3,110.86,1,0,18,1,69,1,2,9.68,110.86,8.73173371820314,0,0,5,2,0
4,447.8,2,1,53,0,83,0,2,35.16,895.6,7.8517195176418,2,2,5,0,0
1,128.4,1,0,46,0,16,3,0,12.28,128.4,9.56386292834891,0,2,1,4,0
3,178.11,1,1,24,1,25,0,0,48.62,178.11,27.297737353321,1,0,1,1,0
4,63.91,4,0,18,0,24,3,0,28.05,255.64,43.8898450946644,0,0,8,3,0
2,453.94,5,1,33,1,8,3,0,20.13,2269.7,4.43450676300833,2,1,4,0,0
3,321.22,1,0,22,1,45,1,0,15.59,321.22,4.8533715210759,1,0,5,4,0
4,178.72,5,0,35,0,24,1,0,0.59,893.6,0.33012533572068,1,1,6,0,0
0,384.3,2,1,60,1,48,3,2,43.87,768.6,11.4155607598231,2,2,6,2,0
4,130.37,2,0,26,0,20,0,0,34.65,260.74,26.5782005062514,0,1,2,0,0
4,262.29,2,0,59,1,43,1,0,42.06,524.58,16.0356856914103,1,2,8,6,1
4,208.27,1,0,70,1,44,3,0,28.78,208.27,13.8186008546598,1,3,2,0,0
4,421.16,1,0,66,1,6,2,2,8.56,421.16,2.03248171716212,2,3,9,5,1
0,466.42,1,1,40,0,19,3,1,47.12,466.42,10.1024827408773,2,1,2,6,1
4,16.13,4,0,18,0,23,0,0,37.2,64.52,230.626162430254,0,0,5,1,0
2,430.3,3,1,58,1,18,1,0,34.76,1290.9,8.07808505693702,2,2,1,1,0
2,379.83,5,1,50,1,58,0,0,40.97,1899.15,10.7864044440934,2,2,7,2,0
1,86.27,4,0,43,1,96,0,2,26.41,345.08,30.6131911440825,0,2,5,1,0
0,82.81,3,0,30,1,0,1,1,42.17,248.43,50.923801473252,0,1,3,2,0
0,490.49,1,1,60,1,47,1,2,12.97,490.49,2.64429448102918,2,2,10,1,0
3,5.33,5,0,65,0,16,0,2,22.39,26.65,420.075046904315,0,3,5,4,0
3,378.1,5,1,42,0,69,1,0,34.61,1890.5,9.15366305210262,2,2,10,2,0
1,343.85,4,0,36,1,69,3,0,4.49,1375.4,1.30580194852407,2,1,1,4,0
2,110.44,1,0,42,0,69,2,2,25.1,110.44,22.7272727272727,0,2,7,5,1
1,29.18,3,0,57,1,6,3,0,3.84,87.54,13.1596984235778,0,2,1,1,0
2,255.06,2,1,21,0,32,3,2,31.43,510.12,12.3225907629577,1,0,12,6,1
2,373.31,4,0,69,0,10,2,1,14.5,1493.24,3.88417133213683,2,3,11,4,0
4,194.02,3,1,20,0,27,2,1,40.87,582.06,21.0648386764251,1,0,2,4,0
4,349.28,1,0,64,1,2,1,2,17.76,349.28,5.08474576271187,2,3,8,4,0
0,239.58,4,1,66,1,80,0,0,37.43,958.32,15.6231738876367,1,3,10,5,1
2,384.01,4,1,26,1,41,2,0,32.32,1536.04,8.41644748834666,2,1,8,1,0
4,95.47,1,0,24,0,84,3,0,41.7,95.47,43.6786425054991,0,0,7,2,0
0,13.51,3,0,52,0,48,2,1,40.32,40.53,298.445595854922,0,2,2,5,1
3,199.4,3,0,68,1,35,2,0,42.87,598.2,21.4994984954865,1,3,5,0,0
0,78.04,2,0,31,0,69,0,1,39.63,156.08,50.781650435674,0,1,3,3,0
1,192.93,1,0,45,0,15,0,0,36.9,192.93,19.1261079147878,1,2,2,2,0
1,290.49,2,0,45,1,9,1,1,21.3,580.98,7.33243829391718,1,2,1,2,0
0,47.32,4,0,48,1,73,3,1,15.36,189.28,32.4598478444632,0,2,11,0,0
2,6,3,0,53,0,30,3,1,25.88,18,431.333333333333,0,2,10,5,1
2,391.9,4,1,68,0,48,2,0,31.15,1567.6,7.94845623883644,2,3,7,2,0
1,411.06,4,1,24,0,31,1,1,41.02,1644.24,9.97907848002725,2,0,1,1,0
3,102.3,1,0,43,0,4,2,1,14.57,102.3,14.2424242424242,0,2,7,1,0
2,246.95,1,0,68,1,84,3,0,21.67,246.95,8.77505567928731,1,3,7,3,0
1,331.95,2,1,53,0,11,1,1,27.07,663.9,8.15484259677662,1,2,7,0,0
1,132.95,1,0,69,1,40,0,1,36.71,132.95,27.6118841669801,0,3,7,1,0
4,191.63,5,1,50,0,46,0,0,22.22,958.15,11.5952617022387,1,2,12,5,1
1,443.68,3,1,23,1,52,2,0,38.18,1331.04,8.60530111792283,2,0,9,6,1
4,236.39,5,0,31,0,97,3,2,0.32,1181.95,0.135369516477008,1,1,10,2,0
0,257.99,2,0,25,0,40,2,2,8.65,515.98,3.35284313345479,1,0,8,5,1
3,120.52,3,0,53,0,6,0,2,21.87,361.56,18.1463657484235,0,2,10,0,0
1,39.51,3,0,50,1,71,1,2,38.28,118.53,96.8868640850418,0,2,3,1,0
0,228.55,2,0,60,1,82,3,2,25.47,457.1,11.1441697659156,1,2,11,5,1
1,259.59,5,0,70,0,84,2,1,1.12,1297.95,0.431449593589892,1,3,8,4,0
1,85.8,4,0,19,1,23,3,2,31.39,343.2,36.5850815850816,0,0,5,3,0
3,68.8,1,0,56,0,89,3,1,5.51,68.8,8.00872093023256,0,2,2,2,0
4,29.39,1,0,55,1,96,0,0,39.2,29.39,133.378700238176,0,2,2,2,0
0,176.97,2,0,56,0,31,1,2,0.76,353.94,0.429451319432672,1,2,9,5,1
3,424.2,1,1,46,0,70,1,1,38.84,424.2,9.15605846298916,2,2,12,0,0
2,140.48,5,0,69,0,61,3,0,25.91,702.4,18.4439066059226,0,3,1,1,0
3,23.67,2,0,23,1,9,1,2,40.98,47.34,173.130544993663,0,0,6,0,0
0,418.47,4,1,38,1,44,3,0,33.51,1673.88,8.00774249050111,2,1,8,1,0
1,88.15,4,0,34,0,48,2,0,22.73,352.6,25.7855927396483,0,1,3,5,1
2,497.24,3,1,49,0,73,2,2,14.28,1491.72,2.87185262649827,2,2,9,1,0
2,21.86,2,0,63,1,63,3,2,29.98,43.72,137.145471180238,0,3,2,6,1
4,30.71,1,0,21,1,74,3,2,23.93,30.71,77.9225008140671,0,0,11,3,0
1,454.89,4,1,41,1,79,0,0,34.72,1819.56,7.63261447822551,2,2,4,5,1
3,416.99,4,1,38,0,54,3,1,45.59,1667.96,10.93311590206,2,1,3,4,0
3,318.83,4,0,56,1,32,0,1,15.06,1275.32,4.72352037135778,1,2,4,5,1
4,384.67,1,1,34,1,98,2,1,44.23,384.67,11.498167260249,2,1,4,3,0
1,236.77,3,0,51,1,10,2,2,25.35,710.31,10.7065928960595,1,2,2,5,1
3,483.85,2,1,51,0,58,1,2,22.4,967.7,4.62953394647101,2,2,12,5,1
4,273.96,5,1,22,0,39,2,1,24.7,1369.8,9.01591473207768,1,0,3,3,0
4,496.31,4,1,41,0,50,2,0,13.38,1985.24,2.69589571034233,2,2,1,1,0
4,394.45,2,1,36,1,76,0,2,41.94,788.9,10.6325263024465,2,1,7,6,1
3,370.83,3,1,19,1,54,0,1,19.7,1112.49,5.31240730253755,2,0,7,4,0
0,93.43,5,0,21,0,15,0,2,29.23,467.15,31.2854543508509,0,0,4,6,1
2,83.42,3,0,26,1,22,1,2,35.17,250.26,42.160153440422,0,1,11,5,1
3,110.34,3,0,31,1,80,0,1,9.79,331.02,8.87257567518579,0,1,6,1,0
2,192.63,2,0,67,1,92,2,1,31.09,385.26,16.1397497793698,1,3,7,2,0
2,317.91,1,1,51,0,2,3,0,31.03,317.91,9.76062407599635,1,2,5,0,0
4,76.14,1,0,67,1,38,2,0,9.28,76.14,12.1880745994221,0,3,12,0,0
0,227.6,2,1,24,0,24,1,1,48.55,455.2,21.3312829525483,1,0,8,3,0
4,386.86,2,0,28,1,55,1,0,12.21,773.72,3.15618053042444,2,1,1,2,0
3,432.8,5,1,70,0,51,1,2,47.75,2164,11.0328096118299,2,3,8,0,0
0,218.08,4,1,65,1,72,0,0,43.36,872.32,19.8826118855466,1,3,6,4,0
2,155.14,2,1,35,1,66,3,1,35.04,310.28,22.5860513084956,0,1,1,2,0
2,57.52,4,0,66,1,13,0,0,20.01,230.08,34.7878998609179,0,3,6,3,0
0,352.28,4,1,56,0,40,1,2,41.22,1409.12,11.7009197229477,2,2,5,6,1
2,497.73,4,1,37,0,94,0,0,37.75,1990.92,7.58443332730597,2,1,12,3,0
4,33.07,5,0,23,1,16,1,0,19.26,165.35,58.2400967644391,0,0,4,4,0
1,81.4,5,1,40,1,4,2,0,46.44,407,57.0515970515971,0,1,12,5,1
3,310.59,4,1,27,1,14,2,1,25.32,1242.36,8.1522264078045,1,1,8,2,0
3,50.67,1,0,33,0,80,3,0,28.55,50.67,56.3449773041247,0,1,11,4,0
2,20.14,1,0,32,1,35,2,0,25.84,20.14,128.301886792453,0,1,7,2,0
0,210.36,4,1,37,0,98,0,1,37.73,841.44,17.9359193763073,1,1,6,0,0
3,104.28,1,0,24,1,79,2,2,16.98,104.28,16.283084004603,0,0,1,0,0
0,274.25,4,1,44,1,29,0,2,46.8,1097,17.0647219690064,1,2,12,2,0
3,312.54,1,1,58,1,73,0,1,30.62,312.54,9.79714596531644,1,2,9,2,0
1,447.81,4,0,70,0,14,1,1,1.5,1791.24,0.334963488979701,2,3,11,2,0
4,435.31,4,1,29,1,74,3,2,44.88,1741.24,10.3098940984586,2,1,6,6,1
3,307.78,2,0,68,0,16,3,0,18.32,615.56,5.95230359347586,1,3,3,0,0
1,452.44,3,1,18,0,39,1,0,46.85,1357.32,10.3549641941473,2,0,9,4,0
3,152.73,3,0,46,1,50,2,2,2.59,458.19,1.69580305113599,0,2,5,2,0
3,451.19,1,0,63,1,44,2,2,1.08,451.19,0.239367007247501,2,3,3,6,1
1,269.16,4,1,70,1,79,3,1,25.78,1076.64,9.57794620300193,1,3,3,3,0
4,51.44,5,0,18,1,45,3,2,31.18,257.2,60.6143079315708,0,0,12,5,1
3,175.87,3,0,39,0,1,3,0,14.97,527.61,8.51196906806164,1,1,4,5,1
3,88.92,1,0,44,1,42,0,0,26.89,88.92,30.2406657669816,0,2,4,6,1
4,205.22,3,1,57,0,27,2,1,48.02,615.66,23.3992788227268,1,2,7,3,0
3,163.79,3,0,63,0,98,1,1,17.29,491.37,10.5562000122108,0,3,10,4,0
0,179.43,5,1,25,1,71,0,0,43.74,897.15,24.3771944490888,1,0,5,5,1
0,436.18,4,1,65,1,34,1,1,40.41,1744.72,9.2645238204411,2,3,4,3,0
3,308.23,3,0,43,1,38,2,1,16.04,924.69,5.203906173961,1,2,7,1,0
3,342,1,0,29,1,26,2,2,5.65,342,1.65204678362573,2,1,1,0,0
3,418.21,3,1,57,1,55,1,2,5.49,1254.63,1.31273761985605,2,2,9,0,0
0,11.19,3,0,62,0,15,1,2,1.96,33.57,17.5156389633601,0,3,9,4,0
2,116.09,3,0,56,0,24,0,0,31.59,348.27,27.2116461366181,0,2,5,3,0
1,21.37,1,0,70,0,94,0,0,18.19,21.37,85.1193261581657,0,3,8,3,0
2,430.27,1,1,42,0,49,2,1,27.4,430.27,6.36809445232064,2,2,4,0,0
4,154.26,3,0,42,0,99,1,1,1.71,462.78,1.10851808634773,0,2,9,6,1
0,307.3,3,0,38,0,43,3,2,2.68,921.9,0.872111942726977,1,1,3,2,0
2,144.77,4,1,52,0,55,0,2,38.6,579.08,26.6629826621538,0,2,7,6,1
1,266.92,4,1,70,1,90,3,1,12.48,1067.68,4.67555821969129,1,3,11,3,0
4,150.44,3,0,27,1,62,1,2,33.84,451.32,22.4940175485243,0,1,3,1,0
2,88.23,4,0,24,1,99,3,0,11.63,352.92,13.1814575541199,0,0,12,5,1
1,368.12,4,1,55,1,33,0,0,35.34,1472.48,9.60013039226339,2,2,2,1,0
1,61.6,2,0,28,0,2,2,2,28.08,123.2,45.5844155844156,0,1,8,2,0
2,155.87,5,1,44,0,52,0,1,46.14,779.35,29.601591069481,0,2,10,0,0
1,343.29,2,0,60,0,21,1,1,8.79,686.58,2.5605173468496,2,2,7,3,0
1,61.4,5,0,44,1,40,1,0,3.26,307,5.30944625407166,0,2,12,0,0
0,324.03,5,1,23,1,57,2,0,27.6,1620.15,8.51772983982965,1,0,12,6,1
1,496.66,2,1,66,0,20,2,0,30.88,993.32,6.21753312124995,2,3,2,2,0
0,354.5,5,1,20,1,97,1,2,26.92,1772.5,7.59379407616361,2,0,4,2,0
1,495.51,3,1,63,1,23,2,1,25.05,1486.53,5.05539746927408,2,3,8,3,0
4,14.96,1,0,26,1,1,0,0,25.45,14.96,170.120320855615,0,1,3,0,0
3,61.99,4,0,32,0,15,1,2,7.6,247.96,12.2600419422488,0,1,10,4,0
0,395.19,4,0,37,1,21,2,0,8.12,1580.76,2.05470786204104,2,1,5,4,0
0,70.19,5,0,58,1,9,0,0,2.98,350.95,4.24561903405043,0,2,7,1,0
1,303.23,2,1,34,0,54,2,1,44.84,606.46,14.7874550671108,1,1,10,3,0
3,156.2,5,1,68,1,97,3,0,46.99,781,30.0832266325224,0,3,10,4,0
1,485.23,1,1,18,0,89,2,1,16.42,485.23,3.3839622447087,2,0,8,0,0
0,175.71,4,0,20,1,15,2,1,24.14,702.84,13.7385464686131,1,0,12,0,0
4,396.02,5,1,20,0,41,1,0,11.1,1980.1,2.80288874299278,2,0,1,0,0
4,470.35,4,0,34,1,10,2,0,13.63,1881.4,2.89784203252897,2,1,5,6,1
3,467.18,3,1,24,1,71,2,0,10.8,1401.54,2.31174279720879,2,0,9,5,1
0,215.51,4,1,30,0,24,2,2,46.58,862.04,21.6138462252332,1,1,4,4,0
2,372.58,1,0,60,0,70,2,1,20.48,372.58,5.49680605507542,2,2,4,5,1
3,448.12,1,1,43,0,4,0,0,29.42,448.12,6.56520574846024,2,2,3,4,0
0,309.82,2,1,52,1,73,0,2,32.89,619.64,10.6158414563295,1,2,11,4,0
4,396.5,4,0,59,1,32,3,1,0.35,1586,0.0882723833543506,2,2,1,1,0
3,350.82,3,1,42,0,73,3,2,24.4,1052.46,6.95513368679095,2,2,12,4,0
1,27.86,4,1,54,0,12,1,1,45.46,111.44,163.173007896626,0,2,3,6,1
4,359.28,5,1,40,0,74,1,1,17.92,1796.4,4.98775328434647,2,1,10,3,0
0,485.36,1,1,28,0,67,2,0,39.33,485.36,8.10326355694742,2,1,3,5,1
1,125.16,1,0,48,0,47,0,1,22.16,125.16,17.7053371684244,0,2,1,0,0
4,209.77,1,0,46,0,68,0,1,45.55,209.77,21.7142584735663,1,2,2,1,0
0,60.22,4,0,24,1,0,0,0,18.61,240.88,30.9033543673198,0,0,1,1,0
1,344.46,4,0,28,1,92,1,1,2.02,1377.84,0.586425129187714,2,1,11,1,0
2,426.54,4,1,35,1,39,1,2,16.02,1706.16,3.75580250386834,2,1,8,6,1
1,152.27,5,0,64,0,51,1,1,5.1,761.35,3.34931371905168,0,3,8,3,0
4,277.13,1,0,34,0,13,0,2,20.31,277.13,7.3286905062606,1,1,5,5,1
0,325.55,1,0,57,1,82,3,2,5.3,325.55,1.62801412993396,1,2,4,1,0
2,308.52,2,1,27,1,18,2,0,47.88,617.04,15.5192532088682,1,1,6,1,0
2,91.07,1,0,36,1,9,2,1,41.36,91.07,45.4156143625782,0,1,7,3,0
0,49.08,3,0,53,0,97,3,1,25.93,147.24,52.8321108394458,0,2,2,2,0
4,277.88,3,0,54,1,68,0,0,3.45,833.64,1.24154311213473,1,2,8,3,0
4,193.57,1,1,46,1,2,2,2,45.82,193.57,23.6710234023867,1,2,2,4,0
2,94.82,3,1,30,1,79,1,0,46.99,284.46,49.5570554735288,0,1,5,0,0
1,35.84,2,0,47,0,92,0,2,17.82,71.68,49.7209821428571,0,2,8,0,0
4,441.41,1,1,38,0,25,0,1,32.08,441.41,7.26761967331959,2,1,12,2,0
4,457.37,4,1,66,1,44,1,0,17.62,1829.48,3.85246080853576,2,3,8,4,0
0,343.29,4,1,20,1,40,0,0,26.13,1373.16,7.61164030411605,2,0,2,4,0
3,139.37,2,1,45,0,26,2,0,31.93,278.74,22.9102389323384,0,2,2,0,0
1,163.75,2,0,42,0,38,0,2,6.34,327.5,3.87175572519084,0,2,2,1,0
4,230.67,5,1,57,1,77,0,2,46.01,1153.35,19.9462435513938,1,2,7,3,0
4,247.96,1,0,33,0,19,2,0,39.35,247.96,15.8694950798516,1,1,5,3,0
3,252.51,3,1,69,1,46,3,1,46.35,757.53,18.3557086848046,1,3,1,4,0
4,315.41,5,1,30,0,78,2,1,48.81,1577.05,15.4750959069148,1,1,1,2,0
2,280.56,3,0,30,0,53,3,0,15.1,841.68,5.38209295694326,1,1,12,0,0
3,249.16,2,0,25,0,15,3,1,5.2,498.32,2.08701236153476,1,0,9,6,1
2,222.06,5,0,48,0,73,1,2,34.22,1110.3,15.410249482122,1,2,4,2,0
1,21.43,2,0,61,0,38,0,2,3.19,42.86,14.8856742883808,0,3,7,0,0
1,143.58,4,0,32,0,65,2,2,0.02,574.32,0.0139295166457724,0,1,1,3,0
1,183.07,1,0,36,1,96,2,1,20,183.07,10.9247828699405,1,1,3,3,0
0,77.81,3,0,40,1,38,2,1,31.18,233.43,40.071970183781,0,1,6,5,1
2,272.81,1,0,60,1,60,1,1,14.5,272.81,5.31505443348851,1,2,9,5,1
3,198.78,2,0,57,1,17,0,2,39.51,397.56,19.87624509508,1,2,11,3,0
0,393.38,3,0,57,0,54,2,1,6.08,1180.14,1.54557933804464,2,2,11,3,0
0,499.03,5,1,39,1,89,3,0,15.15,2495.15,3.0358896258742,2,1,5,5,1
3,470.91,5,1,19,1,94,1,0,24.16,2354.55,5.13049202607717,2,0,6,6,1
2,58.57,1,0,19,1,59,2,2,24.47,58.57,41.779067782141,0,0,4,1,0
0,207.43,4,1,43,1,64,2,2,42.98,829.72,20.7202429735332,1,2,3,2,0
2,169.09,4,1,36,0,52,2,2,37.53,676.36,22.1952806197883,0,1,1,1,0
2,105.83,5,0,57,1,42,1,2,3.41,529.15,3.22214872909383,0,2,8,1,0
1,289.4,2,0,54,0,23,3,0,24.09,578.8,8.32411886662059,1,2,5,4,0
2,159.83,5,1,65,1,21,0,1,39.52,799.15,24.7262716636426,0,3,4,3,0
2,214.23,3,0,62,0,40,0,1,21.44,642.69,10.0079353965364,1,3,11,5,1
1,325.77,5,1,36,1,30,1,1,23.61,1628.85,7.24744451606962,1,1,4,4,0
3,225.47,2,0,40,1,13,2,1,3.33,450.94,1.47691488889875,1,1,6,5,1
4,85.43,4,0,44,1,63,3,0,22.82,341.72,26.7119278941824,0,2,8,0,0
4,451.05,4,1,52,1,52,2,0,8.38,1804.2,1.85788715220042,2,2,11,4,0
4,105.95,1,0,46,0,85,1,0,37.8,105.95,35.6772062293535,0,2,12,2,0
0,472.5,3,0,42,0,16,2,0,10.61,1417.5,2.24550264550265,2,2,6,4,0
4,407.77,2,1,62,1,58,2,0,46.75,815.54,11.4647963312652,2,3,12,5,1
2,50,3,0,30,0,18,2,1,6.61,150,13.22,0,1,5,1,0
4,436.73,3,0,49,0,35,0,1,7.44,1310.19,1.70356971126325,2,2,7,5,1
1,201.65,3,1,44,0,17,0,2,37.98,604.95,18.8346144309447,1,2,5,1,0
0,458.79,4,1,28,1,84,1,2,5.69,1835.16,1.24021883650472,2,1,3,3,0
0,319.63,1,0,41,1,87,1,2,27.95,319.63,8.7444858117198,1,2,6,1,0
4,28.62,3,0,53,1,3,2,0,45.59,85.86,159.294199860238,0,2,2,1,0
2,263.12,2,0,34,0,35,2,0,31.64,526.24,12.024931590149,1,1,3,0,0
3,67.66,5,0,24,1,74,2,1,39.05,338.3,57.7150458173219,0,0,5,4,0
3,286.21,4,1,59,0,25,0,0,17.38,1144.84,6.07246427448377,1,2,2,3,0
4,36.74,2,0,39,0,79,1,2,23.26,73.48,63.3097441480675,0,1,6,2,0
0,346.7,4,1,70,1,77,2,0,40.52,1386.8,11.687337755985,2,3,1,1,0
3,25.7,5,0,62,0,25,1,2,13.3,128.5,51.7509727626459,0,3,10,2,0
0,161.68,2,0,61,1,53,3,2,1.9,323.36,1.17516081147947,0,3,12,1,0
4,407.8,1,1,67,1,84,2,2,39.14,407.8,9.59784207945071,2,3,3,2,0
4,268.4,2,0,24,0,99,2,2,3.96,536.8,1.47540983606557,1,0,4,6,1
1,54.28,5,1,66,1,0,1,1,46.54,271.4,85.7406042741341,0,3,1,6,1
0,346.66,1,1,24,1,34,0,1,48.77,346.66,14.0685397796112,2,0,9,6,1
2,459.72,3,1,69,1,7,3,0,45.53,1379.16,9.90385452014269,2,3,1,6,1
1,453.56,1,0,25,1,19,2,1,13.76,453.56,3.03377722903254,2,0,12,3,0
3,355.56,2,0,65,0,82,1,1,13.8,711.12,3.88120148498144,2,3,3,4,0
0,356.03,3,0,46,0,97,3,2,25.62,1068.09,7.19602280706682,2,2,5,2,0
2,167.26,5,0,62,1,10,2,2,14.28,836.3,8.53760612220495,0,3,2,6,1
1,463.53,5,1,54,0,34,2,0,3.26,2317.65,0.703298599874873,2,2,12,2,0
1,129.29,5,1,49,0,47,2,2,46.36,646.45,35.8573748936499,0,2,9,4,0
4,256.26,4,1,37,1,9,2,2,43.61,1025.04,17.0178724732693,1,1,12,1,0
3,280.12,4,1,26,1,83,2,1,26.27,1120.48,9.37812366128802,1,1,1,2,0
4,200.96,1,0,52,0,77,3,0,25.2,200.96,12.5398089171975,1,2,12,2,0
3,491.78,2,1,64,1,96,3,0,24.11,983.56,4.90259872300622,2,3,5,2,0
1,288.83,3,1,62,1,72,2,1,38.72,866.49,13.4058096458124,1,3,4,0,0
1,80.18,3,0,47,0,37,0,2,29.7,240.54,37.0416562733849,0,2,9,4,0
4,367.61,4,1,61,0,21,1,0,48.42,1470.44,13.1715676940236,2,3,12,0,0
0,240.93,3,1,48,0,30,1,1,41.57,722.79,17.2539741833728,1,2,5,4,0
1,469.55,1,1,23,0,97,3,1,0.12,469.55,0.0255563837716963,2,0,4,2,0
0,420.29,3,1,50,1,30,0,0,48.1,1260.87,11.4444788122487,2,2,9,6,1
4,221.54,2,0,27,0,7,0,1,39.54,443.08,17.8477927236616,1,1,10,2,0
1,9.23,4,0,28,1,60,2,2,41.06,36.92,444.853737811484,0,1,3,3,0
1,139.33,2,0,38,0,45,0,0,36.02,278.66,25.8522931170602,0,1,1,2,0
0,102.12,3,1,41,0,89,3,1,36.51,306.36,35.7520564042303,0,2,10,3,0
0,371,5,1,68,1,95,3,2,25.5,1855,6.8733153638814,2,3,10,5,1
2,211.94,5,0,64,0,53,1,0,17.22,1059.7,8.12494102104369,1,3,6,2,0
4,32.83,5,0,63,1,35,3,2,26.43,164.15,80.5056350898568,0,3,9,4,0
2,229.5,1,1,18,1,91,2,0,41.48,229.5,18.0740740740741,1,0,2,5,1
2,171.71,5,0,59,0,77,0,2,23.55,858.55,13.7149845670025,0,2,3,3,0
3,262.81,5,1,64,0,62,0,2,34.15,1314.05,12.9941783037175,1,3,3,0,0
3,242.26,5,1,43,1,17,2,2,26.1,1211.3,10.7735490795014,1,2,12,4,0
2,382.72,4,1,38,1,50,1,1,30.44,1530.88,7.95359531772575,2,1,1,5,1
4,254.37,3,0,45,1,47,0,1,24.5,763.11,9.63163895113418,1,2,5,2,0
1,276.14,5,0,57,1,61,0,1,14.69,1380.7,5.31976533642355,1,2,10,6,1
2,291.54,4,1,45,1,59,2,2,19.44,1166.16,6.6680386910887,1,2,2,6,1
3,361.72,4,1,67,0,17,0,2,40.96,1446.88,11.3236757713148,2,3,3,6,1
3,347.86,5,1,56,1,71,1,2,40.85,1739.3,11.7432300350716,2,2,3,1,0
0,42.22,1,0,29,0,16,3,0,49.25,42.22,116.650876361914,0,1,7,3,0
4,226.33,1,0,68,0,83,2,1,26.24,226.33,11.593690628728,1,3,3,0,0
4,194.67,2,0,41,0,6,3,2,39.25,389.34,20.1623259875687,1,2,1,3,0
0,198.68,4,0,25,0,41,2,0,26.43,794.72,13.3027984699014,1,0,2,5,1
3,116.34,3,1,57,0,57,3,0,49.77,349.02,42.7797833935018,0,2,4,3,0
0,89.05,4,0,24,1,60,2,0,21.16,356.2,23.7619314991578,0,0,11,0,0
1,404.96,5,1,70,1,97,0,1,49.86,2024.8,12.3123271434216,2,3,10,2,0
2,38.57,3,0,38,1,80,0,1,20.83,115.71,54.0057039149598,0,1,11,4,0
1,388.29,4,1,62,1,32,0,1,4.08,1553.16,1.05076102912771,2,3,8,1,0
1,468.66,3,1,66,1,49,1,1,20.7,1405.98,4.41684803482269,2,3,2,2,0
2,18.45,3,0,42,1,44,3,2,19.02,55.35,103.089430894309,0,2,6,3,0
0,87.65,2,0,68,1,62,2,0,32.69,175.3,37.2960638904735,0,3,4,0,0
0,98.02,4,0,28,0,85,1,2,19.79,392.08,20.1897571924097,0,1,10,5,1
4,202.25,1,0,21,1,39,2,1,14.67,202.25,7.25339925834363,1,0,8,3,0
4,316.19,1,1,54,0,39,3,2,35.65,316.19,11.2748663778108,1,2,6,6,1
3,455.93,4,1,36,0,31,0,2,43.7,1823.72,9.5848046849297,2,1,8,2,0
1,379.83,2,1,32,0,24,0,2,48.74,759.66,12.8320564463049,2,1,3,1,0
3,5.64,2,0,48,0,54,0,0,16.61,11.28,294.503546099291,0,2,4,6,1
0,234.4,1,1,28,1,75,3,2,33.65,234.4,14.3558020477816,1,1,5,1,0
3,272.94,2,1,52,0,11,0,2,46.55,545.88,17.0550304096138,1,2,1,2,0
1,63.88,5,1,32,0,4,3,0,36.05,319.4,56.4339386349405,0,1,10,1,0
4,251.27,3,0,36,1,81,1,2,19.14,753.81,7.6173040951964,1,1,11,1,0
4,343.66,3,0,37,0,68,2,1,8.58,1030.98,2.49665366932433,2,1,3,2,0
2,448.46,3,1,32,0,42,2,1,49.31,1345.38,10.9954065022522,2,1,1,0,0
3,353.13,2,1,18,0,78,2,2,47.13,706.26,13.3463596975618,2,0,12,0,0
1,103.67,2,0,20,1,66,0,0,17.29,207.34,16.6779203241053,0,0,6,3,0
3,26.01,5,0,57,1,97,1,1,9.03,130.05,34.717416378316,0,2,9,6,1
1,33.63,2,0,51,0,7,2,0,16.08,67.26,47.814451382694,0,2,4,1,0
1,473.28,4,1,27,1,90,2,2,13.7,1893.12,2.8946923597025,2,1,2,3,0
4,283.69,3,1,44,1,12,2,2,36.45,851.07,12.8485318481441,1,2,12,6,1
1,181.6,3,0,69,1,25,1,0,22.92,544.8,12.6211453744493,1,3,6,3,0
2,284.36,5,0,22,1,7,2,0,6.66,1421.8,2.34210156140104,1,0,6,3,0
3,120.62,3,0,45,0,74,0,2,23.4,361.86,19.3997678660255,0,2,2,3,0
1,38.52,2,0,23,1,10,1,1,44,77.04,114.226375908619,0,0,6,5,1
4,429.48,4,1,29,1,50,0,0,19.9,1717.92,4.63351029151532,2,1,7,0,0
0,361.48,3,1,42,1,47,1,1,45.19,1084.44,12.5013832023902,2,2,5,5,1
0,432.45,1,1,58,0,81,2,0,40.39,432.45,9.33980807029714,2,2,10,6,1
1,437.92,1,1,32,0,61,3,2,26,437.92,5.93715747168433,2,1,8,1,0
3,369.63,3,1,66,1,63,2,1,41.28,1108.89,11.1679246814382,2,3,8,4,0
2,252.79,5,1,54,0,17,2,1,39.82,1263.95,15.7522053878714,1,2,4,4,0
4,330.76,1,0,33,0,48,0,1,8.33,330.76,2.51844237513605,1,1,8,4,0
1,183.38,3,0,59,0,48,2,1,23.35,550.14,12.7331224779147,1,2,11,3,0
3,451.14,5,1,22,0,90,3,1,12.33,2255.7,2.73307620694241,2,0,1,1,0
4,245.29,2,1,35,1,37,2,1,32.63,490.58,13.3026213869298,1,1,4,5,1
0,63.79,3,0,39,0,39,1,2,28.03,191.37,43.9410565919423,0,1,7,6,1
1,435.87,2,1,24,1,94,0,0,27.1,871.74,6.21745015715695,2,0,8,4,0
1,25.21,2,0,38,1,24,3,1,11.36,50.42,45.0614835382785,0,1,8,3,0
1,85.11,5,0,21,1,28,2,2,19.97,425.55,23.4637527905064,0,0,5,1,0
2,101.91,2,0,56,1,42,0,2,34.93,203.82,34.2753409871455,0,2,11,5,1
1,492.27,5,1,33,1,61,2,0,23.18,2461.35,4.7087980173482,2,1,10,4,0
0,446.59,2,1,55,0,36,2,1,35.11,893.18,7.86179717414183,2,2,1,2,0
3,283.15,2,0,36,0,38,3,2,8.03,566.3,2.83595267526046,1,1,5,4,0
1,277.55,2,0,21,0,92,3,1,17.68,555.1,6.37002341920375,1,0,5,3,0
4,117.73,4,1,57,1,58,1,1,48.96,470.92,41.5866813896203,0,2,12,4,0
3,418.62,5,1,30,0,31,1,1,5.04,2093.1,1.20395585495199,2,1,8,0,0
2,174.11,3,0,54,1,32,3,1,30.35,522.33,17.4315088162656,1,2,11,4,0
4,270.7,4,0,66,1,54,1,2,0.26,1082.8,0.0960472848171408,1,3,3,2,0
2,353.45,4,1,51,1,8,1,0,45.25,1413.8,12.8023765737728,2,2,7,6,1
1,331.58,5,1,43,1,84,1,1,43,1657.9,12.9682127993245,1,2,9,3,0
1,412.65,1,1,28,1,35,2,0,35.24,412.65,8.53992487580274,2,1,10,6,1
4,283.15,3,0,50,1,54,3,0,19.12,849.45,6.75260462652305,1,2,5,4,0
1,445.37,3,1,32,0,61,2,2,23.32,1336.11,5.23609583043312,2,1,3,2,0
4,318.15,1,1,45,1,85,2,1,39.9,318.15,12.5412541254125,1,2,3,4,0
4,112.94,2,0,52,1,35,1,2,44.57,225.88,39.4634319107491,0,2,2,4,0
3,405.64,2,1,68,0,62,3,0,37.32,811.28,9.20027610689281,2,3,12,2,0
2,149.81,4,0,41,1,14,3,0,7.23,599.24,4.82611307656365,0,2,2,3,0
2,50.4,2,0,22,0,12,3,2,18.82,100.8,37.3412698412698,0,0,4,4,0
1,253.99,5,1,55,1,57,1,0,40.06,1269.95,15.772274498996,1,2,10,0,0
2,378.83,2,0,64,0,81,2,1,21.12,757.66,5.57506005332207,2,3,5,0,0
0,15.72,2,0,21,0,22,2,1,10.24,31.44,65.1399491094148,0,0,10,3,0
0,335.76,4,0,35,1,7,0,0,15.49,1343.04,4.61341434357875,2,1,11,2,0
1,201.51,3,0,23,0,39,0,2,22.88,604.53,11.3542752220734,1,0,1,2,0
3,8.75,5,0,67,1,7,0,1,7.38,43.75,84.3428571428571,0,3,9,0,0
0,236.48,3,1,36,1,52,1,2,23.47,709.44,9.92472936400541,1,1,1,5,1
3,211.24,3,1,60,1,22,1,2,46.74,633.72,22.1264911948495,1,2,4,0,0
2,360.46,2,1,34,1,19,3,1,34.64,720.92,9.60994285080176,2,1,11,5,1
0,427.41,4,1,21,1,20,3,1,32.21,1709.64,7.536089469128,2,0,9,3,0
2,426.07,5,1,19,0,72,2,0,33.43,2130.35,7.8461285704227,2,0,9,5,1
4,442.74,4,1,39,1,74,2,0,19.93,1770.96,4.501513303519,2,1,12,4,0
2,6.37,4,0,59,1,77,2,1,25.24,25.48,396.232339089482,0,2,6,3,0
1,51.51,4,0,44,0,12,3,2,20.12,206.04,39.0603766258979,0,2,5,2,0
1,57.85,4,0,56,1,59,1,2,3.22,231.4,5.56611927398444,0,2,1,3,0
3,365.88,5,1,19,1,39,0,2,35.2,1829.4,9.62064064720673,2,0,6,4,0
0,226.64,5,1,48,0,42,1,0,43.57,1133.2,19.2243205082951,1,2,1,3,0
2,252.89,1,0,58,1,78,0,0,12.07,252.89,4.77282612993792,1,2,6,3,0
0,228.9,2,0,37,0,46,2,0,28,457.8,12.2324159021407,1,1,9,3,0
2,76.24,2,0,23,0,70,2,2,24.08,152.48,31.5844700944386,0,0,9,0,0
4,493.54,4,0,47,0,2,2,1,17.21,1974.16,3.48705272115735,2,2,5,6,1
3,36.91,5,0,25,1,2,1,2,7.27,184.55,19.6965591980493,0,0,11,0,0
1,254.09,5,0,41,0,40,0,0,2.52,1270.45,0.991774568066433,1,2,12,3,0
1,230.29,2,0,44,1,30,0,2,39.49,460.58,17.1479438968257,1,2,3,3,0
1,287.7,2,0,50,1,38,1,1,17.69,575.4,6.14876607577338,1,2,9,1,0
4,247.02,2,0,66,1,68,2,0,3.66,494.04,1.4816614039349,1,3,12,6,1
2,100.8,3,1,67,1,0,3,1,49.92,302.4,49.5238095238095,0,3,11,0,0
0,73.64,2,0,66,1,25,0,1,32.84,147.28,44.5953286257469,0,3,11,3,0
0,91.71,3,0,55,1,81,0,0,3.69,275.13,4.02355250245339,0,2,6,5,1
0,167.79,3,0,47,1,37,2,1,26.01,503.37,15.5015197568389,0,2,5,1,0
0,253.1,4,0,68,0,87,3,2,17.51,1012.4,6.91821414460688,1,3,3,6,1
3,333.83,1,0,70,1,75,1,2,18.63,333.83,5.58068477967828,1,3,7,4,0
4,41.91,2,0,43,0,89,2,0,13.11,83.82,31.2813171080888,0,2,6,1,0
1,355.47,2,1,65,0,57,0,0,20.8,710.94,5.85140799504881,2,3,1,3,0
4,458.49,5,1,46,1,25,2,0,22.32,2292.45,4.86815415821501,2,2,4,0,0
4,118.45,2,0,52,0,32,1,1,13.72,236.9,11.5829463908822,0,2,10,3,0
2,55.93,2,0,65,1,14,1,0,38.45,111.86,68.7466475952083,0,3,9,5,1
0,39.02,4,0,33,0,62,3,0,31.33,156.08,80.2921578677601,0,1,10,1,0
1,73.53,3,0,38,0,91,1,1,46.78,220.59,63.6202910376717,0,1,10,5,1
2,255.03,5,1,21,0,22,0,1,38.26,1275.15,15.0021566090264,1,0,8,5,1
4,266.23,3,1,45,0,5,2,0,37.47,798.69,14.074296660782,1,2,10,6,1
2,46.13,4,0,34,1,31,1,0,48,184.52,104.053761109907,0,1,11,2,0
2,396.7,3,0,68,0,11,1,2,13.21,1190.1,3.32997227123771,2,3,2,5,1
2,125.67,3,0,54,0,27,0,0,6.3,377.01,5.01312962520888,0,2,7,4,0
3,380.32,3,1,61,0,85,0,0,46.28,1140.96,12.1687000420698,2,3,7,0,0
0,7.18,1,0,55,0,19,1,0,49.65,7.18,691.504178272981,0,2,6,5,1
3,56.41,1,0,67,0,1,2,2,29.28,56.41,51.9056904804113,0,3,9,2,0
1,217.29,5,1,30,0,48,1,1,49,1086.45,22.5505085369782,1,1,9,2,0
0,172.97,4,0,50,1,24,3,1,29.45,691.88,17.0260738856449,1,2,3,1,0
3,41.9,4,0,30,1,13,3,0,7.09,167.6,16.9212410501193,0,1,9,4,0
1,242.73,4,0,63,1,4,1,2,17.38,970.92,7.16021917356734,1,3,2,2,0
4,470.94,4,1,57,0,77,2,0,48.27,1883.76,10.2497133392789,2,2,8,1,0
3,215.03,3,1,54,1,95,1,0,43.42,645.09,20.1925312747059,1,2,7,3,0
0,221.53,4,1,41,1,24,1,0,45.14,886.12,20.3764727124994,1,2,2,0,0
0,405.14,5,1,64,0,76,0,2,39.14,2025.7,9.66085797502098,2,3,2,6,1
0,13.55,3,0,58,1,65,2,1,31.65,40.65,233.579335793358,0,2,7,6,1
4,395.55,5,1,41,1,35,3,0,19.53,1977.75,4.93742889647327,2,2,1,6,1
3,217.52,3,0,27,1,44,0,1,0.93,652.56,0.427546892239794,1,1,8,3,0
2,12.22,1,0,40,0,11,2,2,11.18,12.22,91.4893617021277,0,1,1,5,1
4,119.11,5,0,55,0,59,0,1,16.71,595.55,14.0290487784401,0,2,12,2,0
0,99.24,3,0,53,1,69,0,2,14.12,297.72,14.2281338170093,0,2,1,0,0
2,30.75,2,0,53,1,27,1,1,39.42,61.5,128.19512195122,0,2,5,5,1
1,349.51,5,1,35,0,7,3,2,15.42,1747.55,4.41189093302052,2,1,1,3,0
1,140.86,2,0,39,0,1,0,1,18.11,281.72,12.8567371858583,0,1,6,2,0
3,310.31,4,0,27,1,79,1,1,4.69,1241.24,1.51139183397248,1,1,5,1,0
4,240.92,5,0,44,1,82,2,1,17.06,1204.6,7.0811887763573,1,2,10,1,0
1,407.28,2,1,24,1,27,2,2,36.84,814.56,9.04537418974661,2,0,4,3,0
0,118.62,2,0,49,0,28,2,2,38.4,237.24,32.3722812341932,0,2,7,0,0
1,72.88,3,1,42,1,86,2,1,48.72,218.64,66.8496158068057,0,2,3,1,0
3,63.39,4,1,63,0,53,1,1,48.33,253.56,76.2423095125414,0,3,9,2,0
3,469.84,2,1,59,0,26,0,0,25.65,939.68,5.45930529541972,2,2,3,6,1
0,408.34,4,1,35,1,71,2,2,16.34,1633.36,4.00156732134986,2,1,5,5,1
1,142.35,1,0,33,1,58,2,0,45.21,142.35,31.7597471022129,0,1,7,2,0
1,184.04,3,0,47,0,21,1,0,20.03,552.12,10.8835035861769,1,2,4,3,0
4,430.12,2,1,34,1,88,3,2,41.83,860.24,9.72519296940389,2,1,4,6,1
2,363.75,2,1,26,0,59,1,0,40.87,727.5,11.2357388316151,2,1,4,5,1
2,330.95,1,0,61,1,57,1,0,24.55,330.95,7.41803897869769,1,3,4,4,0
0,235.94,4,0,38,0,28,1,1,7.17,943.76,3.03890819699924,1,1,12,3,0
3,277.94,4,1,48,0,32,1,2,11.37,1111.76,4.09081096639563,1,2,3,5,1
0,109.11,4,1,27,0,70,0,2,49.27,436.44,45.1562643204106,0,1,12,6,1
2,67.32,5,0,68,0,42,1,1,1.78,336.6,2.64408793820559,0,3,4,0,0
1,15.54,4,0,44,1,58,0,1,4.37,62.16,28.1209781209781,0,2,5,6,1
3,25.75,4,1,22,0,11,0,0,45.65,103,177.281553398058,0,0,2,0,0
3,421.13,5,0,22,1,50,1,2,0.43,2105.65,0.102106237978771,2,0,7,2,0
0,106.27,3,0,26,1,48,1,2,27.76,318.81,26.1221417145008,0,1,9,2,0
4,134.49,4,0,31,0,92,3,2,20.73,537.96,15.4137854115548,0,1,11,4,0
3,71.44,2,0,35,1,31,3,0,1.21,142.88,1.69372900335946,0,1,11,1,0
0,128.22,2,0,23,0,89,0,0,48.25,256.44,37.6306348463578,0,0,2,4,0
4,390.75,2,0,36,1,43,3,2,3.91,781.5,1.00063979526552,2,1,4,0,0
0,326.97,5,0,45,0,29,1,0,1.06,1634.85,0.324188763495122,1,2,9,1,0
1,295.77,1,1,18,0,69,1,2,38.35,295.77,12.9661561348345,1,0,1,5,1
3,419.57,4,0,51,1,11,1,2,8.4,1678.28,2.00204971756799,2,2,10,0,0
2,71.36,4,0,19,0,21,1,1,7.84,285.44,10.9865470852018,0,0,11,4,0
4,307.84,1,1,29,1,28,0,2,46.76,307.84,15.1897089397089,1,1,11,6,1
3,8.14,1,0,69,0,84,2,0,9.85,8.14,121.007371007371,0,3,8,3,0
0,389.13,2,1,23,0,49,1,2,25.53,778.26,6.56078945339604,2,0,8,3,0
1,450.39,2,0,70,0,74,1,1,6.78,900.78,1.50536201958303,2,3,12,0,0
1,378.01,5,0,67,1,21,2,2,1.16,1890.05,0.306870188619349,2,3,2,5,1
2,130.39,3,0,39,1,50,2,1,10.9,391.17,8.35953677429251,0,1,8,3,0
2,492.65,3,1,41,1,86,1,0,15.26,1477.95,3.09753374606719,2,2,4,4,0
0,75.75,1,0,59,0,87,2,1,19.59,75.75,25.8613861386139,0,2,12,3,0
4,50.66,4,0,32,0,40,0,2,0.97,202.64,1.91472562179234,0,1,8,4,0
3,103.47,2,1,45,0,92,0,2,48.52,206.94,46.89281917464,0,2,4,2,0
0,99.54,5,0,47,1,76,2,2,12.46,497.7,12.5175808720113,0,2,4,5,1
0,147.58,3,0,38,0,8,3,0,19.4,442.74,13.1454126575417,0,1,2,0,0
3,107.38,3,0,58,0,8,1,2,9.41,322.14,8.76327062767741,0,2,9,1,0
0,209.64,5,0,55,1,86,0,1,0.63,1048.2,0.300515168860904,1,2,1,1,0
0,201.37,3,0,64,1,19,2,2,19.99,604.11,9.92700004965983,1,3,6,0,0
4,6.2,3,0,60,0,52,3,2,31.93,18.6,515,0,2,8,0,0
3,298.01,2,0,64,1,89,1,1,5.95,596.02,1.99657729606389,1,3,4,3,0
1,425.96,3,1,20,0,70,3,2,20.6,1277.88,4.83613484834257,2,0,1,1,0
4,191.93,4,1,50,0,19,3,1,45.19,767.72,23.5450424633981,1,2,4,4,0
0,151.15,4,0,60,0,59,0,2,18.19,604.6,12.0344029110156,0,2,8,3,0
2,379.74,4,1,40,1,38,3,2,39.03,1518.96,10.2780850055301,2,1,2,2,0
4,254.68,5,0,30,0,3,3,0,10.19,1273.4,4.00109941887859,1,1,4,5,1
2,67.2,1,0,62,0,18,2,2,40.93,67.2,60.9077380952381,0,3,12,2,0
4,277.54,2,0,69,1,22,0,0,12.68,555.08,4.56871081645889,1,3,8,5,1
4,494.29,3,1,54,0,6,3,1,5.1,1482.87,1.03178296141941,2,2,7,4,0
0,120.06,4,0,37,0,36,2,2,19.15,480.24,15.9503581542562,0,1,3,1,0
0,300.66,5,1,55,0,73,1,2,20.7,1503.3,6.88485332269008,1,2,8,5,1
0,97.39,2,0,30,1,63,1,1,29.03,194.78,29.807988499846,0,1,11,5,1
3,85.39,4,1,18,1,88,1,0,45.05,341.56,52.7579341843307,0,0,2,3,0
0,453.57,5,1,39,0,27,2,0,24.5,2267.85,5.40159181603722,2,1,2,6,1
3,420.26,3,1,22,0,68,3,0,42.49,1260.78,10.110407842764,2,0,6,1,0
3,29.8,5,0,27,1,5,1,0,1.19,149,3.99328859060403,0,1,3,6,1
2,25.31,1,0,58,0,39,3,0,16.76,25.31,66.2188858158831,0,2,11,4,0
4,155.23,2,0,30,0,97,2,1,41.5,310.46,26.7345229659215,0,1,11,6,1
2,223.62,5,0,58,1,75,3,0,3.48,1118.1,1.55621143010464,1,2,5,3,0
4,201.06,4,1,48,0,11,2,2,35.5,804.24,17.656420968865,1,2,6,3,0
1,64.32,2,0,56,1,19,1,0,1.22,128.64,1.89676616915423,0,2,8,5,1
0,302.03,3,0,57,0,90,3,1,2.9,906.09,0.960169519584147,1,2,4,3,0
2,188.45,3,0,55,0,57,1,2,0.36,565.35,0.191032104006368,1,2,3,6,1
3,154.01,1,0,50,1,68,2,2,3.22,154.01,2.09077332640738,0,2,8,6,1
2,261.86,4,0,20,0,82,1,1,23.03,1047.44,8.79477583441534,1,0,11,1,0
1,471.08,3,1,55,1,31,2,2,44.88,1413.24,9.52704423877048,2,2,10,6,1
0,419.21,2,0,31,0,87,1,1,24.56,838.42,5.85863886834761,2,1,1,2,0
4,45.32,4,0,48,1,26,2,0,38.19,181.28,84.2674315975287,0,2,2,0,0
4,417.74,4,1,59,0,20,1,2,9.33,1670.96,2.23344664145162,2,2,3,2,0
1,16.46,4,0,26,1,44,2,1,48.49,65.84,294.592952612394,0,1,7,1,0
3,226.6,4,0,50,1,36,1,2,3.62,906.4,1.59752868490733,1,2,5,4,0
2,30.54,3,0,66,0,80,2,1,32.92,91.62,107.793058284217,0,3,2,0,0
4,108.87,5,0,25,0,22,2,2,10.88,544.35,9.9935703132176,0,0,7,6,1
0,464.03,1,1,50,0,94,0,2,35.53,464.03,7.65683253237937,2,2,4,1,0
0,396.98,1,1,27,0,75,1,2,5.87,396.98,1.47866391253968,2,1,5,2,0
0,257.84,5,0,53,0,68,1,2,33.37,1289.2,12.9421346571517,1,2,6,0,0
3,94.4,3,0,51,0,84,0,1,0,283.2,0,0,2,6,6,1
4,404.75,5,0,30,1,19,1,2,2.93,2023.75,0.72390364422483,2,1,4,2,0
3,248.95,5,1,54,1,3,3,0,29.27,1244.75,11.7573810002008,1,2,11,0,0
2,292.11,4,1,36,0,60,3,1,42.6,1168.44,14.5835472938277,1,1,8,5,1
2,144.7,3,0,56,1,5,1,2,30.46,434.1,21.0504492052523,0,2,12,4,0
2,212.23,1,0,31,0,92,2,1,22.47,212.23,10.5875700890543,1,1,12,5,1
1,41.76,3,0,20,1,69,0,1,13.56,125.28,32.4712643678161,0,0,8,4,0
3,281.05,4,1,43,1,96,1,2,13.38,1124.2,4.76071873332147,1,2,11,3,0
4,203,1,0,46,1,86,0,0,19.86,203,9.78325123152709,1,2,12,3,0
3,158.87,5,0,48,0,15,1,1,21.27,794.35,13.3883049033801,0,2,10,4,0
1,226.28,3,0,54,0,29,2,2,11.41,678.84,5.04242531377055,1,2,7,6,1
3,460.69,2,1,48,0,45,3,2,40.57,921.38,8.80635568386551,2,2,4,4,0
3,57.82,4,0,67,1,31,1,0,8.83,231.28,15.2715323417503,0,3,9,3,0
0,73.09,3,0,58,0,84,3,1,32.79,219.27,44.8624982897797,0,2,5,0,0
0,371.75,1,0,68,0,3,3,2,10,371.75,2.68997982515131,2,3,9,2,0
4,181.71,4,1,61,1,31,2,0,44.92,726.84,24.7207088217489,1,3,12,5,1
4,335.99,4,1,49,0,31,2,1,28.14,1343.96,8.37524926337093,2,2,4,5,1
1,273.11,3,1,60,1,90,2,1,31.73,819.33,11.6180293654571,1,2,7,5,1
1,157.08,3,0,59,1,81,0,1,25.03,471.24,15.934555640438,0,2,9,5,1
4,433,2,1,35,0,49,1,2,17.3,866,3.99538106235566,2,1,5,1,0
1,147.05,1,1,67,1,92,2,2,47.49,147.05,32.2951377082625,0,3,8,4,0
4,254.15,4,0,43,1,34,1,0,2.65,1016.6,1.04269132402125,1,2,10,4,0
1,228.33,2,1,48,0,30,3,0,22.54,456.66,9.87167695878772,1,2,8,4,0
0,97.94,1,0,35,1,36,2,0,33.45,97.94,34.1535634061671,0,1,3,4,0
4,28.09,1,0,41,0,20,0,2,40.36,28.09,143.681025275899,0,2,12,6,1
1,96.31,3,0,50,1,79,0,2,4.16,288.93,4.31938531824317,0,2,7,5,1
4,27.5,2,0,68,0,2,2,2,42.91,55,156.036363636364,0,3,6,4,0
1,339.34,2,1,70,1,54,1,1,42.09,678.68,12.4034891259504,2,3,5,6,1
4,193.53,1,0,45,0,7,3,0,21.03,193.53,10.8665323205705,1,2,8,1,0
4,45.38,5,0,28,1,68,3,2,33.26,226.9,73.292199206699,0,1,12,6,1
2,420.45,2,1,19,0,45,2,0,39.01,840.9,9.2781543584255,2,0,5,2,0
1,313.92,2,1,22,0,67,0,2,16.86,627.84,5.37079510703364,1,0,5,1,0
0,57.59,5,0,29,0,24,3,2,23.43,287.95,40.684146553221,0,1,12,6,1
1,58.92,1,0,39,0,16,1,1,30.49,58.92,51.7481330617787,0,1,2,3,0
2,463.39,2,1,19,0,41,3,1,48.05,926.78,10.3692354172511,2,0,9,3,0
1,188.43,1,0,42,0,61,2,1,17.88,188.43,9.48893488298042,1,2,4,2,0
1,279.64,1,0,70,0,11,2,2,0.79,279.64,0.282506079244743,1,3,7,0,0
0,117.55,4,0,33,1,65,0,1,22.31,470.2,18.9791578051893,0,1,8,6,1
4,269.73,1,0,64,1,22,1,2,39.26,269.73,14.5552960367775,1,3,3,2,0
0,277.52,3,1,21,0,68,3,1,45.22,832.56,16.2943211300087,1,0,12,4,0
2,239.77,1,1,19,1,60,3,1,35.66,239.77,14.872586228469,1,0,4,3,0
3,133.92,2,0,69,0,47,0,2,5.96,267.84,4.45041816009558,0,3,12,1,0
1,11.14,1,0,29,0,92,0,1,46.77,11.14,419.83842010772,0,1,10,6,1
0,21.83,5,0,46,0,60,1,2,46.56,109.15,213.28447091159,0,2,2,4,0
1,226.83,5,1,23,1,16,0,0,43.96,1134.15,19.3801525371424,1,0,2,0,0
3,80.69,1,0,38,0,9,1,0,19.51,80.69,24.1789565001859,0,1,9,0,0
3,127.21,2,0,26,1,89,3,0,0.49,254.42,0.385189843565757,0,1,5,3,0
4,9.65,4,0,67,0,54,3,2,10.62,38.6,110.051813471503,0,3,10,3,0
1,463.86,1,0,50,1,65,1,2,12.08,463.86,2.60423403613159,2,2,3,2,0
1,359.85,3,1,20,0,35,3,0,36.95,1079.55,10.2681672919272,2,0,8,5,1
0,369.26,4,1,68,0,78,1,2,48.33,1477.04,13.0883388398419,2,3,8,4,0
2,117.62,4,1,47,1,58,1,0,45.71,470.48,38.862438360823,0,2,5,5,1
1,377.88,1,0,57,1,25,3,2,7.73,377.88,2.04562294908437,2,2,7,1,0
2,176.83,2,0,50,0,34,2,2,37.84,353.66,21.3990838658599,1,2,12,3,0
1,418.58,4,1,49,0,74,0,1,19.12,1674.32,4.56782454966793,2,2,2,0,0
2,36.38,3,0,45,0,67,1,0,30.4,109.14,83.5623969213854,0,2,9,3,0
1,379.51,2,1,29,1,8,2,0,34.6,759.02,9.11701931437907,2,1,11,0,0
1,184.11,1,0,31,1,27,1,1,33.44,184.11,18.1630546955624,1,1,7,1,0
4,299.88,1,0,61,1,17,0,1,19.53,299.88,6.51260504201681,1,3,7,2,0
3,212.31,5,1,61,1,41,3,2,29.13,1061.55,13.7205030380105,1,3,11,0,0
1,234.91,3,1,33,1,26,0,0,37.7,704.73,16.0486995019369,1,1,7,6,1
3,46.38,4,0,40,0,76,2,0,33.77,185.52,72.8115567054765,0,1,10,0,0
2,216.32,4,0,53,1,41,2,0,22.13,865.28,10.2302144970414,1,2,3,5,1
3,314.69,3,1,39,1,79,0,2,36.16,944.07,11.4906733610855,1,1,6,1,0
4,236.87,5,1,34,1,86,0,1,38.5,1184.35,16.2536412378098,1,1,10,4,0
4,78.86,5,0,33,1,28,1,1,28.72,394.3,36.4189703271621,0,1,2,2,0
1,94.11,1,0,50,0,58,0,1,49.97,94.11,53.0974391669323,0,2,8,4,0
1,347.14,5,1,66,0,92,3,1,18.65,1735.7,5.3724722014173,2,3,3,6,1
0,194.33,3,0,29,1,12,3,2,30.63,582.99,15.7618484022024,1,1,2,5,1
0,364.8,2,1,66,1,56,2,2,21.33,729.6,5.84703947368421,2,3,8,0,0
4,153.82,4,0,61,1,18,3,2,22.46,615.28,14.6014822519828,0,3,2,6,1
1,410.83,5,1,28,1,31,2,0,19.96,2054.15,4.85845726943018,2,1,12,5,1
3,312.94,2,0,48,1,68,2,0,16.53,625.88,5.28216271489742,1,2,6,3,0
2,246.01,2,0,69,1,49,2,0,0.2,492.02,0.0812975082313727,1,3,1,2,0
1,88.36,5,0,58,1,68,3,0,35.64,441.8,40.3349932095971,0,2,9,5,1
1,372.77,5,0,34,1,62,0,1,8.5,1863.85,2.28022641306972,2,1,3,0,0
1,336.21,5,1,39,1,55,3,2,37.99,1681.05,11.2994854406472,2,1,7,2,0
2,447.87,3,1,50,1,34,0,2,16.4,1343.61,3.66177685489093,2,2,12,0,0
4,389.47,3,0,46,1,96,0,0,16.62,1168.41,4.26733766400493,2,2,8,0,0
0,154.2,3,1,53,1,40,2,1,47.41,462.6,30.745784695201,0,2,12,2,0
0,317.76,2,0,22,0,67,1,2,4.26,635.52,1.34063444108761,1,0,3,6,1
3,260.8,1,0,63,0,62,3,0,16.44,260.8,6.30368098159509,1,3,10,1,0
2,150.89,3,0,24,1,85,3,1,40.86,452.67,27.0793293127444,0,0,4,3,0
2,74.62,3,0,49,1,80,2,0,7.92,223.86,10.613776467435,0,2,11,0,0
1,343.39,3,0,24,1,32,3,2,22.8,1030.17,6.63968082937768,2,0,7,2,0
2,307.35,2,1,57,0,58,2,2,26.85,614.7,8.73596876525134,1,2,1,0,0
3,341.67,4,1,62,0,65,1,0,7.45,1366.68,2.18046653203383,2,3,3,0,0
4,457.29,1,1,49,1,31,1,2,32.65,457.29,7.13988934811607,2,2,3,5,1
2,172.71,3,0,64,0,39,2,2,30.24,518.13,17.5091193329859,1,3,6,1,0
1,48.89,1,0,47,0,36,3,2,3.55,48.89,7.26119860912252,0,2,6,2,0
4,325.27,1,0,50,0,35,2,0,20.97,325.27,6.44695176315061,1,2,1,1,0
4,159.76,5,0,64,1,16,3,2,21.26,798.8,13.3074611917877,0,3,6,1,0
3,160.68,5,0,29,1,32,2,2,3.25,803.4,2.02265372168285,0,1,5,0,0
1,406.08,4,1,59,0,34,0,0,37.91,1624.32,9.33559889676911,2,2,3,5,1
4,91.68,4,0,69,1,10,2,2,44.41,366.72,48.4402268760907,0,3,4,4,0
1,213.52,5,1,53,0,38,2,0,41.35,1067.6,19.3658673660547,1,2,10,0,0
4,117.75,1,0,57,0,68,0,1,22.68,117.75,19.2611464968153,0,2,1,2,0
1,252.61,3,0,59,0,98,0,2,0.13,757.83,0.0514627291081113,1,2,11,3,0
4,320.7,2,1,53,0,29,0,1,42.18,641.4,13.1524789522919,1,2,10,6,1
4,424.4,2,1,53,0,61,1,2,10.94,848.8,2.57775683317625,2,2,6,5,1
1,291.79,5,1,27,1,60,0,0,15.5,1458.95,5.31203948044827,1,1,1,3,0
4,52.03,1,0,66,0,28,0,0,41.88,52.03,80.4920238324044,0,3,9,3,0
2,211.31,1,0,42,1,48,1,2,0.56,211.31,0.26501348729355,1,2,1,4,0
4,373.51,3,1,70,0,3,1,2,30.12,1120.53,8.06404112339697,2,3,9,2,0
3,74.11,5,1,57,1,77,2,1,48.93,370.55,66.0234786128728,0,2,12,1,0
4,14.57,2,0,32,1,51,1,0,28.15,29.14,193.205216197666,0,1,6,4,0
4,267.47,1,0,43,0,24,0,1,15.2,267.47,5.68288032302688,1,2,7,5,1
4,235.17,3,0,65,1,13,0,2,17.47,705.51,7.42866862269847,1,3,12,5,1
0,32.75,3,0,61,1,34,2,0,19.75,98.25,60.3053435114504,0,3,10,0,0
1,40.52,2,0,38,0,45,0,1,31.58,81.04,77.9368213228035,0,1,4,0,0
0,153.65,5,0,39,1,54,0,0,14.31,768.25,9.31337455255451,0,1,3,0,0
0,396.52,1,0,70,0,5,3,2,6.03,396.52,1.5207303540805,2,3,4,5,1
1,437.34,5,1,62,0,97,1,1,30.71,2186.7,7.02199661590525,2,3,12,6,1
2,427.95,2,1,36,1,1,0,0,28.29,855.9,6.6105853487557,2,1,10,2,0
4,181.97,5,1,42,1,6,0,0,45.89,909.85,25.2184426004286,1,2,7,3,0
4,281.89,2,0,53,0,29,2,2,37.85,563.78,13.4272233850083,1,2,4,4,0
0,484.76,5,1,54,1,49,0,1,48,2423.8,9.90180707979206,2,2,6,3,0
4,61.41,1,0,27,0,60,1,0,16.2,61.41,26.3800683927699,0,1,3,1,0
0,379.28,1,1,70,1,65,0,0,47.86,379.28,12.6186458553048,2,3,6,0,0
4,258.91,1,0,53,0,23,0,2,22.71,258.91,8.77138774091383,1,2,7,6,1
0,266.74,2,0,25,0,98,2,1,21.94,533.48,8.22523805953363,1,0,4,5,1
4,163.02,1,0,34,0,10,3,2,22.14,163.02,13.5811556864188,0,1,5,0,0
0,28.38,5,0,18,0,48,0,2,27.16,141.9,95.7011980267794,0,0,9,4,0
1,113.92,4,0,19,1,23,0,1,33.3,455.68,29.2310393258427,0,0,4,2,0
3,498.24,3,1,35,0,48,2,1,8.11,1494.72,1.62772960822094,2,1,11,1,0
0,486.03,2,1,35,1,1,1,1,32.85,972.06,6.75884204678724,2,1,2,3,0
3,246.18,1,0,31,1,81,2,0,4.54,246.18,1.8441790559753,1,1,11,0,0
0,186.22,4,1,64,1,73,3,2,40.73,744.88,21.8719793792289,1,3,10,1,0
2,496.93,5,1,44,1,48,0,2,45.62,2484.65,9.18036745618095,2,2,8,6,1
2,202.95,3,0,32,1,57,3,2,5.09,608.85,2.5080068982508,1,1,6,2,0
0,211.2,1,0,62,0,4,2,2,13.07,211.2,6.18844696969697,1,3,5,4,0
1,246.55,5,1,47,1,19,1,1,8.77,1232.75,3.55708781180288,1,2,4,4,0
1,337.11,3,0,69,0,67,0,1,5.26,1011.33,1.56032155676189,2,3,10,6,1
2,105.98,1,0,55,0,83,2,0,2.63,105.98,2.48160030194376,0,2,2,2,0
4,338.72,3,0,56,0,84,2,2,4.19,1016.16,1.23700991969769,2,2,12,0,0
4,35.65,1,0,62,0,94,2,1,47.07,35.65,132.03366058906,0,3,12,4,0
3,220.38,5,1,64,1,18,0,2,43.7,1101.9,19.8293856066794,1,3,4,4,0
4,99.98,2,0,61,0,96,2,1,36.01,199.96,36.0172034406881,0,3,5,0,0
2,169.86,5,1,19,1,9,1,0,44.97,849.3,26.4747439067467,0,0,3,3,0
3,383.06,5,1,42,1,73,0,1,28.51,1915.3,7.44269827181121,2,2,11,5,1
2,176.58,2,0,68,1,15,3,1,42.1,353.16,23.8418846981538,1,3,10,3,0
0,462.75,5,1,55,1,96,3,2,48.05,2313.75,10.3835764451648,2,2,1,0,0
1,251.13,5,1,20,1,7,0,1,23.98,1255.65,9.54883924660534,1,0,5,3,0
3,422.14,3,0,33,0,84,1,1,9.11,1266.42,2.15805183114607,2,1,8,2,0
1,114.38,3,0,37,0,59,0,1,39.82,343.14,34.8137786326281,0,1,12,5,1
1,308.69,2,1,36,1,62,0,1,47.35,617.38,15.3390132495384,1,1,3,6,1
4,377.6,2,1,51,1,39,1,2,28.66,755.2,7.59004237288136,2,2,3,3,0
1,299.9,4,1,67,0,6,2,0,30.55,1199.6,10.1867289096366,1,3,7,5,1
4,439.29,4,1,35,1,13,3,1,17.92,1757.16,4.07930979535159,2,1,9,6,1
2,381.64,3,1,22,0,20,1,0,12.5,1144.92,3.27533801488314,2,0,3,3,0
4,415.6,4,1,69,0,68,2,1,31.31,1662.4,7.53368623676612,2,3,10,0,0
4,350.04,4,1,40,0,86,2,2,21.36,1400.16,6.10215975317107,2,1,3,5,1
1,147.98,2,1,66,1,98,2,0,41.51,295.96,28.0510879848628,0,3,8,3,0
3,84.78,3,0,24,1,64,3,2,11,254.34,12.9747581976881,0,0,10,1,0
4,233.1,1,0,21,1,45,0,1,30.41,233.1,13.0459030459031,1,0,5,4,0
2,253.14,2,0,33,0,28,1,0,16.31,506.28,6.44307497827289,1,1,3,5,1
0,101.43,4,0,36,0,26,3,2,22.21,405.72,21.8968746919058,0,1,3,0,0
4,182.86,5,0,55,0,6,3,1,0.5,914.3,0.273433227605819,1,2,12,4,0
3,488.03,1,1,70,0,75,0,1,32.35,488.03,6.62869085916849,2,3,12,1,0
2,204,1,0,61,1,39,2,2,43.09,204,21.1225490196079,1,3,6,5,1
0,23.63,3,0,44,1,65,1,0,15.62,70.89,66.1024121878968,0,2,2,4,0
3,168.66,1,1,28,1,91,2,2,43.97,168.66,26.070200403178,0,1,9,4,0
1,219.04,3,0,59,1,94,1,0,8.37,657.12,3.82121986851717,1,2,3,1,0
4,371.26,1,0,64,1,5,1,0,22.13,371.26,5.96078220115283,2,3,1,2,0
3,368.47,3,1,31,0,45,1,1,31.73,1105.41,8.61128450077347,2,1,7,5,1
4,101.59,3,0,43,0,11,3,0,15.82,304.77,15.5723988581553,0,2,10,0,0
0,142.99,5,0,31,1,47,1,1,2.3,714.95,1.60850409119519,0,1,4,6,1
0,73.24,5,0,56,0,1,3,1,13.08,366.2,17.8590933915893,0,2,8,4,0
0,430.89,3,1,28,0,28,3,0,29.45,1292.67,6.83469098841932,2,1,8,2,0
4,221.42,2,1,55,0,44,2,1,49.91,442.84,22.5408725499052,1,2,10,2,0
1,389.03,2,0,57,0,24,0,2,2.3,778.06,0.591214045189317,2,2,8,2,0
3,116.65,4,0,30,1,80,3,1,26.04,466.6,22.3231890270039,0,1,2,4,0
2,464.69,5,1,34,0,20,0,2,11.38,2323.45,2.44894445759539,2,1,7,2,0
3,163.48,1,0,66,0,41,0,1,37.63,163.48,23.0181061903597,0,3,5,2,0
2,298.23,1,0,41,0,43,3,1,2.12,298.23,0.710860745062536,1,2,4,3,0
3,243.67,4,1,35,1,67,2,0,39.48,974.68,16.2022407354209,1,1,10,6,1
0,351.31,5,1,33,0,50,0,0,42.57,1756.55,12.1175030599755,2,1,11,0,0
1,383.53,1,1,58,0,66,3,0,33.02,383.53,8.60949599770553,2,2,2,3,0
4,184.95,2,0,21,1,17,3,0,8.67,369.9,4.68775344687754,1,0,7,2,0
3,423.25,3,1,68,0,30,0,1,9.17,1269.75,2.16656822209096,2,3,8,3,0
3,99.16,3,0,20,1,67,0,2,37.82,297.48,38.1403791851553,0,0,3,0,0
2,304.65,5,1,51,1,96,3,1,37.24,1523.25,12.2238634498605,1,2,12,2,0
3,392.13,3,1,23,0,0,0,1,8.25,1176.39,2.103894116747,2,0,7,0,0
4,210.39,4,0,67,1,50,3,0,11.36,841.56,5.39949617377252,1,3,9,5,1
1,185.08,4,0,40,1,97,1,0,33.45,740.32,18.0732656148693,1,1,3,3,0
0,413.93,1,1,49,1,49,0,0,48.9,413.93,11.8135916700892,2,2,3,1,0
1,222.08,1,0,52,0,49,0,0,29.04,222.08,13.0763688760807,1,2,8,3,0
2,185.3,4,0,27,0,96,0,2,7.92,741.2,4.27415002698327,1,1,9,4,0
3,284.91,4,0,65,0,68,0,1,26.49,1139.64,9.29767294935243,1,3,10,4,0
4,254.43,4,0,37,0,54,1,2,3.32,1017.72,1.30487756946901,1,1,3,1,0
1,170.12,5,1,19,1,14,2,2,40.77,850.6,23.9654361627087,0,0,7,1,0
4,390,5,1,21,1,23,2,2,31.83,1950,8.16153846153846,2,0,3,5,1
4,455.91,2,0,46,1,7,2,2,0.89,911.82,0.195213967669058,2,2,1,1,0
2,399.45,4,1,69,1,64,2,2,33.28,1597.8,8.33145575165853,2,3,10,1,0
0,350.49,5,1,55,0,99,1,2,22.35,1752.45,6.37678678421638,2,2,1,1,0
2,54.93,4,0,56,1,4,2,2,12.29,219.72,22.3739304569452,0,2,6,5,1
4,327.68,2,0,29,0,75,0,0,7.5,655.36,2.288818359375,1,1,1,5,1
3,280.61,1,0,57,1,36,2,0,25.24,280.61,8.9946901393393,1,2,10,5,1
2,452.79,1,0,53,1,39,1,1,8.5,452.79,1.87724993926544,2,2,1,4,0
3,368.46,3,1,22,1,29,2,1,20.1,1105.38,5.45513759973946,2,0,7,6,1
4,209.33,3,1,50,0,55,1,0,35.69,627.99,17.0496345483208,1,2,3,0,0
1,347.08,4,1,70,0,34,0,2,23.06,1388.32,6.64400138296646,2,3,8,6,1
0,365.78,1,0,60,1,89,3,0,7.16,365.78,1.95746076876811,2,2,7,6,1
2,375.35,5,1,56,0,68,0,2,4.62,1876.75,1.2308512055415,2,2,4,0,0
1,370.95,2,0,47,1,68,0,2,9.41,741.9,2.53673001752258,2,2,10,2,0
0,331.58,5,1,47,1,43,2,0,31.72,1657.9,9.56631883708306,1,2,9,5,1
1,461.69,1,1,56,1,15,3,1,23.28,461.69,5.0423444302454,2,2,7,1,0
4,185.94,2,0,22,0,68,1,0,15.92,371.88,8.56190168871679,1,0,5,5,1
4,340.12,2,1,64,0,8,2,1,30.57,680.24,8.98800423379984,2,3,6,1,0
0,485.82,3,1,28,0,47,1,1,40.06,1457.46,8.24585237330699,2,1,3,6,1
4,224.7,1,0,49,0,51,3,2,32.75,224.7,14.5749888740543,1,2,12,4,0
1,51.32,4,0,36,1,25,2,0,28.12,205.28,54.7934528448948,0,1,3,5,1
1,448.6,4,1,28,1,3,3,1,11.15,1794.4,2.48551047703968,2,1,2,5,1
3,269.83,2,1,21,1,15,1,1,49.6,539.66,18.3819441870808,1,0,6,5,1
4,374.21,2,1,56,1,36,0,1,45.16,748.42,12.0680901098314,2,2,3,1,0
4,356.31,1,0,21,0,16,1,1,26.99,356.31,7.57486458421038,2,0,2,1,0
4,117.6,1,0,29,0,48,2,2,17.04,117.6,14.4897959183674,0,1,9,0,0
2,332.17,2,1,51,0,41,3,1,26.01,664.34,7.83032784417618,1,2,2,5,1
4,152.17,1,0,19,0,5,3,2,3.67,152.17,2.41177630281922,0,0,10,4,0
1,490.85,3,1,44,1,34,0,2,11.56,1472.55,2.35509829886931,2,2,12,5,1
2,196.28,1,0,35,0,15,1,2,30.93,196.28,15.7581006725087,1,1,10,6,1
0,108.93,4,0,57,1,31,3,1,15.02,435.72,13.7886716239787,0,2,12,5,1
1,357.64,2,1,31,0,18,2,2,48.4,715.28,13.5331618387205,2,1,6,4,0
0,53.04,4,0,46,1,16,2,1,27.84,212.16,52.4886877828054,0,2,8,1,0
0,374.17,2,0,29,0,78,3,0,16.93,748.34,4.52468129459871,2,1,3,2,0
3,82.44,3,0,36,0,98,3,2,30.33,247.32,36.7903930131004,0,1,2,4,0
3,91.85,1,0,56,1,48,3,0,8.79,91.85,9.56995100707676,0,2,5,2,0
2,376.3,3,1,33,0,50,2,2,48.47,1128.9,12.8806803082647,2,1,5,1,0
0,28.55,2,0,42,1,65,0,0,39.82,57.1,139.474605954466,0,2,1,5,1
3,218.28,2,0,32,0,90,3,1,39.53,436.56,18.1097672713945,1,1,9,0,0
0,280.47,2,0,41,1,98,3,1,25.68,560.94,9.15605947160124,1,2,1,4,0
1,69.72,4,1,40,0,58,3,0,42.09,278.88,60.3700516351119,0,1,4,1,0
3,392.16,3,0,54,0,54,1,1,12.83,1176.48,3.27162382700938,2,2,6,3,0
3,150.76,1,0,29,0,11,1,1,38.52,150.76,25.5505439108517,0,1,6,2,0
0,88.85,5,0,62,0,51,0,1,28.87,444.25,32.4929656724817,0,3,12,0,0
0,200.66,5,0,40,1,84,0,0,2.2,1003.3,1.09638193959932,1,1,11,5,1
3,159.91,2,0,69,0,3,3,2,16.64,319.82,10.405853292477,0,3,6,2,0
2,315.84,1,1,59,0,93,1,1,28.05,315.84,8.88107902735562,1,2,10,3,0
0,251.4,4,1,24,0,85,0,0,38.42,1005.6,15.2824184566428,1,0,10,6,1
4,188.42,4,0,49,0,23,1,0,38.71,753.68,20.5445281817217,1,2,2,0,0
0,113.66,1,0,47,1,97,1,0,37.48,113.66,32.9755410874538,0,2,11,5,1
2,39.22,2,0,35,0,65,2,0,22.56,78.44,57.5216726160122,0,1,4,1,0
1,57.98,2,0,48,0,90,1,2,34.06,115.96,58.7443946188341,0,2,7,0,0
1,442.99,5,1,68,0,47,0,0,23.95,2214.95,5.40644258335403,2,3,5,1,0
4,182.64,3,0,36,1,83,0,0,26.14,547.92,14.3123083661848,1,1,10,0,0
0,474.36,2,1,35,1,90,3,0,37.73,948.72,7.95387469432499,2,1,12,1,0
4,459.4,5,1,37,1,17,2,2,46.92,2297,10.2133217239878,2,1,6,3,0
3,66.84,5,0,28,1,26,3,2,14.2,334.2,21.244763614602,0,1,7,0,0
0,374.43,4,0,60,1,19,2,2,0.03,1497.72,0.00801217851133723,2,2,11,1,0
2,413.96,5,1,28,1,15,3,0,24.8,2069.8,5.99091699681129,2,1,6,2,0
3,488.85,2,0,69,1,41,3,2,1.85,977.7,0.378439194026798,2,3,11,3,0
0,252.87,1,0,45,1,90,1,1,27.81,252.87,10.9977458773283,1,2,3,3,0
4,481.49,1,1,54,1,59,2,1,29.07,481.49,6.03750856715612,2,2,6,1,0
1,224.4,2,0,57,1,27,0,2,11.28,448.8,5.02673796791444,1,2,9,0,0
4,405.7,4,0,47,1,81,3,0,13.97,1622.8,3.44343110672911,2,2,5,6,1
4,346.83,5,1,23,0,61,0,1,42.74,1734.15,12.3230401061039,2,0,5,1,0
1,101.94,2,0,45,0,4,0,0,39.61,203.88,38.8561899156367,0,2,2,3,0
2,413.57,1,1,28,0,60,2,1,45.3,413.57,10.953405711246,2,1,10,5,1
4,389.73,3,1,32,0,99,0,0,19.09,1169.19,4.89826289995638,2,1,7,6,1
2,416.59,4,1,68,1,36,1,2,43,1666.36,10.3218992294582,2,3,9,2,0
3,377.41,4,1,53,1,33,0,2,26.3,1509.64,6.96854879308974,2,2,5,0,0
0,51.54,2,0,51,0,86,1,0,1.91,103.08,3.7058595265813,0,2,6,4,0
1,148.24,1,0,50,1,35,3,1,28.67,148.24,19.3402590393956,0,2,7,2,0
0,377.07,3,1,65,0,75,1,0,37.15,1131.21,9.85228206964224,2,3,12,4,0
4,311.78,4,1,54,0,45,2,0,36.15,1247.12,11.5947142215665,1,2,7,6,1
0,79.42,3,0,68,1,57,2,1,19.24,238.26,24.2256358599849,0,3,6,6,1
4,273.25,1,0,18,1,12,2,2,36.62,273.25,13.4016468435499,1,0,3,6,1
4,80.59,5,0,32,1,38,1,2,29.96,402.95,37.1758282665343,0,1,7,3,0
3,154.28,1,0,52,1,1,1,1,6.83,154.28,4.42701581540057,0,2,9,0,0
2,52.46,2,0,45,1,24,3,0,10.65,104.92,20.3011818528403,0,2,4,5,1
4,275.43,1,0,28,0,17,1,0,16.08,275.43,5.83814399302908,1,1,11,4,0
2,329.49,3,0,64,0,79,3,2,14.95,988.47,4.53731524477222,1,3,12,2,0
3,421.33,2,1,43,1,47,1,1,27.76,842.66,6.58865972040918,2,2,5,3,0
1,358.65,2,1,22,0,74,0,2,20.5,717.3,5.71587899065942,2,0,9,6,1
0,85.19,2,0,34,1,96,3,0,1.21,170.38,1.42035450170208,0,1,2,0,0
0,399.24,3,1,22,0,6,1,2,28.57,1197.72,7.15609658350867,2,0,12,1,0
0,257.58,3,0,53,1,63,1,2,30.43,772.74,11.8138054196754,1,2,6,2,0
3,58.48,3,0,55,1,34,3,1,0.69,175.44,1.17989056087551,0,2,4,6,1
4,436.83,4,1,31,1,85,3,1,35.72,1747.32,8.17709406405238,2,1,8,0,0
0,11.68,1,0,51,1,32,2,2,14.7,11.68,125.856164383562,0,2,1,3,0
3,298.09,3,0,33,0,38,2,0,19.75,894.27,6.62551578382368,1,1,4,6,1
3,128.95,2,0,30,1,80,3,2,45.21,257.9,35.0601008142691,0,1,4,5,1
2,42.11,3,0,53,1,88,0,1,38.39,126.33,91.1659938256946,0,2,5,0,0
1,30.59,1,1,61,0,82,2,2,49.47,30.59,161.719516181759,0,3,4,3,0
1,60.51,3,0,59,0,50,2,2,27.49,181.53,45.4305073541563,0,2,6,1,0
3,160.08,3,0,33,1,98,1,2,36.94,480.24,23.0759620189905,0,1,8,1,0
1,489.38,4,1,58,1,49,3,2,11.79,1957.52,2.40917078752708,2,2,8,1,0
3,34.53,3,0,28,1,73,2,2,10.73,103.59,31.074428033594,0,1,1,6,1
0,386.29,5,1,19,1,14,0,2,22.43,1931.45,5.80651841880453,2,0,6,6,1
3,402.55,1,0,19,0,80,0,1,20.58,402.55,5.11240839647249,2,0,7,3,0
4,9.87,3,0,69,0,28,0,0,23.7,29.61,240.121580547112,0,3,12,1,0
0,176.74,2,0,37,1,20,1,2,25.45,353.48,14.3996831503904,1,1,2,5,1
1,421.61,1,1,29,0,1,2,1,33.65,421.61,7.98130974123005,2,1,4,2,0
4,33.78,5,0,49,0,44,2,1,34.11,168.9,100.976909413854,0,2,11,5,1
1,325.17,4,0,51,1,17,2,0,6.95,1300.68,2.13734354337731,1,2,5,1,0
0,145.37,3,0,25,1,89,2,1,8.67,436.11,5.96409162825893,0,0,12,2,0
3,209.03,4,1,57,0,99,1,2,42.67,836.12,20.4133377984022,1,2,3,4,0
0,276.59,1,1,34,0,40,3,1,47.45,276.59,17.155356303554,1,1,1,1,0
4,210.18,5,0,27,0,30,0,1,26.93,1050.9,12.8128271005805,1,1,12,1,0
3,375.97,4,1,61,1,81,2,2,38.73,1503.88,10.3013538314227,2,3,7,0,0
4,27.62,1,0,52,0,80,0,2,0.05,27.62,0.181028240405503,0,2,9,6,1
3,416.37,4,1,23,1,81,1,2,16.46,1665.48,3.95321468885847,2,0,7,4,0
3,137.19,4,0,64,1,63,2,2,19.63,548.76,14.3086230774838,0,3,9,6,1
0,420.08,5,1,67,0,31,1,0,18.36,2100.4,4.37059607693773,2,3,5,6,1
2,456.66,1,1,65,0,93,0,1,44.27,456.66,9.6943021066001,2,3,3,3,0
1,308.17,3,0,60,0,85,3,2,6.27,924.51,2.03459129701139,1,2,3,3,0
4,191.46,1,0,18,1,17,0,2,0.74,191.46,0.386503708346391,1,0,6,0,0
1,470.8,2,0,18,1,70,2,1,3.97,941.6,0.843245539507222,2,0,9,5,1
4,92.13,5,0,48,1,5,3,0,37.75,460.65,40.9747096494085,0,2,10,6,1
3,188.27,1,0,31,1,6,0,0,14.61,188.27,7.76013172571307,1,1,3,1,0
1,478.43,1,1,44,0,3,1,1,18.72,478.43,3.91279811048638,2,2,3,1,0
3,160.77,1,0,63,0,23,3,0,38.43,160.77,23.9037133793618,0,3,10,6,1
2,479.53,1,0,52,1,86,0,1,4.11,479.53,0.857089233207516,2,2,2,4,0
0,68.94,1,0,28,0,0,0,0,8.02,68.94,11.6333043225994,0,1,2,1,0
1,180.01,4,1,23,1,33,3,2,42.45,720.04,23.5820232209322,1,0,10,4,0
3,10.22,5,0,25,1,96,0,2,33.61,51.1,328.864970645793,0,0,5,0,0
2,483.31,5,1,34,0,13,0,2,29.85,2416.55,6.17616022842482,2,1,8,3,0
1,207.89,2,0,44,0,76,0,0,6.45,415.78,3.10260233777479,1,2,2,2,0
0,121.63,1,0,31,0,43,1,2,43.95,121.63,36.1341774233331,0,1,4,5,1
0,51.67,2,0,19,0,20,1,1,15.68,103.34,30.3464292626282,0,0,5,6,1
1,273.56,1,0,67,1,79,3,1,27.61,273.56,10.0928498318468,1,3,6,6,1
1,66.78,5,0,39,1,64,2,0,18.18,333.9,27.2237196765499,0,1,7,5,1
3,244.08,5,1,27,0,96,1,2,37.8,1220.4,15.4867256637168,1,1,8,3,0
2,438.44,5,1,49,1,47,0,0,17.26,2192.2,3.93668460906852,2,2,7,0,0
3,478.61,3,1,56,1,19,3,1,37.7,1435.83,7.87697707945927,2,2,3,1,0
2,300.91,2,0,30,1,21,0,2,21.88,601.82,7.27127712605098,1,1,10,2,0
4,493.15,4,1,50,1,91,3,1,9.11,1972.6,1.84730812126128,2,2,1,3,0
2,28.62,5,0,61,1,67,3,1,43.16,143.1,150.803633822502,0,3,10,1,0
2,33.51,1,0,49,0,90,0,0,37.27,33.51,111.220531184721,0,2,4,0,0
3,38.21,3,0,45,0,69,1,0,36.03,114.63,94.2946872546454,0,2,4,5,1
4,231.36,5,0,20,1,70,1,1,22.36,1156.8,9.66459197786999,1,0,6,3,0
0,271.08,1,1,28,1,9,1,1,44.41,271.08,16.3826176774384,1,1,7,3,0
4,37.15,3,0,69,1,43,2,1,29.6,111.45,79.6769851951548,0,3,8,3,0
2,114.62,2,0,39,1,93,0,0,27.81,229.24,24.2627813645088,0,1,2,5,1
3,65.4,3,0,62,1,66,2,0,7.97,196.2,12.1865443425076,0,3,2,1,0
4,134.51,3,0,58,1,40,0,0,12.5,403.53,9.29298936882016,0,2,2,4,0
3,46.88,5,1,40,1,87,2,2,43.86,234.4,93.5580204778157,0,1,8,4,0
3,492.56,3,1,66,1,98,1,0,27.52,1477.68,5.58713659249635,2,3,10,5,1
3,192.68,4,1,66,1,50,1,2,31.44,770.72,16.3172098816691,1,3,4,5,1
2,5.56,4,0,26,1,90,2,2,8.94,22.24,160.791366906475,0,1,11,1,0
3,274.57,1,0,62,1,30,1,1,40.34,274.57,14.6920639545471,1,3,8,1,0
1,136.14,1,0,21,1,76,0,1,9.41,136.14,6.91200235052152,0,0,9,5,1
0,136.12,2,0,47,0,52,3,1,21.89,272.24,16.0813987657949,0,2,10,1,0
3,102.45,2,0,29,0,62,0,0,2.53,204.9,2.46949731576379,0,1,8,0,0
4,366.53,4,0,66,1,8,1,0,12.88,1466.12,3.51403705017325,2,3,3,3,0
0,286.83,3,1,58,1,83,3,1,48.29,860.49,16.8357563713698,1,2,5,0,0
1,273.29,5,1,36,1,83,2,2,43.66,1366.45,15.9757034651835,1,1,6,5,1
3,172.82,5,0,31,0,59,2,0,7.45,864.1,4.31084365235505,1,1,11,2,0
4,329.25,2,1,66,0,9,2,0,34.61,658.5,10.5117691723614,1,3,4,3,0
1,36.4,3,0,26,0,30,0,1,39.5,109.2,108.516483516484,0,1,12,1,0
0,372.3,5,1,47,1,42,0,1,23.68,1861.5,6.36046199301639,2,2,10,6,1
2,371.34,2,1,66,1,98,0,1,39.34,742.68,10.5940647385146,2,3,11,5,1
1,337.78,1,1,68,1,51,2,2,34.81,337.78,10.3055243057612,2,3,5,0,0
2,106.64,1,0,52,1,11,1,1,2.02,106.64,1.89422355588897,0,2,2,3,0
2,397.4,2,1,19,1,13,0,0,12.84,794.8,3.23100150981379,2,0,8,5,1
0,53.58,1,0,21,0,12,1,0,14.81,53.58,27.6409107876073,0,0,12,2,0
1,207.23,3,0,28,0,24,0,0,8.84,621.69,4.26579163248564,1,1,12,5,1
1,198.85,2,1,24,0,99,0,2,49.9,397.7,25.0942921800352,1,0,2,0,0
3,100.29,3,1,51,1,44,3,1,39.73,300.87,39.6151161631269,0,2,12,3,0
0,302.65,5,1,49,1,12,0,1,31.78,1513.25,10.5005782256732,1,2,8,2,0
1,461.41,2,1,48,1,20,1,0,1.64,922.82,0.355432261979584,2,2,11,5,1
0,465.59,2,1,41,0,67,0,0,13.93,931.18,2.99190274705213,2,2,3,6,1
1,486.58,4,1,68,1,23,3,0,5.38,1946.32,1.1056763533232,2,3,3,1,0
1,320.45,2,0,57,0,41,0,1,3.57,640.9,1.11405835543767,1,2,5,0,0
0,383.14,5,1,69,0,72,1,0,21.96,1915.7,5.73158636529728,2,3,12,3,0
4,121,1,0,61,0,46,0,1,19.02,121,15.7190082644628,0,3,10,6,1
0,228.66,5,1,49,0,34,1,1,47.32,1143.3,20.6944808886557,1,2,5,1,0
4,32.87,5,0,34,0,87,2,1,13.06,164.35,39.7322786735625,0,1,10,0,0
0,464.67,3,0,44,0,71,0,1,13.8,1394.01,2.96984957066305,2,2,11,6,1
2,54.39,4,0,70,0,84,1,2,44.9,217.56,82.5519396947968,0,3,12,6,1
2,301.08,5,0,62,1,74,3,1,18.29,1505.4,6.07479739604092,1,3,11,4,0
3,192.15,1,0,59,0,99,2,2,25.08,192.15,13.0523028883685,1,2,10,4,0
4,288.5,5,1,43,0,76,1,2,23.24,1442.5,8.05545927209705,1,2,1,0,0
4,69.9,1,0,27,0,75,3,1,12.88,69.9,18.4263233190272,0,1,8,0,0
3,459.92,4,1,36,0,70,3,2,47.21,1839.68,10.2648286658549,2,1,2,0,0
1,477.66,3,1,32,0,24,2,2,15.26,1432.98,3.19474102918394,2,1,1,6,1
2,344.84,4,1,31,0,1,1,2,30.01,1379.36,8.70258670687855,2,1,5,1,0
4,297.47,1,1,56,0,49,2,0,49.19,297.47,16.5361212895418,1,2,11,6,1
3,207.73,3,1,29,0,47,2,1,46.17,623.19,22.2259663986906,1,1,3,5,1
4,384.71,2,1,41,1,13,0,1,43.78,769.42,11.3800005198721,2,2,9,0,0
1,197.25,4,1,66,1,77,0,1,31.82,789,16.1318124207858,1,3,11,0,0
2,310.3,1,1,22,0,52,2,0,44.9,310.3,14.4698678698034,1,0,4,5,1
1,149.46,3,0,24,1,57,3,0,10.03,448.38,6.71082563896695,0,0,6,2,0
3,40.28,3,0,49,0,61,2,0,26.75,120.84,66.4101290963257,0,2,3,3,0
1,134.89,5,0,68,0,55,0,0,22.12,674.45,16.3985469641931,0,3,6,6,1
0,198.11,3,0,44,1,59,3,2,42.46,594.33,21.4325374791782,1,2,3,0,0
0,294.06,4,0,31,0,52,1,1,25.03,1176.24,8.51186832619193,1,1,9,6,1
0,395.05,3,1,47,0,61,3,2,48.46,1185.15,12.2668016706746,2,2,2,3,0
0,358.18,5,0,28,0,89,0,2,8.85,1790.9,2.4708247249986,2,1,4,3,0
2,492.85,2,1,67,0,10,1,0,33.07,985.7,6.70995231814954,2,3,5,1,0
2,71.51,5,0,50,1,87,2,0,39.85,357.55,55.7264718221228,0,2,10,1,0
1,86.33,3,0,39,1,61,0,2,14.06,258.99,16.2863431020503,0,1,7,3,0
3,24.02,2,0,25,1,54,1,1,49.75,48.04,207.119067443797,0,0,8,1,0
2,419.7,1,0,23,1,15,3,0,5.61,419.7,1.33666904932094,2,0,1,5,1
3,455.37,4,1,55,0,70,2,1,15.83,1821.48,3.47629400267914,2,2,5,6,1
3,8.53,4,0,35,0,53,0,1,43.95,34.12,515.240328253224,0,1,4,1,0
0,233.61,5,0,26,1,25,2,0,22.89,1168.05,9.79838191858225,1,1,6,0,0
3,124.53,1,0,42,1,72,0,0,9.19,124.53,7.37974785192323,0,2,10,5,1
0,467.87,4,1,62,1,83,2,1,44.58,1871.48,9.52828777224443,2,3,10,2,0
0,410.53,1,0,67,1,21,0,1,19.54,410.53,4.75970087447933,2,3,6,4,0
4,375.61,1,0,58,1,45,2,2,10.07,375.61,2.68097228508293,2,2,10,1,0
1,375.6,1,1,55,0,65,0,1,40.31,375.6,10.7321618743344,2,2,2,5,1
1,174.55,4,1,52,0,96,2,1,31.89,698.2,18.269836723002,1,2,9,1,0
2,75.02,4,0,28,0,18,0,2,3.48,300.08,4.63876299653426,0,1,5,4,0
1,282.28,5,1,61,0,21,1,2,18.65,1411.4,6.60691511973927,1,3,1,1,0
2,388.38,1,0,38,0,75,1,1,8.92,388.38,2.29671970750296,2,1,9,0,0
1,437.64,1,1,36,1,2,2,0,36.31,437.64,8.29677360387533,2,1,5,1,0
1,432.15,2,1,63,1,2,2,2,34.74,864.3,8.03887539048941,2,3,3,0,0
0,312.43,4,1,39,0,30,0,0,49.87,1249.72,15.9619754825081,1,1,6,0,0
0,151.24,5,0,52,0,32,1,0,10.96,756.2,7.24676011637133,0,2,2,4,0
4,400.46,3,1,64,1,93,0,1,46.97,1201.38,11.7290116366179,2,3,5,5,1
4,412.73,5,1,38,0,61,3,0,33.25,2063.65,8.05611416664648,2,1,1,3,0
1,7.77,3,0,25,1,96,0,2,47.6,23.31,612.612612612613,0,0,4,3,0
4,219.44,4,0,21,0,46,0,0,14.15,877.76,6.44823186292381,1,0,1,0,0
4,293.96,1,0,48,1,61,2,2,24.59,293.96,8.36508368485508,1,2,12,1,0
1,200.74,4,0,57,1,89,2,2,19.74,802.96,9.83361562219787,1,2,1,6,1
4,183.5,3,0,34,0,75,0,2,5.32,550.5,2.8991825613079,1,1,7,5,1
0,309.25,3,1,59,0,82,3,2,37.73,927.75,12.2004850444624,1,2,2,6,1
4,483.2,5,1,26,0,69,0,1,41.9,2416,8.67135761589404,2,1,11,4,0
0,413.05,4,1,47,1,64,0,2,28.46,1652.2,6.89020699673163,2,2,11,2,0
3,463.79,1,0,64,1,22,3,2,5.02,463.79,1.08238642489058,2,3,4,6,1
2,308.97,4,0,43,1,32,0,2,12.5,1235.88,4.04570022979577,1,2,8,5,1
3,206.07,5,1,55,0,50,2,2,38.1,1030.35,18.4888630077158,1,2,7,6,1
0,386.08,2,1,22,0,27,0,0,41.97,772.16,10.8708039784501,2,0,11,5,1
3,370.18,5,0,39,1,9,2,1,0.65,1850.9,0.175590253390243,2,1,10,1,0
0,462.19,2,1,38,0,92,1,1,31.67,924.38,6.85216036694866,2,1,1,6,1
1,388.29,2,1,25,1,79,3,0,9.9,776.58,2.54964073244225,2,0,7,2,0
0,15.76,2,0,32,1,11,0,2,15.73,31.52,99.8096446700508,0,1,5,5,1
1,219.56,5,1,70,0,8,3,2,44.5,1097.8,20.2678083439607,1,3,12,2,0
3,144.71,3,0,53,1,70,3,0,41.15,434.13,28.4361827102481,0,2,10,0,0
4,10.06,2,0,22,0,26,2,1,27.81,20.12,276.441351888668,0,0,4,0,0
4,129.22,3,1,69,0,67,0,0,45.91,387.66,35.5285559510912,0,3,10,6,1
3,232.26,4,1,56,1,51,1,1,34.11,929.04,14.6861276156032,1,2,8,4,0
4,180.03,5,0,53,0,20,1,1,9.48,900.15,5.26578903516081,1,2,1,4,0
4,288.25,3,1,46,0,33,2,2,35.04,864.75,12.1561144839549,1,2,1,2,0
2,221.69,1,0,38,1,85,1,2,45.65,221.69,20.5918174026794,1,1,10,1,0
3,169.91,2,0,48,1,23,2,1,14.78,339.82,8.69872285327526,0,2,7,2,0
2,487.25,1,1,33,1,25,2,2,37.67,487.25,7.73114417650077,2,1,3,4,0
3,59.23,5,0,19,1,89,1,1,19.03,296.15,32.1289886881648,0,0,6,1,0
1,80.1,4,1,23,1,78,2,0,34.55,320.4,43.1335830212235,0,0,4,4,0
1,318.07,4,0,38,0,1,2,2,9.58,1272.28,3.01191561605936,1,1,11,4,0
2,481.2,2,1,48,0,19,2,0,30.32,962.4,6.30091438071488,2,2,8,4,0
2,440.94,1,1,37,0,66,2,1,29.08,440.94,6.59500158751758,2,1,10,6,1
2,216.11,4,1,60,1,52,2,2,42.31,864.44,19.5779926889084,1,2,11,2,0
1,325.29,5,0,60,1,76,3,2,5.45,1626.45,1.67542807955978,1,2,1,6,1
1,282.92,1,0,43,0,10,3,1,4.2,282.92,1.48451859182808,1,2,6,1,0
1,145.13,3,0,26,1,51,3,0,15.43,435.39,10.6318473093089,0,1,5,5,1
0,472.55,4,1,58,0,89,3,0,5.76,1890.2,1.21891863294889,2,2,3,6,1
0,160.96,5,1,25,0,83,1,2,44.08,804.8,27.3856858846919,0,0,7,0,0
1,423.16,5,1,62,0,90,3,1,14.18,2115.8,3.35097835334153,2,3,2,4,0
0,150.87,4,0,28,0,47,2,2,10.56,603.48,6.99940345993239,0,1,2,0,0
0,123.87,3,0,35,0,12,3,2,41.9,371.61,33.8257850972794,0,1,2,6,1
1,468.12,1,0,20,1,57,1,0,3.4,468.12,0.726309493292318,2,0,11,0,0
0,365.26,1,0,30,0,83,2,0,37.85,365.26,10.3624815200131,2,1,4,5,1
4,97.2,5,0,23,1,19,2,1,21.77,486,22.3971193415638,0,0,10,5,1
2,79.18,5,0,44,0,83,3,0,8.65,395.9,10.9244758777469,0,2,9,5,1
0,444.32,4,1,66,0,24,3,2,39.31,1777.28,8.84722722362262,2,3,12,6,1
0,352.88,2,1,68,1,42,1,1,28.08,705.76,7.95737927907504,2,3,11,6,1
3,487.42,3,1,27,1,11,1,2,35.61,1462.26,7.30581428747282,2,1,8,5,1
1,31.43,2,0,68,0,60,0,2,18.09,62.86,57.5564747056952,0,3,12,6,1
1,315.18,2,0,58,1,21,3,0,21.35,630.36,6.77390697379275,1,2,8,6,1
4,277.92,5,1,26,1,67,3,0,48.39,1389.6,17.4114853195164,1,1,10,0,0
4,127.57,1,0,57,1,46,0,1,2.71,127.57,2.12432390060359,0,2,6,5,1
3,5.9,2,0,26,1,1,2,2,23.06,11.8,390.847457627119,0,1,6,3,0
4,310.37,4,0,24,1,48,0,1,16.13,1241.48,5.1970229081419,1,0,5,6,1
4,149.86,4,0,56,1,2,1,0,4.1,599.44,2.73588682770586,0,2,2,1,0
4,128.75,5,0,49,0,2,1,0,29.12,643.75,22.6174757281553,0,2,8,2,0
1,453.14,4,1,61,1,71,1,2,23.44,1812.56,5.17279427991349,2,3,2,4,0
4,456.18,5,1,38,1,72,1,2,41.33,2280.9,9.06002016747775,2,1,11,3,0
1,430.12,4,1,50,1,26,1,2,34.54,1720.48,8.0303171208035,2,2,11,1,0
3,67.24,2,0,23,1,24,3,1,9.13,134.48,13.5782272456871,0,0,3,4,0
4,322.18,2,1,52,0,80,3,0,49.9,644.36,15.4882363895959,1,2,9,5,1
0,374.79,2,0,24,0,32,3,2,6.05,749.58,1.61423730622482,2,0,5,3,0
0,81.21,4,0,41,1,76,3,1,11.87,324.84,14.6164265484546,0,2,4,5,1
1,302.13,1,1,54,1,21,3,1,44.48,302.13,14.7221394763843,1,2,11,5,1
3,488.17,2,1,32,1,59,2,1,15.17,976.34,3.10752401827232,2,1,2,2,0
2,257.68,1,0,49,0,75,0,1,26.67,257.68,10.3500465693884,1,2,11,3,0
2,415.66,5,1,23,0,25,3,0,18.87,2078.3,4.53976807968051,2,0,3,0,0
0,267.85,5,1,44,0,46,0,2,47.26,1339.25,17.6442038454359,1,2,7,4,0
1,455.98,1,0,48,0,36,3,0,24.95,455.98,5.47173121628142,2,2,8,3,0
2,80.31,1,0,55,1,96,0,0,19.03,80.31,23.6956792429336,0,2,4,4,0
2,185.85,2,0,44,0,52,0,1,12.5,371.7,6.7258541834813,1,2,3,2,0
3,295,4,1,52,0,28,3,2,38.29,1180,12.9796610169492,1,2,11,0,0
3,384,1,1,64,1,44,3,0,37.12,384,9.66666666666667,2,3,10,4,0
4,90.18,2,1,45,1,83,2,1,44.24,180.36,49.0574406742071,0,2,8,3,0
4,465.61,1,0,47,0,11,0,2,5.36,465.61,1.15117802452696,2,2,11,5,1
3,427.95,3,1,44,0,94,1,1,18.63,1283.85,4.35331230283912,2,2,7,1,0
1,354.68,3,1,49,1,13,1,1,29.74,1064.04,8.3850231194316,2,2,8,4,0
3,413.82,4,1,34,1,43,0,0,38.1,1655.28,9.20690155139916,2,1,11,1,0
2,481.31,5,1,63,0,98,0,2,47.74,2406.55,9.91876337495585,2,3,11,5,1
3,265.07,2,1,47,0,48,2,0,29.01,530.14,10.9442788697325,1,2,12,1,0
4,298.63,1,0,52,1,55,1,1,28.04,298.63,9.38954559153467,1,2,7,1,0
1,334.49,1,0,48,1,96,1,1,11.2,334.49,3.3483811175222,1,2,12,1,0
3,354.41,4,1,37,0,1,0,2,27.86,1417.64,7.86095200474027,2,1,8,3,0
3,152.1,3,0,34,1,31,2,2,27.65,456.3,18.1788297172913,0,1,12,0,0
2,404.89,2,0,30,0,79,3,0,0.51,809.78,0.125960137321248,2,1,1,4,0
3,81.87,2,0,50,1,72,1,0,0.76,163.74,0.928300964944424,0,2,4,3,0
4,168.08,5,0,53,1,74,3,2,15.39,840.4,9.1563541170871,0,2,10,1,0
4,316.88,2,0,37,1,87,2,0,10.89,633.76,3.43663216359505,1,1,12,4,0
3,235.3,5,0,56,1,31,0,0,14.02,1176.5,5.95835104122397,1,2,10,0,0
1,222.56,5,1,35,0,29,2,2,26.63,1112.8,11.9653127246585,1,1,12,6,1
0,450.1,1,1,35,0,32,0,0,42.22,450.1,9.3801377471673,2,1,7,6,1
4,385.13,3,1,31,0,6,1,1,44.97,1155.39,11.6765767403215,2,1,6,5,1
0,339.13,2,1,59,1,40,2,1,49.24,678.26,14.5195057942382,2,2,7,1,0
4,373.72,2,1,66,0,59,2,1,11.07,747.44,2.96211067109066,2,3,9,4,0
1,62.84,1,0,63,1,33,0,0,20.31,62.84,32.3201782304265,0,3,11,0,0
1,468.52,5,1,30,0,46,2,0,15.16,2342.6,3.23572099376761,2,1,5,3,0
4,76.06,3,0,47,1,59,2,1,20.31,228.18,26.7026032079937,0,2,6,5,1
3,149.88,3,1,25,1,80,0,2,36.11,449.64,24.0926074192688,0,0,11,2,0
2,343.08,1,1,67,1,32,0,2,36.99,343.08,10.7817418677859,2,3,12,6,1
3,124.34,3,0,36,0,29,0,1,31.87,373.02,25.6313334405662,0,1,11,2,0
2,188.51,3,0,25,1,93,3,2,28.89,565.53,15.3254469258925,1,0,8,2,0
2,115.17,3,0,28,0,82,2,2,2.29,345.51,1.98836502561431,0,1,11,5,1
3,167.06,5,0,66,1,63,2,1,23.5,835.3,14.0668023464624,0,3,4,6,1
1,244.37,4,1,18,1,6,1,0,37.37,977.48,15.2923844989156,1,0,9,2,0
0,154.15,4,0,51,0,30,1,0,13.92,616.6,9.030165423289,0,2,9,5,1
0,173.88,1,0,37,1,43,1,1,20.85,173.88,11.9910282953761,1,1,2,5,1
4,94.56,3,0,43,1,95,2,0,41.44,283.68,43.824027072758,0,2,9,5,1
0,419.38,1,1,35,0,79,3,1,41.52,419.38,9.90032905717965,2,1,5,6,1
4,319.84,2,0,54,0,2,3,0,26.01,639.68,8.13219109554778,1,2,11,0,0
2,153.95,1,0,27,1,79,2,2,40.18,153.95,26.0993829165313,0,1,5,6,1
4,70.06,4,0,50,0,25,1,0,48.05,280.24,68.5840707964602,0,2,6,4,0
1,346.05,5,1,20,0,40,2,0,25.08,1730.25,7.24750758560902,2,0,1,6,1
1,86.78,5,0,38,0,57,2,2,19.7,433.9,22.7010831988938,0,1,6,5,1
4,139.41,5,0,69,0,99,2,1,21.73,697.05,15.5871171365038,0,3,9,4,0
1,188.06,3,1,69,1,54,1,1,47.38,564.18,25.1940869935127,1,3,11,3,0
3,314.4,3,1,32,1,62,1,0,25.32,943.2,8.05343511450382,1,1,2,2,0
2,202.29,3,1,35,0,86,0,1,46.28,606.87,22.8780463690741,1,1,9,0,0
3,388.34,2,0,33,1,44,2,0,17.2,776.68,4.42910851315857,2,1,11,5,1
2,69.33,2,0,40,1,44,1,0,2.83,138.66,4.08192701572191,0,1,12,4,0
0,444.38,1,0,70,0,47,0,1,2.58,444.38,0.580584184706783,2,3,10,1,0
3,412.21,2,1,58,1,98,0,0,16.6,824.42,4.027073579001,2,2,11,3,0
4,103.98,4,1,57,0,79,2,2,41.92,415.92,40.3154452779381,0,2,6,1,0
2,17.1,4,1,43,0,15,0,1,41.45,68.4,242.397660818714,0,2,9,3,0
4,363.63,5,0,65,1,79,2,2,12.51,1818.15,3.4403102054286,2,3,3,4,0
3,188.45,3,1,51,0,43,1,2,35.88,565.35,19.0395330326347,1,2,1,6,1
3,363.27,3,1,57,0,83,3,0,35.7,1089.81,9.82740110661492,2,2,2,0,0
1,224.79,3,1,56,0,73,2,2,46.6,674.37,20.7304595400151,1,2,11,6,1
2,143.67,5,1,18,1,0,0,0,40.64,718.35,28.2870467042528,0,0,7,3,0
3,17.64,1,0,67,0,48,2,2,4.15,17.64,23.5260770975057,0,3,3,6,1
0,326.81,5,1,19,1,85,3,1,36.37,1634.05,11.1287904286895,1,0,3,5,1
4,233.05,3,1,21,0,80,2,1,47.84,699.15,20.5277837373954,1,0,12,4,0
1,221.42,2,0,62,1,42,2,0,3.44,442.84,1.55360852678168,1,3,12,6,1
1,121.45,1,0,51,0,36,3,0,16.65,121.45,13.7093454096336,0,2,3,6,1
0,199.72,1,1,25,1,72,1,2,41.96,199.72,21.0094131784498,1,0,1,1,0
4,358.78,2,1,31,1,71,3,2,34.74,717.56,9.68281398071242,2,1,7,6,1
4,38.85,1,0,43,1,59,1,2,42.13,38.85,108.442728442728,0,2,5,6,1
0,32.37,4,0,36,1,68,0,0,10.9,129.48,33.6731541550819,0,1,9,5,1
1,418.99,4,1,62,0,49,3,1,43.26,1675.96,10.3248287548629,2,3,7,3,0
4,18.94,3,0,20,0,14,1,2,34.72,56.82,183.315733896515,0,0,9,6,1
0,450.23,5,1,22,0,75,2,1,4.32,2251.15,0.959509583990405,2,0,7,6,1
3,281.24,2,0,63,1,58,3,2,22.92,562.48,8.14962309771014,1,3,9,3,0
3,12.42,1,0,49,1,82,1,1,13.63,12.42,109.742351046699,0,2,9,6,1
0,238.54,2,0,32,0,71,2,0,14.65,477.08,6.1415276263939,1,1,7,4,0
2,478.24,1,0,27,0,38,1,2,16.33,478.24,3.41460354633657,2,1,7,4,0
1,341.98,4,1,68,0,80,2,2,32.24,1367.92,9.4274518977718,2,3,1,1,0
0,117.36,2,0,38,0,50,2,1,10.59,234.72,9.02351738241309,0,1,12,5,1
2,73.92,1,0,55,1,24,2,0,23.42,73.92,31.6829004329004,0,2,12,4,0
1,158.06,3,0,64,0,14,0,1,13.45,474.18,8.50942679994939,0,3,3,1,0
0,278.61,5,1,52,1,15,1,0,36.3,1393.05,13.0289652202003,1,2,1,6,1
3,208.01,5,1,40,1,84,2,2,48.48,1040.05,23.3065717994327,1,1,8,1,0
2,484.07,2,1,35,1,71,1,0,32.27,968.14,6.66639122440969,2,1,12,5,1
1,477.37,3,1,37,1,48,3,0,30.12,1432.11,6.30957119215703,2,1,4,6,1
0,347.97,2,0,43,1,97,1,1,22.44,695.94,6.44883179584447,2,2,12,3,0
3,432.79,3,1,65,0,72,2,0,43.71,1298.37,10.0995864044918,2,3,12,6,1
3,478.2,5,1,64,0,67,0,1,0.03,2391,0.00627352572145546,2,3,12,3,0
1,395.82,4,1,25,0,54,3,0,26.46,1583.28,6.68485675306958,2,0,7,2,0
4,325.5,1,0,22,0,3,3,2,9.76,325.5,2.99846390168971,1,0,3,2,0
4,419.75,5,1,42,0,89,3,0,22.76,2098.75,5.42227516378797,2,2,2,1,0
2,25.1,1,0,19,0,38,1,1,16.8,25.1,66.9322709163347,0,0,7,1,0
3,222.28,1,0,53,1,48,2,1,5.87,222.28,2.64081338851899,1,2,4,5,1
0,6.75,4,0,40,1,35,1,2,24.14,27,357.62962962963,0,1,1,1,0
1,327.23,2,1,60,1,67,0,0,36.25,654.46,11.0778351618128,1,2,12,3,0
0,270.22,5,1,44,1,49,0,2,24.01,1351.1,8.88535267559766,1,2,7,0,0
0,483.05,5,1,59,1,23,2,2,3.25,2415.25,0.672808197909119,2,2,8,6,1
3,208.14,4,0,18,1,26,1,2,24.39,832.56,11.7180743730182,1,0,3,4,0
4,69.75,4,1,44,0,8,1,1,44.9,279,64.3727598566308,0,2,1,0,0
1,137.91,1,0,67,1,76,3,0,26.16,137.91,18.9688927561453,0,3,5,2,0
4,479.36,5,1,70,0,47,2,2,4.03,2396.8,0.840704272363151,2,3,7,6,1
1,124.54,5,0,31,0,19,2,2,15.96,622.7,12.8151597880199,0,1,5,5,1
3,129.32,3,0,42,0,29,2,2,22.97,387.96,17.7621404268481,0,2,7,5,1
2,286.68,5,1,55,0,10,0,1,42.51,1433.4,14.8283800753453,1,2,7,2,0
3,106.09,5,0,21,1,2,3,1,13.86,530.45,13.0643793005938,0,0,8,4,0
0,435.03,5,1,38,0,7,2,2,18.04,2175.15,4.14684044778521,2,1,1,0,0
1,98.97,4,0,70,0,44,3,1,27.48,395.88,27.7659896938466,0,3,2,0,0
4,290.19,3,1,23,0,47,0,0,21.64,870.57,7.45718322478376,1,0,5,1,0
0,179.14,4,0,53,1,94,3,0,25.22,716.56,14.078374455733,1,2,3,6,1
3,214.8,1,0,29,1,61,3,0,14.54,214.8,6.76908752327747,1,1,5,5,1
2,341.4,2,0,33,0,41,2,2,16.22,682.8,4.7510251903925,2,1,2,4,0
2,374.07,2,0,66,0,54,1,2,13.71,748.14,3.66508942176598,2,3,1,0,0
3,318.58,1,1,47,1,26,1,1,46.46,318.58,14.5834641220416,1,2,12,6,1
0,77.14,1,0,48,0,87,0,0,38.22,77.14,49.546279491833,0,2,12,3,0
1,375.46,5,1,32,1,21,0,0,44.82,1877.3,11.9373568422735,2,1,3,4,0
3,85.8,2,0,30,0,16,1,0,40.94,171.6,47.7156177156177,0,1,1,0,0
4,79.63,2,0,58,0,29,3,1,30.06,159.26,37.7495918623634,0,2,7,2,0
0,496.94,1,1,69,0,39,2,1,45.72,496.94,9.20030587193625,2,3,12,4,0
3,289.25,1,0,25,0,49,1,0,24.51,289.25,8.47363872082973,1,0,8,5,1
1,200.59,2,0,39,0,18,1,1,29.13,401.18,14.5221596290942,1,1,11,3,0
3,217.81,5,0,24,0,24,3,1,2.73,1089.05,1.25338597860521,1,0,4,0,0
4,166.99,5,1,66,1,39,1,1,19.97,834.95,11.9587999281394,0,3,3,6,1
1,321.94,3,1,44,0,69,0,2,41.41,965.82,12.8626452133938,1,2,3,1,0
3,498.85,1,1,20,1,80,1,1,25.53,498.85,5.11777087300792,2,0,2,2,0
4,19.97,5,0,61,1,34,2,1,34.56,99.85,173.059589384076,0,3,8,0,0
0,470.44,4,1,22,1,99,0,1,40.88,1881.76,8.68973726723918,2,0,8,5,1
0,438.44,3,1,61,0,0,3,0,42.79,1315.32,9.75960222607426,2,3,4,1,0
3,191.23,1,0,47,0,56,2,0,3.26,191.23,1.70475343826805,1,2,7,5,1
4,130,4,1,35,1,14,3,2,48.54,520,37.3384615384615,0,1,2,6,1
0,88.77,1,0,52,0,21,0,0,32.86,88.77,37.017010251211,0,2,10,2,0
3,287.74,3,1,55,1,51,3,1,45.99,863.22,15.9831792590533,1,2,12,6,1
2,447.59,2,1,60,0,45,3,0,28.24,895.18,6.30934560647021,2,2,1,2,0
2,45.84,4,0,41,0,81,2,2,3.21,183.36,7.00261780104712,0,2,12,0,0
4,494.81,2,1,49,0,27,3,1,41.87,989.62,8.46183383520947,2,2,3,4,0
3,189.86,2,0,26,0,19,1,1,0.35,379.72,0.18434636047614,1,1,3,6,1
0,38.05,2,0,36,1,5,3,1,36.89,76.1,96.9513797634691,0,1,9,3,0
4,406.83,5,1,63,1,70,0,0,30.09,2034.15,7.39620971904727,2,3,11,6,1
4,187.45,5,1,40,1,58,0,0,37.67,937.25,20.0960256068285,1,1,4,0,0
1,115.99,4,1,53,1,5,0,1,45.95,463.96,39.6154840934563,0,2,6,0,0
4,22.19,1,0,51,1,57,0,2,31.18,22.19,140.513744930149,0,2,3,3,0
2,116.44,2,0,57,0,77,3,0,12.66,232.88,10.8725523874957,0,2,8,4,0
4,116.21,1,0,57,1,98,2,0,37.43,116.21,32.2089321056708,0,2,4,3,0
1,57.19,4,0,51,1,82,2,2,16.74,228.76,29.2708515474733,0,2,8,6,1
1,404.31,4,0,48,0,20,2,0,8.99,1617.24,2.22354134203952,2,2,11,1,0
4,182.43,2,0,51,0,27,3,0,48.93,364.86,26.821246505509,1,2,7,4,0
3,21.59,5,0,22,0,23,2,0,31.08,107.95,143.955534969893,0,0,4,4,0
0,99.07,2,0,62,0,83,3,2,8,198.14,8.07509841526194,0,3,8,6,1
1,92.2,2,0,23,1,81,2,0,14.04,184.4,15.2277657266811,0,0,10,3,0
4,121.02,3,0,35,1,21,1,1,14.62,363.06,12.0806478268055,0,1,3,1,0
3,439.05,2,0,18,1,28,1,0,0.18,878.1,0.0409976084728391,2,0,7,0,0
1,44.19,1,0,46,0,77,0,1,38.51,44.19,87.1464132156597,0,2,10,6,1
0,427.84,3,1,41,1,33,2,0,17.07,1283.52,3.98980927449514,2,2,10,1,0
1,398.05,5,1,46,1,76,0,0,19.5,1990.25,4.89888204999372,2,2,12,0,0
1,203.51,3,0,36,0,13,3,0,29.92,610.53,14.7019802466709,1,1,9,6,1
0,381.11,1,0,24,0,10,2,2,1.55,381.11,0.406706725092493,2,0,2,1,0
0,346.59,4,1,26,1,22,0,2,9.94,1386.36,2.86794194870019,2,1,2,1,0
4,484.11,5,1,28,1,47,2,1,31.36,2420.55,6.47786660056599,2,1,7,6,1
2,385.49,2,1,38,0,34,0,2,48.94,770.98,12.6955303639524,2,1,12,5,1
2,144.01,3,0,23,0,25,0,0,10.97,432.03,7.61752656065551,0,0,11,1,0
0,474.71,4,1,57,0,37,0,1,34.84,1898.84,7.33921762760422,2,2,3,5,1
3,403.64,2,1,48,1,31,1,1,32,807.28,7.92785650579725,2,2,2,2,0
4,235.75,2,0,25,1,81,0,1,7.43,471.5,3.15164369034995,1,0,7,5,1
0,318.96,1,0,32,1,91,0,0,6.9,318.96,2.16328066215199,1,1,1,5,1
2,415.32,1,1,56,1,29,1,2,25.34,415.32,6.10131946450929,2,2,1,1,0
0,232.16,1,0,61,0,94,1,2,36.73,232.16,15.8209855272226,1,3,8,6,1
0,309.67,4,0,20,1,30,1,0,6.39,1238.68,2.06348693770788,1,0,7,1,0
3,398.17,1,1,59,1,25,0,2,32.52,398.17,8.16736569806866,2,2,10,1,0
4,340.19,2,1,44,0,56,3,2,36.58,680.38,10.7528146036039,2,2,5,4,0
4,454.13,5,1,70,1,43,3,2,29.71,2270.65,6.54217955211063,2,3,10,3,0
1,32.39,1,0,28,0,89,1,0,23.68,32.39,73.1089842543995,0,1,1,5,1
3,165.48,2,0,35,1,54,3,0,11.23,330.96,6.78631858834905,0,1,7,3,0
3,464.48,4,1,59,1,45,3,1,30.27,1857.92,6.5169652084051,2,2,6,4,0
1,137.7,5,0,55,0,26,3,1,9.8,688.5,7.11692084241104,0,2,8,4,0
3,295.19,5,1,67,0,61,2,1,14.1,1475.95,4.77658457264813,1,3,1,5,1
0,256.14,5,1,24,0,27,0,0,29.04,1280.7,11.3375497774655,1,0,6,6,1
1,172.01,3,0,59,1,13,1,2,16.78,516.03,9.75524678797744,1,2,6,5,1
3,157.62,5,1,70,0,1,3,2,24.41,788.1,15.4866133739373,0,3,1,4,0
0,54.23,2,0,64,1,27,3,2,6.12,108.46,11.2852664576803,0,3,1,3,0
0,101.15,4,0,28,0,36,0,0,27.96,404.6,27.6421156697973,0,1,12,4,0
4,130.72,1,0,31,0,89,2,0,1.9,130.72,1.45348837209302,0,1,6,5,1
2,187.74,5,0,47,0,97,2,2,25.63,938.7,13.6518589538724,1,2,7,4,0
1,340.95,2,0,47,0,66,1,1,15.09,681.9,4.42586889573251,2,2,3,1,0
3,50.73,2,0,67,0,57,2,1,14.06,101.46,27.7153558052435,0,3,12,5,1
0,72.63,1,0,34,0,56,2,0,21.51,72.63,29.6158612143742,0,1,7,0,0
2,67.57,5,0,23,1,74,0,0,11.61,337.85,17.1821814414681,0,0,2,3,0
0,233.55,2,0,68,0,31,3,1,5.72,467.1,2.44915435666881,1,3,3,3,0
2,306.7,4,1,48,0,53,2,1,39.14,1226.8,12.761656341702,1,2,8,4,0
3,422.68,2,1,51,1,78,0,0,36.33,845.36,8.59515472698022,2,2,1,2,0
3,256.01,2,1,38,0,27,3,0,46.73,512.02,18.2531932346393,1,1,9,4,0
1,312.2,5,0,43,0,71,3,2,0.78,1561,0.249839846252402,1,2,5,3,0
3,425.59,5,1,21,0,45,2,2,48.83,2127.95,11.4734838694518,2,0,1,1,0
1,270.07,4,0,61,1,92,3,0,4.39,1080.28,1.62550449883364,1,3,3,3,0
1,488.26,5,1,20,0,63,3,1,14.17,2441.3,2.90214230123295,2,0,2,6,1
1,252.67,3,1,39,1,23,3,1,34.28,758.01,13.5671033363676,1,1,2,6,1
2,336.88,2,0,28,0,21,3,1,18.74,673.76,5.56281168368559,2,1,9,6,1
3,298.97,2,0,66,1,80,1,0,21.8,597.94,7.29170150851256,1,3,2,0,0
2,322.79,5,1,36,0,85,1,2,17.63,1613.95,5.4617553207968,1,1,2,3,0
1,387.67,4,1,39,0,63,0,2,34.55,1550.68,8.91221915546728,2,1,6,5,1
4,201.18,1,0,28,1,19,3,1,23.42,201.18,11.6413162342181,1,1,10,0,0
4,16.88,2,0,38,1,35,0,2,30.9,33.76,183.056872037915,0,1,6,3,0
2,172.27,3,0,21,0,94,1,0,6.28,516.81,3.64544029720787,1,0,10,1,0
1,432.12,3,1,47,0,42,0,1,16.48,1296.36,3.81375543830418,2,2,9,1,0
4,254.71,2,0,38,0,86,3,1,40.86,509.42,16.0417729967414,1,1,2,5,1
0,191.99,4,1,63,1,34,1,2,41.35,767.96,21.537580082296,1,3,2,0,0
3,74.69,1,0,30,1,58,1,2,47.38,74.69,63.4355335386263,0,1,1,0,0
2,92.66,3,0,54,0,68,0,0,43.22,277.98,46.6436434275847,0,2,10,4,0
2,481.94,4,1,60,0,79,1,2,45.31,1927.76,9.40158525957588,2,2,10,3,0
3,488,2,1,40,0,76,2,2,19.41,976,3.97745901639344,2,1,10,3,0
2,436.57,2,1,57,0,48,2,2,29.41,873.14,6.7366058135007,2,2,4,1,0
3,147.65,5,0,29,1,58,1,1,17.21,738.25,11.655943108703,0,1,9,2,0
3,497.04,4,1,68,1,21,3,0,14.37,1988.16,2.89111540318687,2,3,2,2,0
3,441.11,3,1,47,0,4,0,1,29.39,1323.33,6.66273718573598,2,2,1,1,0
4,53.97,5,0,30,1,21,0,2,17.17,269.85,31.8139707244766,0,1,2,2,0
3,240.8,4,0,27,1,85,2,2,26.05,963.2,10.8181063122924,1,1,10,2,0
2,77.38,5,0,68,1,7,1,1,26.84,386.9,34.6859653657276,0,3,10,2,0
0,74.67,3,0,64,1,77,3,1,43.9,224.01,58.7920182134726,0,3,1,6,1
2,319.49,1,0,38,1,8,1,0,14.57,319.49,4.56039312654543,1,1,8,6,1
1,349.96,2,0,36,0,87,0,0,11.8,699.92,3.37181392159104,2,1,10,0,0
3,412.94,4,1,41,1,38,1,2,9.11,1651.76,2.20613164140069,2,2,4,2,0
0,461.86,2,0,61,0,43,0,0,23.16,923.72,5.01450656042957,2,3,12,2,0
2,382.46,4,1,49,0,77,2,1,48.98,1529.84,12.8065680071119,2,2,2,4,0
2,412.73,2,1,69,1,46,3,0,45.03,825.46,10.9102803285441,2,3,5,4,0
4,278.65,1,1,40,1,31,0,2,26.83,278.65,9.62856630181231,1,1,1,2,0
0,8.07,5,0,68,1,72,0,2,7.41,40.35,91.82156133829,0,3,7,6,1
4,149.58,3,1,47,0,49,2,0,39.18,448.74,26.1933413557962,0,2,3,5,1
2,86.22,1,0,61,0,3,0,0,31.96,86.22,37.0679656692183,0,3,6,4,0
1,163.58,5,0,28,1,25,2,2,1.55,817.9,0.947548600073359,0,1,6,5,1
3,250.16,4,1,70,0,97,3,1,38.12,1000.64,15.2382475215862,1,3,2,4,0
0,451.11,4,1,26,0,22,0,0,36.06,1804.44,7.99361574782204,2,1,10,1,0
2,165.08,5,0,68,1,35,0,0,15.18,825.4,9.1955415556094,0,3,12,3,0
4,157.1,2,0,45,0,53,3,0,31.84,314.2,20.2673456397199,0,2,9,6,1
0,119.55,4,1,34,0,36,0,1,46.78,478.2,39.1300710999582,0,1,12,3,0
3,240.24,5,1,65,0,19,0,1,20.81,1201.2,8.66217116217116,1,3,3,0,0
3,275.01,5,0,49,1,87,3,0,6.86,1375.05,2.49445474710011,1,2,1,5,1
4,207.52,2,0,60,1,69,3,0,4.82,415.04,2.32266769468003,1,2,9,1,0
0,211.43,5,0,35,1,99,0,0,9.93,1057.15,4.69658988790616,1,1,4,3,0
4,453.63,1,0,37,0,22,2,2,21.19,453.63,4.67120781253445,2,1,8,6,1
0,338.51,5,1,21,0,23,0,1,18.49,1692.55,5.46217246167026,2,0,6,4,0
2,8.59,1,0,25,1,97,1,0,33.64,8.59,391.618160651921,0,0,2,4,0
1,415.89,3,1,45,0,48,3,2,36.9,1247.67,8.87253841159922,2,2,6,1,0
1,306.15,2,1,43,1,4,2,1,39.46,612.3,12.8891066470684,1,2,5,2,0
3,51.25,1,1,30,0,9,0,2,45.93,51.25,89.619512195122,0,1,7,4,0
1,62.06,2,0,70,0,25,1,2,44.81,124.12,72.2043184015469,0,3,1,6,1
4,290.87,3,0,24,1,64,1,2,14.04,872.61,4.82689861450132,1,0,4,3,0
4,345.65,1,1,26,0,24,3,0,40.44,345.65,11.6996962245046,2,1,7,0,0
4,76.11,5,1,32,0,50,3,2,41.15,380.55,54.0664827223755,0,1,6,2,0
2,249.18,5,1,20,0,78,0,1,43.71,1245.9,17.5415362388635,1,0,6,6,1
2,15.57,4,0,33,1,79,3,2,15.84,62.28,101.734104046243,0,1,5,6,1
3,210.84,4,0,23,0,85,0,2,14.94,843.36,7.08594194649971,1,0,4,0,0
3,427.08,4,1,20,0,6,0,2,34.62,1708.32,8.10620960944085,2,0,7,4,0
2,97.95,2,0,64,0,42,3,1,3.63,195.9,3.70597243491577,0,3,7,6,1
0,96.21,5,0,18,1,17,1,0,20.33,481.05,21.1308595780064,0,0,8,0,0
0,106.33,1,0,62,0,79,0,2,6.64,106.33,6.24470986551303,0,3,3,2,0
0,142.08,2,0,54,1,73,0,0,26.61,284.16,18.7288851351351,0,2,5,2,0
3,286.27,1,1,50,1,10,1,0,48.27,286.27,16.8617039857477,1,2,1,0,0
4,456.73,1,1,54,0,76,2,0,31.91,456.73,6.9866222932586,2,2,11,5,1
0,453.04,2,1,30,1,19,2,2,36.78,906.08,8.11848843369239,2,1,8,3,0
0,125.86,4,0,38,1,91,0,2,20.76,503.44,16.4945177180995,0,1,11,1,0
3,290.71,5,1,43,0,75,3,1,23.33,1453.55,8.02517973237935,1,2,12,1,0
1,214.01,5,0,29,1,94,0,0,11.64,1070.05,5.43899817765525,1,1,6,4,0
4,447.53,1,1,45,1,31,1,1,25.96,447.53,5.80072844278596,2,2,1,6,1
2,49.13,1,0,48,0,77,3,1,15.16,49.13,30.8569102381437,0,2,8,3,0
0,499.68,2,1,34,0,16,2,2,49.62,999.36,9.93035542747358,2,1,3,0,0
2,133.29,5,0,48,0,48,2,2,34.52,666.45,25.8984169855203,0,2,8,1,0
0,171.26,3,0,36,0,19,1,1,19.7,513.78,11.5029779282962,0,1,7,4,0
4,263.61,4,1,45,1,42,3,0,41.12,1054.44,15.5988012594363,1,2,8,4,0
4,141.66,3,0,26,0,2,3,1,5.53,424.98,3.90371311591134,0,1,1,3,0
3,130.45,3,0,57,1,69,2,0,43.69,391.35,33.491759294749,0,2,12,1,0
3,89.54,5,0,56,1,42,1,2,1.62,447.7,1.80924726379272,0,2,2,4,0
1,432.74,1,0,20,1,37,3,1,8.91,432.74,2.05897305541434,2,0,12,2,0
0,448.19,2,0,38,0,69,2,2,27.21,896.38,6.07108592338071,2,1,8,6,1
4,151.82,1,0,27,0,0,1,0,27.68,151.82,18.232116980635,0,1,7,0,0
1,246.99,3,0,53,1,69,0,1,43.05,740.97,17.4298554597352,1,2,2,0,0
4,393.67,2,1,60,1,66,3,0,46.63,787.34,11.8449462747987,2,2,10,4,0
1,410.86,4,1,45,0,21,3,1,17.84,1643.44,4.34211166820815,2,2,6,0,0
2,357.36,5,1,70,1,30,1,0,46.9,1786.8,13.124020595478,2,3,8,6,1
3,174.11,5,1,23,1,12,0,1,21.71,870.55,12.469128711734,1,0,2,2,0
0,81.35,3,0,43,0,95,3,1,33.66,244.05,41.3767670559312,0,2,3,1,0
3,240.51,3,0,33,0,84,3,2,20.53,721.53,8.53602760799967,1,1,7,2,0
3,47.81,3,0,42,0,77,0,1,1.38,143.43,2.88642543400962,0,2,12,0,0
3,417.73,5,1,54,0,60,0,1,26.25,2088.65,6.28396332559309,2,2,10,5,1
2,359.91,3,1,25,1,44,0,1,41.08,1079.73,11.4139646022617,2,0,3,2,0
4,167.89,1,0,52,0,51,3,1,16.8,167.89,10.006551908988,0,2,12,0,0
1,278.81,5,1,51,1,21,3,2,38.59,1394.05,13.8409669667516,1,2,3,3,0
4,396.25,2,1,49,0,23,0,0,41.43,792.5,10.4555205047319,2,2,4,4,0
4,283.04,4,0,53,0,70,3,2,18.45,1132.16,6.51851328434143,1,2,12,0,0
0,56.1,4,0,67,1,0,3,1,29.58,224.4,52.7272727272727,0,3,4,6,1
0,245.22,5,0,18,1,98,0,1,7.46,1226.1,3.04216621808988,1,0,2,3,0
4,463.64,1,1,67,0,80,2,0,16.64,463.64,3.58899145889052,2,3,2,4,0
1,393.53,4,0,70,0,91,3,1,2.83,1574.12,0.719131959444007,2,3,4,4,0
3,423.72,1,1,69,0,41,0,0,35.17,423.72,8.30029264608704,2,3,9,5,1
4,325.4,5,1,32,0,26,3,1,36.81,1627,11.3122311001844,1,1,4,4,0
4,180.14,3,0,24,1,11,1,2,27.68,540.42,15.3658265793272,1,0,5,0,0
3,368.68,3,1,39,1,16,0,0,7.71,1106.04,2.09124443962244,2,1,6,6,1
3,120.14,4,1,50,1,15,3,1,42.82,480.56,35.6417512901615,0,2,2,6,1
2,383.35,3,0,64,0,59,0,2,4.45,1150.05,1.16081909482196,2,3,12,5,1
2,300.76,1,0,60,1,43,0,2,28.36,300.76,9.42944540497407,1,2,2,1,0
4,143.72,1,0,32,0,26,0,1,14.1,143.72,9.8107431116059,0,1,4,6,1
4,229.1,4,0,41,1,21,1,1,13.17,916.4,5.74858140549978,1,2,5,5,1
4,184.6,1,0,69,0,73,0,0,37.34,184.6,20.2275189599133,1,3,3,4,0
3,90,2,0,19,1,39,1,2,24.37,180,27.0777777777778,0,0,7,5,1
0,236.91,2,0,63,0,23,2,1,19.75,473.82,8.33649909248238,1,3,5,3,0
4,285.32,3,0,39,1,24,2,2,4.56,855.96,1.5982055236226,1,1,7,5,1
3,452.21,1,1,31,0,64,2,1,37.68,452.21,8.33241193250923,2,1,2,6,1
1,361.22,1,0,18,0,12,0,0,5.76,361.22,1.59459609102486,2,0,1,6,1
0,139.4,3,0,68,0,25,2,0,24.73,418.2,17.7403156384505,0,3,11,1,0
4,281.44,2,1,48,1,4,1,0,46.25,562.88,16.4333428084139,1,2,2,3,0
3,397.47,3,1,23,1,4,1,1,44.88,1192.41,11.291418220243,2,0,7,0,0
0,67.61,4,0,50,0,91,3,1,18.1,270.44,26.7711876941281,0,2,4,6,1
4,188.05,2,0,30,0,98,1,0,23.16,376.1,12.3158734379155,1,1,5,2,0
2,233.29,2,1,18,0,62,1,1,46.89,466.58,20.0994470401646,1,0,9,0,0
0,190.1,2,0,23,0,61,2,0,21.43,380.2,11.273014203051,1,0,7,2,0
4,140.05,3,0,29,0,15,1,0,23.39,420.15,16.7011781506605,0,1,9,2,0
4,424.97,1,1,68,1,53,2,0,38.61,424.97,9.08534720097889,2,3,6,1,0
2,257.63,2,0,29,1,19,0,1,8.57,515.26,3.32647595388736,1,1,9,6,1
3,440.18,1,1,55,0,8,3,0,40.65,440.18,9.23485846699078,2,2,7,2,0
1,435.02,2,1,59,1,35,3,2,45.97,870.04,10.5673302376902,2,2,8,6,1
2,21.61,5,0,46,1,92,2,2,39.95,108.05,184.868116612679,0,2,4,5,1
1,450.62,4,1,46,0,68,2,1,34.48,1802.48,7.65167990768275,2,2,10,0,0
2,247.25,4,0,21,1,16,1,2,31.87,989,12.8897876643074,1,0,3,4,0
3,80.86,1,0,37,0,89,1,2,27.25,80.86,33.700222606975,0,1,10,1,0
1,92.11,4,0,49,1,17,0,1,2.39,368.44,2.594723699924,0,2,8,0,0
2,329.5,3,0,24,0,61,0,1,18.54,988.5,5.62670713201821,1,0,9,1,0
4,341.29,1,0,44,1,14,1,2,5.28,341.29,1.54707140554953,2,2,10,4,0
3,93.46,1,0,64,0,73,3,0,43.48,93.46,46.5225765033169,0,3,8,5,1
0,307.05,2,1,27,0,22,0,0,38.25,614.1,12.457254518808,1,1,3,5,1
2,369.59,4,1,36,1,92,0,2,8.48,1478.36,2.29443437322438,2,1,1,5,1
0,478.16,3,1,20,1,75,0,2,39.31,1434.48,8.22109754057219,2,0,3,6,1
2,297.2,2,0,64,0,12,2,0,6.79,594.4,2.28465679676985,1,3,5,3,0
2,331.94,1,0,57,0,28,0,1,27.78,331.94,8.36898234620715,1,2,3,6,1
0,136.55,3,0,61,1,93,3,1,7.48,409.65,5.4778469425119,0,3,10,0,0
1,403.66,1,1,21,1,11,1,0,32,403.66,7.92746370708022,2,0,11,1,0
2,129.7,1,0,49,0,64,0,1,45.64,129.7,35.1888974556669,0,2,8,4,0
1,325.47,5,0,64,1,7,3,1,1.4,1627.35,0.430147171782346,1,3,11,2,0
0,139.79,2,0,38,0,62,1,0,10.35,279.58,7.40396308748838,0,1,8,5,1
1,265.98,4,1,24,1,75,0,2,38.85,1063.92,14.6063613805549,1,0,6,3,0
1,217.78,5,1,22,1,66,3,2,44.52,1088.9,20.4426485444026,1,0,5,1,0
0,11.96,1,0,54,0,42,0,2,30.92,11.96,258.528428093646,0,2,4,0,0
3,47.3,5,1,51,0,55,3,2,39.85,236.5,84.2494714587738,0,2,8,1,0
0,322.55,3,1,38,0,81,0,0,29.79,967.65,9.23577739885289,1,1,1,5,1
3,487.84,1,1,25,0,4,3,2,24.57,487.84,5.03648737290915,2,0,12,1,0
3,81.58,3,0,44,1,2,0,1,39.89,244.74,48.8967884285364,0,2,1,5,1
3,70.42,2,0,64,0,20,0,0,2.33,140.84,3.3087191138881,0,3,7,1,0
2,363.8,1,0,37,0,99,3,0,33.68,363.8,9.25783397471138,2,1,1,2,0
1,472.93,3,1,34,0,65,1,1,8.8,1418.79,1.86074049013596,2,1,1,6,1
0,453.32,4,1,58,1,85,0,2,47.38,1813.28,10.4517779934704,2,2,11,2,0
3,443.89,2,1,68,0,8,3,2,48.26,887.78,10.8720628984658,2,3,6,2,0
0,326.8,4,1,63,1,38,2,1,30.67,1307.2,9.38494492044064,1,3,12,6,1
4,291.62,2,0,38,0,0,2,2,21.79,583.24,7.47205267128455,1,1,12,0,0
1,434.75,4,1,63,1,6,2,0,48.45,1739,11.1443358251869,2,3,5,5,1
1,394.76,1,0,67,0,4,0,2,25.5,394.76,6.45962103556591,2,3,2,4,0
0,36.05,2,0,19,1,65,1,1,2.21,72.1,6.13037447988904,0,0,6,3,0
3,477.27,5,1,44,1,27,0,2,1.86,2386.35,0.389716512665787,2,2,5,5,1
3,478.9,3,1,50,0,41,1,1,31.9,1436.7,6.6610983503863,2,2,5,5,1
1,94.16,4,1,59,1,45,2,1,46.12,376.64,48.9804587935429,0,2,3,0,0
2,384.36,2,1,38,0,45,0,1,45.33,768.72,11.7936309709647,2,1,4,3,0
3,47.56,4,0,31,1,55,2,0,0.08,190.24,0.168208578637511,0,1,1,3,0
0,421.01,3,1,66,1,15,0,0,40.41,1263.03,9.5983468326168,2,3,7,1,0
4,326.27,2,0,21,0,51,0,1,8.88,652.54,2.72167223465228,1,0,3,3,0
3,415.97,1,1,55,0,72,1,1,27.23,415.97,6.54614515469866,2,2,1,1,0
2,87.98,3,0,50,0,77,1,1,33.67,263.94,38.2700613775858,0,2,12,2,0
3,119.85,2,0,56,0,21,1,0,17.99,239.7,15.0104297037964,0,2,5,3,0
1,207.29,1,1,64,1,41,1,2,29.22,207.29,14.0961937382411,1,3,11,0,0
4,211.13,1,0,46,1,22,2,1,2.03,211.13,0.961492919054611,1,2,3,3,0
4,223.42,4,1,29,1,80,3,1,47.08,893.68,21.0724196580432,1,1,8,6,1
2,58.64,4,1,31,0,27,1,1,49.67,234.56,84.7032742155525,0,1,7,0,0
3,478.55,4,1,60,0,94,2,0,49.05,1914.2,10.2497126737018,2,2,11,1,0
3,197.18,3,0,60,1,98,1,1,20.29,591.54,10.2900902728471,1,2,4,4,0
1,103.29,1,0,50,1,76,3,0,20.39,103.29,19.7405363539549,0,2,7,5,1
1,51.73,3,0,44,1,8,1,0,34.09,155.19,65.8998646820027,0,2,11,5,1
3,58.12,3,0,46,1,50,3,0,33.31,174.36,57.3124569855472,0,2,3,2,0
4,493.18,5,1,62,1,31,2,1,46.47,2465.9,9.42252321667545,2,3,4,2,0
3,312.66,3,1,21,1,1,0,2,36.87,937.98,11.792362310497,1,0,5,1,0
4,356.55,1,0,53,0,22,1,0,14.87,356.55,4.17052306829337,2,2,11,4,0
1,191.51,5,0,36,0,21,1,1,3.6,957.55,1.8797973996136,1,1,12,5,1
1,176.42,3,0,38,0,58,2,2,37.41,529.26,21.2050787892529,1,1,7,2,0
4,193.61,4,0,38,0,16,2,2,3.04,774.44,1.57016683022571,1,1,5,0,0
2,81.17,3,0,62,0,17,1,0,15.3,243.51,18.8493285696686,0,3,1,5,1
0,229.04,3,1,19,0,26,2,2,33.61,687.12,14.6742926999651,1,0,1,5,1
2,219.8,3,1,37,1,42,2,1,37.21,659.4,16.9290263876251,1,1,10,5,1
2,75.02,2,0,62,0,64,2,0,9.08,150.04,12.1034390829112,0,3,2,6,1
4,164.3,1,0,23,0,55,2,2,20.29,164.3,12.3493609251369,0,0,1,6,1
4,318.61,2,0,43,0,65,1,1,7.01,637.22,2.20018204073946,1,2,1,1,0
4,368.39,3,0,52,1,30,1,1,6.58,1105.17,1.78615054697467,2,2,6,3,0
1,450.01,3,1,25,1,91,3,1,19.74,1350.03,4.38656918735139,2,0,3,3,0
2,6.91,5,0,55,1,71,3,1,42.87,34.55,620.40520984081,0,2,6,5,1
4,90.74,4,0,51,0,56,0,1,9.33,362.96,10.2821247520388,0,2,4,2,0
0,163.94,4,0,25,0,30,0,1,4.66,655.76,2.84250335488593,0,0,7,2,0
2,427.92,4,1,54,0,60,3,2,29.4,1711.68,6.87044307347168,2,2,1,4,0
0,21.48,5,0,50,0,37,3,0,42.03,107.4,195.670391061453,0,2,7,1,0
4,52.58,5,0,48,1,49,3,0,16.09,262.9,30.6009889691898,0,2,8,1,0
4,104.41,2,0,44,1,80,0,1,2.18,208.82,2.08792261277655,0,2,4,0,0
2,230.07,5,1,35,0,59,1,1,23.41,1150.35,10.1751640804972,1,1,2,6,1
4,63.6,1,0,35,1,11,3,1,22.49,63.6,35.3616352201258,0,1,9,5,1
3,453.99,5,1,54,1,13,0,2,43.47,2269.95,9.57510077314478,2,2,3,5,1
2,371.33,1,1,39,0,72,0,1,38.26,371.33,10.3035036221151,2,1,12,4,0
1,236.06,2,1,51,0,25,0,2,47.01,472.12,19.9144285351182,1,2,3,1,0
4,47.81,2,0,42,1,37,2,2,30.04,95.62,62.8320435055428,0,2,4,1,0
2,75.41,1,0,61,1,8,2,2,13.82,75.41,18.3264818989524,0,3,1,5,1
1,486.6,5,1,32,1,38,1,1,42.36,2433,8.70530209617756,2,1,6,0,0
0,18.79,2,0,52,1,44,2,0,35.67,37.58,189.835018626929,0,2,10,1,0
2,197.54,1,0,25,1,41,0,1,40.48,197.54,20.4920522425838,1,0,7,3,0
2,78.12,4,0,67,1,10,3,0,9.11,312.48,11.6615463389657,0,3,7,1,0
1,472.83,3,0,45,0,21,0,2,2.32,1418.49,0.490662606010617,2,2,2,1,0
0,157.19,5,0,34,0,80,1,0,9.36,785.95,5.95457726318468,0,1,6,2,0
3,68.22,4,0,64,1,22,0,2,9.16,272.88,13.4271474640868,0,3,1,0,0
1,108.8,5,0,19,0,5,2,2,15.21,544,13.9797794117647,0,0,3,0,0
3,215.33,1,0,60,0,73,3,1,46.57,215.33,21.6272697719779,1,2,10,1,0
4,479.05,5,1,35,0,87,1,0,37.45,2395.25,7.81755557874961,2,1,2,1,0
3,183.59,3,1,25,0,86,3,2,41.29,550.77,22.4903317174138,1,0,2,4,0
2,330.74,5,1,51,1,2,0,2,27.27,1653.7,8.24514724557054,1,2,5,6,1
1,401.99,3,1,22,1,70,3,2,13.04,1205.97,3.24386178760666,2,0,2,6,1
2,241.99,3,0,42,1,41,3,0,26.76,725.97,11.0583081945535,1,2,2,3,0
2,391.62,5,1,29,0,92,2,2,18.49,1958.1,4.72141361523926,2,1,2,2,0
3,479.18,4,1,33,1,94,2,2,33.06,1916.72,6.89928628072958,2,1,9,6,1
4,203.32,5,0,62,0,96,1,0,31.48,1016.6,15.4829824906551,1,3,11,0,0
0,375.17,2,1,28,0,30,1,1,33.09,750.34,8.820001599275,2,1,12,6,1
4,119.37,5,1,68,0,54,0,2,48.54,596.85,40.6634832872581,0,3,9,3,0
2,26.53,3,0,27,0,30,3,0,32.04,79.59,120.768940821711,0,1,9,1,0
3,50.47,2,1,25,1,91,0,0,44.94,100.94,89.0429958391123,0,0,2,0,0
4,336.91,5,1,28,1,88,3,0,29.71,1684.55,8.81837879552403,2,1,6,3,0
4,308.61,5,1,63,0,0,0,1,35.17,1543.05,11.3962606526036,1,3,12,2,0
1,263.83,2,0,25,0,50,2,2,27.89,527.66,10.5712011522571,1,0,11,4,0
2,345.97,1,1,46,0,33,2,2,20.15,345.97,5.82420441078706,2,2,12,4,0
3,161.19,4,0,48,1,86,2,2,9.41,644.76,5.83783113096346,0,2,5,2,0
4,307.63,3,0,20,1,83,0,1,11.99,922.89,3.89753925169847,1,0,5,3,0
3,128.65,4,1,45,0,88,3,0,35.66,514.6,27.7186164010882,0,2,5,1,0
3,55.15,4,0,42,0,13,0,0,36.01,220.6,65.2946509519492,0,2,3,2,0
4,112.24,2,0,19,0,53,3,2,8.05,224.48,7.17213114754099,0,0,10,2,0
2,198.37,5,0,43,1,25,1,0,21.86,991.85,11.0198114634269,1,2,12,4,0
4,473.82,5,1,34,0,17,3,1,17.2,2369.1,3.63007049090372,2,1,9,4,0
2,282.02,2,1,69,1,64,1,2,42.96,564.04,15.2329622012623,1,3,9,6,1
4,474.68,5,1,22,1,30,0,2,2.14,2373.4,0.450830032864245,2,0,7,2,0
4,482.65,4,1,30,0,99,1,0,24.97,1930.6,5.1735211851238,2,1,8,5,1
4,437.04,1,1,45,0,29,2,2,41.59,437.04,9.51629141497346,2,2,5,5,1
2,287.66,2,1,42,1,43,3,0,40.73,575.32,14.1590766877564,1,2,4,0,0
0,45.76,2,0,31,1,24,0,0,43.99,91.52,96.131993006993,0,1,12,0,0
1,157.02,3,0,50,0,76,3,0,8.94,471.06,5.69354222392052,0,2,11,3,0
0,93.9,1,0,32,0,80,3,0,42.49,93.9,45.2502662406816,0,1,3,2,0
2,98.03,4,0,53,0,49,0,1,27.71,392.12,28.266857084566,0,2,9,2,0
4,221,1,0,50,1,29,3,0,42.21,221,19.0995475113122,1,2,11,1,0
4,105.91,3,0,40,1,70,1,1,10.82,317.73,10.2162213199887,0,1,4,6,1
4,244.45,3,0,19,0,57,1,2,8.62,733.35,3.52628349355696,1,0,5,4,0
3,375.87,4,1,18,1,66,1,0,45.72,1503.48,12.1637800303296,2,0,4,1,0
4,419.25,4,1,53,1,82,0,1,42.41,1677,10.1156827668456,2,2,10,6,1
0,127.12,2,0,65,1,68,1,1,27.52,254.24,21.648835745752,0,3,7,2,0
1,491.32,5,1,59,0,69,1,0,26.51,2456.6,5.39566881055117,2,2,5,4,0
2,206.37,2,0,35,0,63,3,1,7.93,412.74,3.84261278286573,1,1,10,1,0
1,203.85,2,1,39,0,98,2,2,42.92,407.7,21.0546970811872,1,1,4,6,1
3,338.75,2,0,57,0,15,2,2,1.18,677.5,0.348339483394834,2,2,11,0,0
2,159.26,5,0,59,1,23,3,0,16.61,796.3,10.429486374482,0,2,1,0,0
0,204.76,1,0,57,0,50,2,0,32.55,204.76,15.8966595038093,1,2,6,4,0
4,259.36,4,0,19,1,0,0,2,4.53,1037.44,1.74660703269587,1,0,3,6,1
4,235.77,2,0,23,0,75,2,0,3.05,471.54,1.29363362599143,1,0,12,4,0
3,485.34,2,1,52,0,73,2,0,39.12,970.68,8.06032884163679,2,2,1,6,1
0,254.19,2,0,34,0,8,3,0,19.11,508.38,7.51799834769267,1,1,12,6,1
2,9.93,5,0,19,1,13,0,2,8.61,49.65,86.7069486404834,0,0,12,5,1
2,299.53,5,1,18,1,2,3,1,47.42,1497.65,15.8314693019063,1,0,2,6,1
3,134.93,4,0,51,1,66,2,1,2.55,539.72,1.88986882087008,0,2,1,0,0
3,175.17,4,1,55,0,85,1,2,43.59,700.68,24.8843980133585,1,2,7,0,0
1,464.78,3,1,50,1,60,3,1,38.97,1394.34,8.38461207452989,2,2,2,4,0
4,254.14,1,0,41,0,16,2,0,22.89,254.14,9.00684661997324,1,2,3,0,0
4,125.03,1,0,33,1,86,3,0,38.55,125.03,30.8326001759578,0,1,11,6,1
1,250.07,4,0,29,0,30,3,2,2.43,1000.28,0.971727916183469,1,1,9,4,0
3,340.88,4,1,27,0,43,0,2,16.04,1363.52,4.70546819995306,2,1,7,2,0
0,17.5,3,0,31,0,64,1,2,34.33,52.5,196.171428571429,0,1,8,4,0
0,426.34,4,1,58,0,87,2,0,40.22,1705.36,9.43378524182577,2,2,4,4,0
1,399.01,2,0,40,0,27,1,2,1.88,798.02,0.471166136187063,2,1,2,1,0
1,372.87,2,1,30,1,55,1,0,42.01,745.74,11.266661302867,2,1,3,4,0
1,278.1,5,0,65,1,41,0,2,34.24,1390.5,12.3121179431859,1,3,11,0,0
4,107.65,2,0,31,1,94,3,2,1.8,215.3,1.67208546214584,0,1,4,2,0
4,347.37,1,1,26,0,94,2,2,21.62,347.37,6.22391110343438,2,1,7,2,0
2,391.9,5,1,50,0,35,1,2,32.53,1959.5,8.30058688440929,2,2,3,5,1
1,406.73,5,1,52,1,63,1,0,42.81,2033.65,10.5254099771347,2,2,9,4,0
3,428.98,4,1,35,1,29,0,0,25.35,1715.92,5.90936640402816,2,1,8,1,0
1,210.74,2,0,24,0,75,1,1,1.98,421.48,0.939546360444149,1,0,2,5,1
2,46.46,5,0,46,0,14,3,2,6.36,232.3,13.6891950064572,0,2,1,4,0
4,24.35,1,0,45,1,21,2,0,23.25,24.35,95.482546201232,0,2,8,6,1
2,448.34,3,0,26,0,58,1,1,3.66,1345.02,0.816344738368203,2,1,12,2,0
3,157.44,5,1,30,0,46,3,0,39.83,787.2,25.2985264227642,0,1,5,3,0
1,475.61,1,1,53,0,93,0,1,28.53,475.61,5.99861230840395,2,2,2,3,0
0,123.02,3,0,40,0,18,2,2,20.21,369.06,16.4282230531621,0,1,2,4,0
4,370.69,2,1,32,0,95,3,2,24.48,741.38,6.60390083358062,2,1,10,2,0
2,244.24,1,0,42,1,39,3,1,14.4,244.24,5.8958401572224,1,2,6,5,1
4,159.08,1,0,59,1,70,1,0,44.19,159.08,27.7784762383706,0,2,1,1,0
4,202.99,2,0,28,0,18,3,2,26.29,405.98,12.951376915119,1,1,4,4,0
2,197.88,1,0,66,1,70,2,2,49.32,197.88,24.9241964827168,1,3,1,4,0
0,100.61,3,0,49,1,48,0,0,3.85,301.83,3.82665738992148,0,2,5,2,0
1,266.32,1,0,19,0,56,1,2,25.41,266.32,9.54115349954942,1,0,2,0,0
0,222.46,3,1,43,1,14,3,2,40.35,667.38,18.1380922413018,1,2,10,6,1
1,161.32,5,1,60,0,65,3,1,43.59,806.6,27.0208281676172,0,2,5,1,0
1,313.72,5,1,21,0,89,0,2,13.86,1568.6,4.4179523141655,1,0,1,1,0
1,415.87,3,1,45,1,87,2,2,28.9,1247.61,6.94928703681439,2,2,10,6,1
3,43.58,4,0,24,0,72,2,2,12.63,174.32,28.9811840293713,0,0,3,0,0
0,261.06,5,1,64,0,12,0,1,40.74,1305.3,15.6056079062285,1,3,5,5,1
3,418.69,2,1,31,1,62,0,0,16.24,837.38,3.87876471852683,2,1,1,6,1
3,406.52,5,1,63,0,61,3,1,38.72,2032.6,9.52474662993211,2,3,12,6,1
2,73.47,1,0,37,0,72,1,1,10.09,73.47,13.7334966653056,0,1,3,3,0
3,455.89,1,0,68,1,65,0,2,8.64,455.89,1.89519401610038,2,3,3,1,0
1,91.54,2,0,37,0,4,1,0,31.41,183.08,34.3128686912825,0,1,3,1,0
1,327.57,2,0,58,1,33,2,2,1.67,655.14,0.509814696095491,1,2,6,6,1
0,470.65,4,1,50,0,86,3,1,46.22,1882.6,9.82046106448529,2,2,9,6,1
4,409.21,4,1,54,0,21,0,1,12.62,1636.84,3.08399110481171,2,2,3,2,0
4,470.55,2,1,26,1,74,2,2,11.63,941.1,2.47157581553501,2,1,8,5,1
1,20.5,4,0,44,0,82,1,0,47.82,82,233.268292682927,0,2,2,0,0
1,103.7,5,1,55,0,89,2,0,42.24,518.5,40.7328833172613,0,2,11,1,0
0,136.67,2,0,60,1,92,3,0,31.91,273.34,23.3482110192434,0,2,2,4,0
0,130.5,4,0,69,0,9,0,2,36.54,522,28,0,3,1,4,0
3,141.03,4,0,51,1,20,0,0,17.31,564.12,12.2739842586684,0,2,10,1,0
3,181.26,5,0,20,0,56,0,0,20.73,906.3,11.4366103939093,1,0,2,6,1
1,475.09,5,1,43,1,90,0,0,23.58,2375.45,4.96327011724094,2,2,12,4,0
3,113.27,1,0,28,1,62,0,0,47.86,113.27,42.2530237485654,0,1,9,6,1
1,409.29,4,1,19,1,59,3,1,41.05,1637.16,10.0295633902612,2,0,10,4,0
0,83.92,1,0,44,1,1,0,2,36.77,83.92,43.8155386081983,0,2,4,4,0
2,119.95,2,0,33,1,75,3,0,6.19,239.9,5.16048353480617,0,1,7,5,1
0,383.86,5,1,44,0,88,0,1,6.71,1919.3,1.74803313708123,2,2,1,5,1
0,70.78,4,0,62,0,30,1,0,19.61,283.12,27.7055665442215,0,3,11,4,0
3,468.6,3,1,25,1,78,3,2,29.65,1405.8,6.32735808792147,2,0,6,4,0
0,142.88,2,0,65,1,0,1,2,17.89,285.76,12.5209966405375,0,3,1,1,0
2,173.39,3,0,40,0,94,3,1,6.53,520.17,3.76607647499856,1,1,11,6,1
1,199.76,1,1,44,1,32,1,0,41.54,199.76,20.7949539447337,1,2,4,1,0
0,50.77,4,0,49,1,25,3,2,35.98,203.08,70.8686232026787,0,2,7,2,0
0,290.29,2,0,28,1,1,1,1,18.17,580.58,6.25925798339592,1,1,8,6,1
1,224.45,2,1,65,0,20,3,0,23.58,448.9,10.5056805524616,1,3,11,1,0
3,149.66,2,0,25,0,75,2,2,26.36,299.32,17.6132567152212,0,0,11,5,1
0,55.31,5,0,48,1,59,1,0,2.64,276.55,4.77309708913397,0,2,8,3,0
0,143.91,1,0,52,1,97,3,1,10.38,143.91,7.21284135918282,0,2,11,1,0
4,99.27,5,0,61,0,39,3,2,0.42,496.35,0.423088546388637,0,3,3,3,0
1,47.38,4,0,20,1,76,0,1,1.89,189.52,3.98902490502322,0,0,8,1,0
1,214.16,2,0,41,1,68,1,2,23.03,428.32,10.7536421367202,1,2,7,5,1
3,179.83,1,0,50,1,97,0,1,18.13,179.83,10.0817438692098,1,2,3,0,0
3,409.46,1,1,25,0,81,1,2,24.6,409.46,6.00791286084111,2,0,3,3,0
4,101.49,4,0,36,0,85,1,1,9.69,405.96,9.54773869346734,0,1,9,2,0
0,363.02,1,1,32,1,74,3,0,47.98,363.02,13.2169026499917,2,1,1,2,0
3,204.64,1,0,24,0,48,1,0,1.02,204.64,0.498436278342455,1,0,2,6,1
4,370.49,3,1,23,1,87,2,2,24.44,1111.47,6.59666927582391,2,0,4,3,0
2,139.17,4,0,24,1,77,1,2,18.37,556.68,13.199683839908,0,0,2,3,0
3,18.66,1,0,29,1,93,2,0,19.43,18.66,104.126473740622,0,1,6,5,1
3,244.25,1,0,32,0,84,0,0,8.14,244.25,3.33265097236438,1,1,12,1,0
0,28.14,1,0,18,1,49,0,0,37.37,28.14,132.800284292822,0,0,3,4,0
3,443.26,4,1,67,0,80,1,2,33.08,1773.04,7.46288859811397,2,3,7,0,0
4,460.86,1,1,27,0,89,0,2,33.2,460.86,7.20392310029076,2,1,11,0,0
1,460.45,4,1,31,0,90,1,1,0.61,1841.8,0.132479096535997,2,1,12,4,0
4,462.19,2,1,59,1,53,1,0,20.7,924.38,4.47867760012116,2,2,4,5,1
1,439.12,4,1,37,1,45,2,2,43.65,1756.48,9.94033521588632,2,1,6,0,0
2,434.18,5,1,18,1,72,0,1,34.81,2170.9,8.01741213321664,2,0,7,6,1
0,368.02,5,1,42,1,66,3,0,24.54,1840.1,6.6681158632683,2,2,4,0,0
0,170.27,1,0,61,1,43,0,1,10.57,170.27,6.20778763140894,0,3,8,4,0
2,203.94,1,0,70,1,18,1,1,43.62,203.94,21.3886437187408,1,3,3,5,1
2,332.54,3,0,66,1,40,2,2,2.12,997.62,0.637517291152944,1,3,4,5,1
0,364.72,3,1,31,0,8,3,0,32.51,1094.16,8.91368721210792,2,1,4,0,0
1,286.58,3,0,24,0,40,1,1,2.58,859.74,0.900272175308814,1,0,1,1,0
3,57.69,5,0,42,1,59,1,1,10.85,288.45,18.8074189634252,0,2,12,6,1
4,49.68,1,0,29,0,77,3,1,6.77,49.68,13.6272141706924,0,1,2,2,0
0,442.39,4,1,26,1,0,3,0,8.32,1769.56,1.88069350573024,2,1,3,6,1
3,40.74,5,0,61,1,12,2,0,19.25,203.7,47.2508591065292,0,3,5,2,0
0,58.14,3,0,60,0,30,3,0,44.48,174.42,76.5049879600963,0,2,4,1,0
2,206.33,1,0,57,1,55,2,0,31.69,206.33,15.3588910967867,1,2,9,1,0
1,7.67,5,0,36,0,67,1,0,36.09,38.35,470.534550195567,0,1,1,1,0
4,371.02,4,1,42,0,82,0,0,34.72,1484.08,9.35798609239394,2,2,10,0,0
4,470.79,1,1,49,0,47,0,1,6.65,470.79,1.41251938231483,2,2,3,1,0
3,305.95,3,1,69,0,57,1,2,30.04,917.85,9.81859781009969,1,3,6,6,1
2,421.66,2,1,52,1,77,2,2,23.34,843.32,5.5352653796898,2,2,10,6,1
2,397.76,2,0,41,0,16,3,0,1.5,795.52,0.377111826226871,2,2,3,1,0
1,456.33,4,1,43,0,47,2,2,17.45,1825.32,3.82398702693226,2,2,5,6,1
3,156.88,2,0,67,1,31,1,2,32.94,313.76,20.996940336563,0,3,4,6,1
1,417.24,1,1,49,0,93,3,1,42.48,417.24,10.1811906816221,2,2,5,4,0
1,96.24,1,0,20,1,94,0,1,34.33,96.24,35.6712385702411,0,0,9,1,0
4,380.24,4,0,64,1,44,3,2,10.31,1520.96,2.71144540290343,2,3,10,6,1
0,138.28,2,0,63,1,88,0,0,24.04,276.56,17.3850159097483,0,3,7,5,1
1,347.48,3,1,50,1,73,3,0,25.36,1042.44,7.29826177046161,2,2,1,0,0
2,190.04,4,0,43,0,2,0,1,23.56,760.16,12.397390023153,1,2,3,6,1
2,462.64,4,1,30,1,42,3,2,24.14,1850.56,5.21787999308318,2,1,12,1,0
3,488.83,3,1,60,1,52,3,1,1.66,1466.49,0.339586359266003,2,2,5,0,0
0,233.17,5,1,60,0,53,2,2,46.1,1165.85,19.7709825449243,1,2,4,4,0
2,198.59,1,0,70,0,63,3,2,24.57,198.59,12.3722241804723,1,3,7,0,0
1,11.2,2,0,23,1,38,3,2,17.57,22.4,156.875,0,0,6,1,0
2,25.64,3,0,28,1,79,0,1,15.69,76.92,61.1934477379095,0,1,2,0,0
2,147.31,5,0,20,0,77,1,0,5.42,736.55,3.67931572873532,0,0,2,6,1
2,456.8,4,1,23,0,44,1,0,25.13,1827.2,5.50131348511384,2,0,7,6,1
1,437.52,3,1,49,1,61,1,2,9.81,1312.56,2.24218321448162,2,2,8,6,1
0,170.89,5,0,54,1,13,3,2,15.46,854.45,9.04675522265785,0,2,10,4,0
1,487.12,2,1,61,0,21,2,2,41.71,974.24,8.56257185087863,2,3,6,4,0
3,413.96,2,0,43,0,17,0,2,13.06,827.92,3.15489419267562,2,2,12,1,0
2,341.46,5,1,21,0,11,0,2,14.66,1707.3,4.29332864757219,2,0,5,3,0
1,247.25,3,0,42,1,76,3,1,18.69,741.75,7.55915065722953,1,2,2,1,0
0,95.45,3,0,61,0,5,1,1,22.39,286.35,23.4573074908329,0,3,11,6,1
1,239.4,1,0,24,1,81,3,2,16.6,239.4,6.93400167084378,1,0,6,4,0
3,249.53,2,0,19,0,22,3,0,21.13,499.06,8.46791968901535,1,0,8,3,0
0,468.12,3,1,51,0,97,1,2,33.65,1404.36,7.18832777920191,2,2,10,2,0
4,444.95,3,1,42,0,59,0,0,19.43,1334.85,4.36678278458254,2,2,12,0,0
4,489.14,5,1,22,1,92,3,0,37.68,2445.7,7.7033160240422,2,0,7,5,1
4,316.78,5,1,29,1,7,3,0,10.01,1583.9,3.15992171222931,1,1,7,0,0
2,282.61,1,0,30,0,42,1,0,24.6,282.61,8.70457520965288,1,1,5,2,0
3,214.46,3,0,29,0,48,1,2,5.06,643.38,2.35941434300103,1,1,7,2,0
2,126.2,3,0,62,0,13,0,0,33.51,378.6,26.5530903328051,0,3,9,2,0
1,5.78,3,0,52,0,46,2,2,42.21,17.34,730.276816608997,0,2,11,3,0
4,213.6,3,0,61,1,43,0,0,25.19,640.8,11.7930711610487,1,3,5,0,0
0,24.59,3,0,29,0,8,3,0,21.53,73.77,87.5559170394469,0,1,3,5,1
1,117.99,1,0,49,1,3,3,2,21.79,117.99,18.4676667514196,0,2,3,2,0
0,18.49,2,0,52,0,18,2,2,15.29,36.98,82.6933477555435,0,2,9,3,0
1,376.54,4,1,67,1,88,3,0,44.45,1506.16,11.8048547299092,2,3,9,0,0
1,37.43,1,0,21,0,23,0,0,39.73,37.43,106.144803633449,0,0,10,6,1
2,165.19,5,0,65,0,34,3,2,18.08,825.95,10.9449724559598,0,3,7,6,1
3,418.11,2,1,65,1,74,0,0,5.17,836.22,1.23651670612997,2,3,12,4,0
4,328.2,1,1,70,0,58,3,1,40.49,328.2,12.3369896404631,1,3,5,5,1
3,481.41,5,1,52,1,15,1,1,43.83,2407.05,9.10450551504954,2,2,4,6,1
4,26.21,2,0,35,1,90,3,2,2.35,52.42,8.9660434948493,0,1,5,5,1
3,252.58,3,0,56,1,88,1,1,3.41,757.74,1.35006730540819,1,2,8,3,0
3,418.95,4,1,29,0,73,0,1,14.79,1675.8,3.53025420694594,2,1,12,3,0
0,367.38,1,1,31,0,82,1,0,25.83,367.38,7.03086722195002,2,1,6,0,0
1,439.71,5,1,38,1,27,3,0,28.27,2198.55,6.42923745195697,2,1,8,2,0
2,314.89,1,1,31,0,61,3,0,23.29,314.89,7.39623360538601,1,1,4,5,1
4,363.27,2,0,58,0,23,2,0,13.47,726.54,3.70798579568916,2,2,2,3,0
3,329.6,1,0,66,1,1,0,1,11.24,329.6,3.41019417475728,1,3,3,2,0
2,201.46,5,1,53,1,85,3,2,43.18,1007.3,21.4335351930904,1,2,4,5,1
3,88.62,3,0,55,1,37,0,0,37.8,265.86,42.654028436019,0,2,12,6,1
1,94.95,5,1,28,1,10,0,1,40.99,474.75,43.1700895208004,0,1,8,2,0
2,51.14,1,0,40,0,64,2,1,23.58,51.14,46.1087211576066,0,1,6,6,1
3,319.76,3,0,54,0,78,1,2,11.03,959.28,3.44946209657243,1,2,5,5,1
3,36.74,2,0,26,1,6,3,1,46.74,73.48,127.218290691345,0,1,5,1,0
4,426.44,2,1,44,1,37,1,0,29.42,852.88,6.89897758184035,2,2,4,0,0
3,198.24,2,0,50,0,55,1,0,18.24,396.48,9.20096852300242,1,2,8,2,0
4,24.14,2,0,29,1,60,3,1,8.52,48.28,35.2941176470588,0,1,11,2,0
2,414.41,1,0,51,1,90,0,1,14.16,414.41,3.41690596269395,2,2,3,6,1
1,275.97,4,1,23,1,46,0,2,31.35,1103.88,11.3599304272204,1,0,10,0,0
3,242.08,2,0,52,0,83,2,0,7.99,484.16,3.30056179775281,1,2,8,3,0
1,211.31,4,0,68,0,17,1,0,34.3,845.24,16.2320760967299,1,3,9,4,0
2,200.96,3,0,18,1,30,3,0,9.45,602.88,4.70242834394904,1,0,2,3,0
2,70.57,3,0,52,1,84,1,0,31.9,211.71,45.203344197251,0,2,4,5,1
3,314.11,2,1,53,0,34,1,1,43.89,628.22,13.972812072204,1,2,12,2,0
3,183.6,3,0,57,0,20,2,2,6.26,550.8,3.40958605664488,1,2,7,1,0
0,179.48,5,0,18,0,86,1,0,29.61,897.4,16.4976599063963,1,0,6,3,0
0,459.31,1,0,29,1,26,2,2,5.88,459.31,1.28018114127713,2,1,11,1,0
0,13.06,5,1,66,0,54,2,1,48.07,65.3,368.070444104135,0,3,5,6,1
1,490.05,5,1,31,0,13,0,2,39.45,2450.25,8.05019895928987,2,1,6,6,1
1,494.14,3,1,26,0,90,0,0,23.03,1482.42,4.66062249564901,2,1,2,5,1
3,13.36,3,0,43,1,66,2,0,16.1,40.08,120.508982035928,0,2,12,6,1
3,305.4,3,1,43,0,99,1,2,35.26,916.2,11.5455140798952,1,2,6,3,0
1,422.86,3,1,18,0,5,0,1,1.56,1268.58,0.368916426240363,2,0,10,6,1
2,436.95,1,0,46,1,86,1,1,36.34,436.95,8.31674104588626,2,2,1,1,0
3,121.62,3,0,64,0,2,1,1,17.62,364.86,14.4877487255386,0,3,8,5,1
1,25.33,3,0,50,1,0,0,2,26.19,75.99,103.395183576786,0,2,9,4,0
1,388.72,2,0,29,0,55,3,1,0.83,777.44,0.213521300679152,2,1,8,2,0
3,241.11,4,1,55,0,7,2,1,40.58,964.44,16.8304923064162,1,2,7,4,0
1,57.9,2,0,23,1,85,0,2,22.3,115.8,38.5146804835924,0,0,7,2,0
3,84.04,4,0,53,0,78,3,2,16.1,336.16,19.157544026654,0,2,4,6,1
0,203.34,1,0,33,1,56,2,1,22.38,203.34,11.0061965181469,1,1,10,0,0
3,170.6,2,0,62,0,73,3,2,36.62,341.2,21.4654161781946,0,3,9,4,0
2,160.92,1,0,46,1,45,0,2,43.42,160.92,26.9823514789958,0,2,1,2,0
2,106.64,3,0,68,1,83,1,1,10.5,319.92,9.84621155288822,0,3,4,5,1
3,271.9,3,0,61,0,39,2,1,9.63,815.7,3.54174328797352,1,3,4,6,1
4,352.61,3,1,57,1,91,2,2,44.74,1057.83,12.6882391310513,2,2,1,0,0
2,187.88,4,0,27,1,10,0,2,23.27,751.52,12.3855652544177,1,1,1,5,1
0,386.33,1,0,64,1,71,0,0,27.18,386.33,7.03543602619522,2,3,11,2,0
3,274.94,4,1,45,0,66,3,2,37.35,1099.76,13.5847821342838,1,2,7,6,1
4,147.09,4,0,61,0,97,2,2,32.64,588.36,22.1904956149296,0,3,9,6,1
4,452.88,5,1,64,0,51,1,2,6.43,2264.4,1.41980215509627,2,3,11,1,0
3,371.72,2,0,18,0,0,3,0,13.55,743.44,3.64521682987195,2,0,6,2,0
0,144.15,4,0,50,1,59,0,1,3.38,576.6,2.34477974332293,0,2,7,4,0
4,254.97,2,0,51,1,41,2,2,35.22,509.94,13.813389810566,1,2,10,3,0
3,486.27,2,1,23,1,26,3,0,11.44,972.54,2.35260246365188,2,0,1,4,0
1,240.27,4,0,48,1,11,2,2,18.26,961.08,7.59978357680942,1,2,4,3,0
3,365.92,2,1,62,0,47,3,2,27.7,731.84,7.56996064713599,2,3,4,1,0
0,302.35,5,1,18,1,96,1,1,22.51,1511.75,7.44501405655697,1,0,2,5,1
0,339.68,5,1,28,0,51,3,2,25.49,1698.4,7.50412152614225,2,1,9,4,0
3,445.66,2,1,27,0,19,3,2,13.12,891.32,2.94394830139568,2,1,11,5,1
1,30.66,5,0,41,1,94,0,0,20,153.3,65.2315720808872,0,2,7,1,0
3,70.11,4,0,70,1,29,3,0,13.93,280.44,19.8687776351448,0,3,11,2,0
0,425.47,5,1,52,0,92,2,1,26.97,2127.35,6.33887230592051,2,2,9,6,1
1,48.87,3,0,66,1,48,2,2,15.94,146.61,32.6171475342746,0,3,8,3,0
2,52.02,3,0,47,1,30,3,1,0.16,156.06,0.307574009996155,0,2,3,3,0
1,128,2,0,64,1,46,0,0,2.8,256,2.1875,0,3,7,5,1
3,45.32,1,0,32,0,61,1,1,0.53,45.32,1.16946160635481,0,1,1,1,0
4,64.88,3,0,44,0,74,2,1,13.53,194.64,20.8538840937115,0,2,5,0,0
2,412.83,3,1,68,0,65,2,0,35.99,1238.49,8.71787418550009,2,3,7,2,0
1,17.9,4,0,47,1,54,2,2,4.28,71.6,23.9106145251397,0,2,8,3,0
1,305.57,5,1,19,0,10,2,0,22.03,1527.85,7.20947737016068,1,0,8,5,1
0,35.17,4,0,46,0,28,2,2,42.93,140.68,122.064259311914,0,2,2,4,0
3,187.97,4,0,25,1,93,0,1,5.26,751.88,2.79831888067245,1,0,11,5,1
1,467,1,1,26,0,14,1,1,2.36,467,0.505353319057816,2,1,2,1,0
1,432.74,3,0,62,1,57,0,2,5.61,1298.22,1.29639044229792,2,3,8,2,0
2,101.15,1,0,24,0,79,0,1,21.51,101.15,21.2654473554128,0,0,8,3,0
3,148.73,1,0,40,1,89,0,0,13.87,148.73,9.32562361325893,0,1,9,4,0
0,32.23,2,0,30,0,26,0,1,2.85,64.46,8.84269314303444,0,1,4,2,0
1,274.47,1,0,54,0,86,0,2,18.57,274.47,6.76576675046453,1,2,11,5,1
4,202.5,3,0,55,1,29,0,0,21.48,607.5,10.6074074074074,1,2,1,5,1
3,23.36,4,0,36,0,38,3,0,6.24,93.44,26.7123287671233,0,1,9,6,1
1,286.69,2,0,36,1,91,0,2,9.91,573.38,3.45669538525934,1,1,10,5,1
3,291.6,2,0,68,1,71,2,2,31.33,583.2,10.744170096022,1,3,2,4,0
4,452.82,3,1,63,0,24,0,1,2.46,1358.46,0.543262223400027,2,3,11,4,0
3,16.61,3,0,56,1,62,2,0,30.59,49.83,184.166164960867,0,2,9,3,0
4,348.37,5,1,63,0,78,3,2,49.17,1741.85,14.1143037574992,2,3,5,4,0
4,315.08,4,0,63,0,63,0,1,30.16,1260.32,9.57217214675638,1,3,3,0,0
4,317,1,0,38,0,80,0,1,7.86,317,2.4794952681388,1,1,10,0,0
4,82.48,4,0,57,0,29,0,2,9.81,329.92,11.8937924345296,0,2,4,6,1
2,247.83,2,1,57,1,5,2,1,37.47,495.66,15.119234959448,1,2,11,4,0
3,448.7,5,1,51,1,45,3,1,42.04,2243.5,9.36928905727658,2,2,7,5,1
2,17.58,1,0,33,0,26,2,2,24.68,17.58,140.386803185438,0,1,3,4,0
1,350.58,5,1,47,0,51,3,0,24.06,1752.9,6.86291288721547,2,2,5,0,0
4,435.4,2,1,44,0,9,0,1,47.86,870.8,10.9921910886541,2,2,10,4,0
0,299.78,3,0,64,1,84,3,0,25.8,899.34,8.60631129494963,1,3,4,5,1
1,285.9,3,1,66,1,59,2,0,30.07,857.7,10.5176635187128,1,3,1,2,0
3,425.63,2,1,60,1,71,1,0,16.48,851.26,3.87190752531542,2,2,11,5,1
1,186.07,4,1,52,1,82,2,2,33.68,744.28,18.1007147847584,1,2,7,1,0
4,198.98,5,0,43,1,23,3,2,9.28,994.9,4.66378530505578,1,2,4,3,0
1,479.16,4,1,50,0,92,2,2,14.89,1916.64,3.10752149595125,2,2,8,3,0
1,87.99,5,0,54,1,14,0,0,0.68,439.95,0.772815092624162,0,2,11,4,0
2,74.73,5,0,39,1,90,2,0,8.66,373.65,11.5883848521344,0,1,5,0,0
0,265.92,1,0,24,1,96,1,0,7.09,265.92,2.66621540312876,1,0,10,1,0
1,146.19,5,1,33,1,65,3,0,45.99,730.95,31.4590601272317,0,1,4,3,0
1,309.3,5,0,38,0,38,3,1,4.23,1546.5,1.36760426770126,1,1,7,0,0
0,210.79,4,0,34,1,33,2,2,15.65,843.16,7.42445087527871,1,1,4,2,0
0,443.49,4,1,69,1,22,3,2,37.1,1773.96,8.36546483573474,2,3,3,3,0
2,61.39,4,0,29,1,25,2,1,34.26,245.56,55.8071347124939,0,1,4,3,0
1,450.82,4,1,69,1,0,1,2,27.52,1803.28,6.10443192404951,2,3,4,4,0
0,168.12,2,0,37,1,65,2,0,45.86,336.24,27.278134665715,0,1,9,3,0
3,292,5,0,42,0,93,3,0,10.15,1460,3.47602739726027,1,2,7,4,0
3,67.54,4,1,24,1,86,0,1,45.79,270.16,67.7968611193367,0,0,9,2,0
2,406.91,1,1,32,0,80,2,2,44.28,406.91,10.8820132215969,2,1,4,0,0
4,388.14,2,1,31,1,75,1,1,40.69,776.28,10.4833307569434,2,1,5,0,0
0,206.11,3,0,34,0,21,0,2,24.53,618.33,11.9014118674494,1,1,10,3,0
4,348.39,5,0,30,1,65,0,1,4.3,1741.95,1.23424897385114,2,1,7,0,0
2,323.44,4,1,66,0,29,1,2,36.88,1293.76,11.4024239426169,1,3,11,0,0
4,165.85,3,0,21,0,94,0,0,15.75,497.55,9.49653301175761,0,0,3,0,0
4,30.34,4,0,63,1,87,1,0,39.24,121.36,129.334212261042,0,3,12,5,1
4,446.95,4,1,34,1,6,3,1,17.73,1787.8,3.96688667636201,2,1,4,6,1
1,72.03,1,0,65,0,38,0,0,16.58,72.03,23.0181868665834,0,3,3,4,0
2,315.29,5,1,48,1,51,3,0,36.99,1576.45,11.7320562022265,1,2,1,3,0
2,342.47,2,0,70,0,80,3,2,38.81,684.94,11.3323794784945,2,3,4,1,0
0,158.92,1,0,64,0,18,1,2,11.59,158.92,7.29297759879185,0,3,1,5,1
3,343.42,5,1,57,0,59,3,2,41.06,1717.1,11.9562052297478,2,2,7,2,0
2,99.43,5,1,37,0,31,3,0,46.44,497.15,46.706225485266,0,1,2,1,0
3,119.3,3,0,53,0,54,3,2,17.92,357.9,15.0209555741827,0,2,1,5,1
1,224.36,5,1,28,1,49,2,1,27.17,1121.8,12.110001782849,1,1,11,1,0
4,434.74,1,0,38,0,33,0,2,20.01,434.74,4.60275106960482,2,1,4,5,1
4,343.84,2,0,41,1,0,2,1,24.86,687.68,7.23010702652397,2,2,1,6,1
0,361.87,5,1,24,1,37,2,2,16.5,1809.35,4.55964849255257,2,0,10,4,0
4,189.17,3,0,43,0,69,0,0,25.26,567.51,13.3530686683935,1,2,12,3,0
2,270.29,5,0,41,1,2,0,0,16.99,1351.45,6.28584113359725,1,2,1,0,0
1,21.74,3,0,23,0,52,3,1,4.57,65.22,21.0211591536339,0,0,4,5,1
2,361.97,4,1,24,1,51,1,0,39.26,1447.88,10.8462027239827,2,0,10,1,0
4,290.14,4,1,59,0,74,1,2,48.14,1160.56,16.5919900737575,1,2,1,2,0
4,467.94,2,1,41,0,83,2,0,40.23,935.88,8.59725605846903,2,2,8,6,1
4,478.97,2,1,33,0,50,1,1,2.21,957.94,0.46140676869115,2,1,3,2,0
0,486.77,1,1,33,0,16,3,2,12.32,486.77,2.53096945169176,2,1,6,3,0
4,202.1,4,1,29,1,62,1,0,30.7,808.4,15.1904997525977,1,1,7,3,0
4,346.47,3,0,47,0,36,3,1,2.53,1039.41,0.73022195283863,2,2,1,0,0
0,206.85,4,0,34,0,91,1,1,18.09,827.4,8.7454677302393,1,1,10,0,0
1,328.07,4,0,67,0,11,0,2,10.66,1312.28,3.24930655043131,1,3,1,4,0
1,420.97,2,1,28,0,44,0,2,28.07,841.94,6.66793358196546,2,1,2,3,0
1,191.29,2,0,67,0,91,3,2,14.57,382.58,7.61670761670762,1,3,10,0,0
0,490.06,4,1,53,1,17,3,0,46.2,1960.24,9.42741705097335,2,2,5,0,0
1,282.34,2,1,21,1,13,1,0,24.42,564.68,8.64914641921088,1,0,3,2,0
2,90.36,1,0,67,1,33,1,1,31.84,90.36,35.236830455954,0,3,1,5,1
4,127.71,1,0,39,0,61,1,2,17.3,127.71,13.5463158718973,0,1,4,1,0
2,456.67,2,0,66,1,73,3,0,16.97,913.34,3.71603126984475,2,3,4,0,0
0,220.14,2,0,25,0,67,2,2,20.45,440.28,9.28954301807941,1,0,6,4,0
2,445.95,5,1,65,0,40,2,0,39.23,2229.75,8.79695033075457,2,3,3,3,0
4,120.95,2,0,57,1,76,2,0,27,241.9,22.3232740801984,0,2,2,2,0
3,320.85,4,0,25,1,63,3,2,12.06,1283.4,3.75876577840112,1,0,3,4,0
3,180.94,2,0,63,1,23,2,2,44.05,361.88,24.3450867690947,1,3,9,5,1
1,418.95,2,1,25,0,47,2,1,20.56,837.9,4.90750686239408,2,0,5,5,1
4,234.76,3,0,58,1,88,1,2,6.34,704.28,2.70063043107855,1,2,1,5,1
3,160.27,4,0,18,0,92,1,0,29.76,641.08,18.568665377176,0,0,12,3,0
1,85.4,1,0,39,0,71,2,1,19.85,85.4,23.2435597189696,0,1,3,5,1
2,34.13,2,0,46,0,43,1,2,21.64,68.26,63.4046293583358,0,2,9,0,0
1,412.79,2,0,43,1,85,1,1,18.79,825.58,4.55195135541074,2,2,11,3,0
1,112.48,4,0,20,1,85,0,0,4.23,449.92,3.76066856330014,0,0,1,0,0
0,69.61,2,0,27,0,74,0,2,13.98,139.22,20.0833213618733,0,1,9,4,0
4,299.69,5,1,52,0,98,1,1,24.87,1498.45,8.29857519436751,1,2,7,5,1
3,97.2,2,0,22,0,17,3,1,15.87,194.4,16.3271604938272,0,0,3,4,0
3,86.54,2,0,39,0,40,2,0,12.04,173.08,13.9126415530391,0,1,8,1,0
1,93.14,2,0,42,0,66,0,0,22.39,186.28,24.0390809534035,0,2,8,4,0
0,45.27,4,0,42,1,86,3,1,37.59,181.08,83.0351225977469,0,2,7,5,1
1,154.98,1,0,25,1,65,0,2,12.23,154.98,7.89134081817009,0,0,1,3,0
1,342.11,2,0,49,0,97,2,2,3.69,684.22,1.07860045014761,2,2,4,0,0
3,367.32,5,1,22,0,25,3,1,19.81,1836.6,5.39311771752151,2,0,12,0,0
3,170.81,5,1,58,1,62,0,1,23.98,854.05,14.0389906914115,0,2,2,4,0
1,343.4,2,1,58,0,35,1,2,39.59,686.8,11.5288293535236,2,2,10,3,0
1,147.9,5,0,43,1,95,0,2,10.15,739.5,6.86274509803922,0,2,1,2,0
4,131.34,4,1,28,1,34,0,2,39.75,525.36,30.2649611694838,0,1,12,0,0
1,184.29,5,0,20,0,26,2,0,32.58,921.45,17.6786586358457,1,0,2,4,0
1,41.33,3,1,21,1,81,2,2,49.18,123.99,118.993467215098,0,0,5,5,1
3,371.99,3,1,50,1,42,1,0,36.2,1115.97,9.7314443936665,2,2,7,6,1
3,120.82,2,0,34,0,68,0,0,40.21,241.64,33.2809137560007,0,1,2,3,0
0,337.35,1,0,23,1,64,2,2,30.61,337.35,9.07366236846006,2,0,5,1,0
3,458.49,1,0,64,1,75,2,0,5.22,458.49,1.13851992409867,2,3,1,6,1
0,323.24,1,1,20,0,74,2,1,41.22,323.24,12.7521346368024,1,0,11,5,1
1,280.14,3,1,40,1,50,1,1,25.97,840.42,9.2703648175912,1,1,9,5,1
1,495.68,2,1,37,0,28,0,0,43.04,991.36,8.68302130406714,2,1,9,0,0
3,287.15,4,1,68,1,21,3,2,19.73,1148.6,6.87097335887167,1,3,2,0,0
0,117.42,1,0,31,1,65,0,0,9.45,117.42,8.04803270311702,0,1,10,5,1
4,234.98,2,0,34,0,45,1,2,7.15,469.96,3.04281215422589,1,1,3,1,0
2,396.05,3,1,33,0,36,0,0,32.37,1188.15,8.1732104532256,2,1,10,3,0
3,354.23,4,0,20,1,62,0,0,8.89,1416.92,2.50966885921576,2,0,10,2,0
2,155.96,2,0,68,1,51,1,0,22.71,311.92,14.5614260066684,0,3,12,5,1
0,36.14,2,0,60,0,42,2,1,21.8,72.28,60.3209739900387,0,2,10,2,0
1,112.19,2,1,69,0,62,1,0,49.97,224.38,44.5405116320528,0,3,2,1,0
0,183.62,1,0,24,0,68,2,0,10.63,183.62,5.78912972443089,1,0,1,2,0
2,381.85,4,1,20,1,5,1,1,29.38,1527.4,7.69412072803457,2,0,7,5,1
4,299.02,2,1,47,0,67,3,0,44.5,598.04,14.8819476958063,1,2,5,3,0
1,329.03,4,1,27,1,24,3,2,16.91,1316.12,5.13934899553232,1,1,6,6,1
0,294.05,3,0,19,0,24,1,2,2.34,882.15,0.795783030096922,1,0,6,3,0
0,235.15,5,0,62,0,57,0,2,32.22,1175.75,13.7018924091006,1,3,2,3,0
2,19.58,3,0,43,1,68,0,0,42.04,58.74,214.708886618999,0,2,9,4,0
2,278.73,2,1,49,0,54,3,1,49.28,557.46,17.6801923007929,1,2,6,6,1
2,215.6,1,0,42,0,3,3,2,21.55,215.6,9.99536178107607,1,2,7,6,1
2,14.58,4,0,40,1,59,2,2,19.23,58.32,131.893004115226,0,1,4,5,1
0,353.13,1,1,69,1,25,2,1,41.46,353.13,11.7407187154872,2,3,12,6,1
1,214.55,2,0,29,1,84,2,2,4.11,429.1,1.91563738056397,1,1,1,4,0
0,485.12,5,1,49,0,65,0,2,38.47,2425.6,7.92999670184697,2,2,11,0,0
2,338.63,2,0,48,0,85,3,0,16.91,677.26,4.99365088739923,2,2,4,2,0
2,467.38,2,0,34,1,23,1,1,12.23,934.76,2.61671445076811,2,1,1,6,1
1,295.86,5,1,38,1,99,0,1,25.85,1479.3,8.73724058676401,1,1,4,0,0
1,440.68,4,1,66,1,41,0,2,34.53,1762.72,7.83561768176455,2,3,11,0,0
0,244.82,2,0,55,0,46,0,1,27.78,489.64,11.3471121640389,1,2,6,2,0
2,360.03,2,0,21,0,63,0,2,10.88,720.06,3.02197039135628,2,0,2,2,0
4,174.33,2,0,24,1,18,3,2,20.96,348.66,12.0231744392818,1,0,2,3,0
2,145.66,2,0,48,0,36,1,1,2.27,291.32,1.55842372648634,0,2,6,1,0
1,302.66,5,1,58,0,11,1,1,23.44,1513.3,7.74466397938281,1,2,11,3,0
4,159.83,3,0,55,0,37,2,0,48.65,479.49,30.4385910029406,0,2,6,6,1
2,478.91,5,1,30,1,49,0,1,17.31,2394.55,3.6144578313253,2,1,2,2,0
3,176.81,3,1,56,0,67,1,1,45.82,530.43,25.914823822182,1,2,3,3,0
1,262.05,4,1,64,0,79,2,0,34.34,1048.2,13.1043693951536,1,3,4,0,0
0,336.24,2,1,28,1,34,1,2,44.51,672.48,13.2375684035213,2,1,12,5,1
2,290.76,5,1,24,1,26,2,1,39.08,1453.8,13.4406383271427,1,0,4,6,1
1,325.52,5,1,23,0,5,0,2,1.85,1627.6,0.568321454902925,1,0,2,2,0
0,114.85,2,0,19,0,42,1,2,38.64,229.7,33.6438833260775,0,0,7,0,0
3,383.68,3,0,56,1,78,3,0,5.27,1151.04,1.37354045037531,2,2,1,5,1
3,114.61,1,0,43,1,55,0,2,44.86,114.61,39.1414361748539,0,2,12,6,1
1,289.81,4,1,66,1,73,0,1,33.69,1159.24,11.624857665367,1,3,9,1,0
2,217.4,3,1,50,1,64,3,0,36.75,652.2,16.9043238270469,1,2,7,0,0
4,154.24,4,1,63,1,53,0,2,46.53,616.96,30.1672717842324,0,3,3,0,0
2,131.55,3,1,44,1,21,1,2,40.43,394.65,30.7335613835044,0,2,11,2,0
4,444.93,2,0,30,1,54,0,1,4.22,889.86,0.9484638032949,2,1,7,6,1
4,288.81,2,1,26,1,97,1,0,27.14,577.62,9.39718153803539,1,1,10,3,0
3,262.27,1,0,59,1,53,3,2,28.26,262.27,10.7751553742327,1,2,8,1,0
1,10.58,1,0,26,1,16,0,0,15.68,10.58,148.20415879017,0,1,9,0,0
4,48.2,2,0,36,1,45,3,2,49.52,96.4,102.738589211618,0,1,4,2,0
3,225.05,5,0,21,0,8,2,0,1.95,1125.25,0.866474116862919,1,0,4,4,0
2,218.75,5,0,32,0,85,2,2,4.42,1093.75,2.02057142857143,1,1,4,1,0
4,344.74,3,1,59,0,66,3,1,47.44,1034.22,13.7610953182108,2,2,4,6,1
3,252.83,3,1,40,0,35,2,1,43.59,758.49,17.2408337618162,1,1,1,6,1
0,176.43,4,0,31,1,52,1,1,12.8,705.72,7.25500198378961,1,1,5,3,0
0,355.87,3,0,42,0,79,2,1,24.16,1067.61,6.7889959816787,2,2,6,6,1
0,131.91,5,1,32,0,94,2,2,48.29,659.55,36.6082935334698,0,1,1,2,0
0,65.65,4,1,68,0,16,2,1,38.34,262.6,58.4006092916984,0,3,5,5,1
0,327.07,1,0,64,1,46,0,2,7,327.07,2.14021463295319,1,3,2,2,0
3,22.1,2,0,68,0,94,1,0,6.16,44.2,27.8733031674208,0,3,4,0,0
2,451.51,4,1,42,1,80,2,0,36.6,1806.04,8.10613275453478,2,2,5,5,1
1,152.67,1,0,50,0,6,1,0,28.04,152.67,18.366411213729,0,2,9,2,0
2,115.8,1,0,19,0,64,1,0,36.57,115.8,31.580310880829,0,0,9,5,1
2,464.18,4,1,63,0,46,1,0,17.3,1856.72,3.72700245594382,2,3,9,0,0
1,185.16,3,0,30,0,35,1,0,27.13,555.48,14.652192698207,1,1,5,3,0
0,304.41,1,0,61,0,5,0,0,39.63,304.41,13.0186261949345,1,3,2,3,0
0,25.7,2,0,22,0,62,0,1,44.8,51.4,174.31906614786,0,0,6,1,0
3,222.74,4,0,41,1,81,2,1,19.57,890.96,8.78602855347041,1,2,10,3,0
1,453.95,3,1,63,0,48,3,2,45.19,1361.85,9.95484084150237,2,3,12,0,0
1,73.34,5,1,35,1,85,1,0,33.74,366.7,46.0049086446687,0,1,7,3,0
0,423.18,1,1,58,1,14,0,1,39.74,423.18,9.39080296800416,2,2,1,6,1
4,399.83,5,1,68,1,42,1,0,27.99,1999.15,7.00047520196083,2,3,8,0,0
0,405.24,4,1,38,0,52,0,0,25.11,1620.96,6.19632810186556,2,1,10,1,0
2,440.89,5,1,23,0,80,1,1,48.66,2204.45,11.0367665404069,2,0,12,1,0
2,302.31,2,0,63,0,8,2,1,5.6,604.62,1.85240316231683,1,3,11,0,0
3,50.71,2,0,67,0,81,3,2,27.08,101.42,53.4016959179649,0,3,10,3,0
2,429.57,3,1,36,0,21,2,0,32.02,1288.71,7.45396559350048,2,1,9,5,1
4,47.38,2,0,68,1,63,3,1,31.3,94.76,66.061629379485,0,3,5,0,0
0,151.73,1,0,22,0,32,3,2,36.3,151.73,23.9240756607131,0,0,12,4,0
3,497.52,4,1,60,1,3,1,0,11.85,1990.08,2.38181379643029,2,2,3,3,0
4,390.89,3,1,48,1,59,1,0,38.8,1172.67,9.92606615671928,2,2,10,0,0
0,237.39,2,1,38,1,91,3,2,40.49,474.78,17.0563208222756,1,1,11,5,1
2,397.9,3,1,37,1,39,1,2,46.4,1193.7,11.6612214124152,2,1,12,2,0
1,317.29,3,0,42,1,55,1,2,9.79,951.87,3.08550537363295,1,2,3,5,1
1,39.58,5,0,57,1,51,3,0,25.98,197.9,65.6392117230925,0,2,8,2,0
2,303.28,2,1,42,1,29,0,1,43.13,606.56,14.2211817462411,1,2,6,1,0
1,314.06,1,0,67,1,84,2,2,30.78,314.06,9.800675030249,1,3,7,6,1
0,465.02,1,1,46,1,14,2,0,23.3,465.02,5.01053718119651,2,2,2,5,1
4,491.96,5,1,66,1,21,3,2,39.61,2459.8,8.05146759899179,2,3,9,5,1
4,253.9,3,1,70,0,21,0,2,28.27,761.7,11.1343048444269,1,3,1,2,0
0,222.27,2,0,20,1,80,1,1,21.79,444.54,9.80339227066181,1,0,9,3,0
4,153.7,3,1,66,1,89,0,1,46.01,461.1,29.9349381912817,0,3,9,2,0
3,445.01,3,0,50,0,50,2,1,4.95,1335.03,1.11233455427968,2,2,1,0,0
3,327.16,1,0,34,0,70,1,1,3.85,327.16,1.17679422912337,1,1,8,1,0
1,462.01,2,1,36,0,25,3,0,20.55,924.02,4.44795567195515,2,1,6,4,0
1,101.3,3,1,27,0,83,1,2,32.33,303.9,31.9151036525173,0,1,12,2,0
0,272.59,2,1,34,1,10,1,1,46.19,545.18,16.9448622473312,1,1,8,5,1
0,394.84,3,0,48,0,6,2,1,12.83,1184.52,3.24941748556377,2,2,10,5,1
3,19.62,1,0,42,1,78,3,0,34.55,19.62,176.095820591233,0,2,6,0,0
1,277.94,2,0,51,1,2,3,2,35.11,555.88,12.6322227818954,1,2,11,1,0
0,260.22,5,0,62,1,57,2,1,17.31,1301.1,6.65206363845976,1,3,8,0,0
3,479.46,4,1,70,1,82,3,2,36.66,1917.84,7.64610186459767,2,3,2,2,0
0,280.43,4,0,43,0,9,2,1,5.45,1121.72,1.94344399671932,1,2,12,4,0
1,356.35,2,1,51,1,70,3,0,34.17,712.7,9.58888732987232,2,2,9,5,1
3,422.97,4,1,37,0,13,3,0,48.53,1691.88,11.47362697118,2,1,12,1,0
2,211.72,2,0,31,0,50,2,0,2.23,423.44,1.05327791422634,1,1,3,4,0
1,414.56,1,1,49,1,17,3,2,26.06,414.56,6.28618294094944,2,2,9,0,0
2,311.32,5,0,36,1,55,3,1,2.31,1556.6,0.74200179879224,1,1,1,6,1
2,498.58,3,1,40,0,61,1,1,47.71,1495.74,9.56917646114967,2,1,9,5,1
4,346.62,1,0,29,1,2,0,0,18.86,346.62,5.4411170734522,2,1,11,0,0
2,160.25,1,0,64,1,84,2,0,23.6,160.25,14.7269890795632,0,3,4,0,0
0,46.01,1,0,39,0,91,3,1,7.96,46.01,17.3005868289502,0,1,2,0,0
3,400.83,2,1,37,1,28,3,2,49.28,801.66,12.2944889354589,2,1,9,4,0
3,347.36,3,1,68,0,50,0,0,26.55,1042.08,7.64336711192999,2,3,9,2,0
4,229.2,2,0,55,1,39,3,0,27.9,458.4,12.17277486911,1,2,2,3,0
1,252.46,2,0,39,0,29,3,0,30.17,504.92,11.9504079854234,1,1,1,5,1
2,284.3,3,1,42,1,54,3,2,46.47,852.9,16.3454097784031,1,2,10,6,1
2,467.73,5,1,69,1,48,1,2,13.53,2338.65,2.89269450323905,2,3,3,4,0
3,272.77,4,0,37,1,1,2,1,9.5,1091.08,3.4827876965942,1,1,3,6,1
2,318.97,4,1,68,1,35,3,2,34.87,1275.88,10.9320625764178,1,3,9,2,0
0,211.48,5,1,28,1,8,3,2,17.06,1057.4,8.06695668621146,1,1,8,3,0
2,461.11,1,1,48,1,84,1,2,14.99,461.11,3.25085120687038,2,2,12,6,1
4,306.61,1,0,65,1,31,3,2,21.23,306.61,6.92410554124132,1,3,3,1,0
2,425.72,3,1,35,0,45,2,2,48.44,1277.16,11.378370760124,2,1,4,3,0
0,270.01,3,0,50,0,72,1,0,28.99,810.03,10.7366393837265,1,2,9,0,0
0,390.87,2,0,43,1,85,2,2,7.78,781.74,1.99043160129967,2,2,12,6,1
0,359.86,5,1,54,1,2,2,2,6.04,1799.3,1.67843050075029,2,2,2,3,0
3,304.13,1,0,40,0,12,1,0,10.82,304.13,3.55768914608884,1,1,10,0,0
0,404.91,4,1,27,1,39,1,1,9.92,1619.64,2.44992714430367,2,1,7,6,1
3,168.13,5,0,25,1,1,0,2,0.62,840.65,0.368762267293166,0,0,2,3,0
1,195.14,4,0,45,0,1,0,2,12.35,780.56,6.32878958696321,1,2,9,0,0
2,420.03,2,1,20,1,85,3,0,25.76,840.06,6.13289526938552,2,0,8,3,0
3,485,2,0,28,0,63,1,1,8.54,970,1.76082474226804,2,1,2,5,1
1,261.39,3,0,28,0,2,1,0,27.28,784.17,10.436512490914,1,1,10,3,0
3,228.33,5,1,70,1,4,0,1,26.34,1141.65,11.5359348311654,1,3,2,3,0
1,50.31,3,0,43,0,14,1,2,13.77,150.93,27.3703041144902,0,2,3,6,1
3,53.82,2,0,61,1,56,3,0,7.77,107.64,14.4370122630992,0,3,4,0,0
0,408.31,5,1,47,1,2,3,1,24.55,2041.55,6.01258847444344,2,2,10,1,0
4,440.79,1,1,53,1,62,0,1,29.83,440.79,6.7673949046031,2,2,12,3,0
1,242.27,3,0,29,1,36,1,0,24.47,726.81,10.1003013167128,1,1,7,4,0
4,468.17,2,1,23,1,96,1,0,46.15,936.34,9.85753038426213,2,0,1,0,0
4,313.08,2,0,54,1,21,3,1,12.03,626.16,3.84246837868915,1,2,3,4,0
0,343.86,2,0,23,0,42,0,1,13.83,687.72,4.02198569185133,2,0,9,1,0
4,394.77,1,1,34,1,16,2,1,17.05,394.77,4.31897053980799,2,1,9,6,1
2,359.26,3,1,19,1,99,1,1,28.86,1077.78,8.03317931303234,2,0,1,1,0
0,140.66,4,0,60,0,52,2,2,36.76,562.64,26.1339399971563,0,2,7,0,0
0,425.13,3,0,50,0,30,3,0,8.83,1275.39,2.07701173758615,2,2,6,2,0
0,371.45,4,1,58,0,56,0,2,28.26,1485.8,7.60802261407996,2,2,9,0,0
1,32.95,3,0,29,0,76,3,0,29.75,98.85,90.288315629742,0,1,9,1,0
1,225.08,4,0,43,1,95,3,2,1.69,900.32,0.750844144304247,1,2,2,3,0
0,28.41,1,0,47,0,8,2,0,25.64,28.41,90.2499120028159,0,2,7,0,0
0,132.45,2,0,32,1,75,3,2,38.78,264.9,29.278973197433,0,1,9,0,0
2,371.56,2,0,28,0,28,2,0,5.32,743.12,1.4318010550113,2,1,10,6,1
1,377.28,2,1,33,1,47,2,0,35.17,754.56,9.32198897370653,2,1,5,4,0
2,300.17,2,0,35,0,82,2,0,13.52,600.34,4.50411433521005,1,1,9,0,0
4,432.74,2,1,27,1,61,3,1,29.16,865.48,6.7384572722651,2,1,11,4,0
1,42.88,1,0,31,0,35,3,1,0.04,42.88,0.0932835820895522,0,1,12,1,0
4,431.86,1,1,38,0,10,2,2,13.2,431.86,3.05654610290372,2,1,12,0,0
3,376.48,3,1,42,0,85,0,0,15.13,1129.44,4.0188057798555,2,2,1,6,1
4,454.27,2,0,31,0,26,2,2,9.78,908.54,2.1529046602241,2,1,8,2,0
4,213.62,3,0,35,0,21,2,1,11.09,640.86,5.19146147364479,1,1,2,0,0
1,163.68,3,1,60,1,27,0,1,45.96,491.04,28.0791788856305,0,2,8,1,0
1,385.43,2,1,33,1,63,0,2,43.82,770.86,11.3691202034092,2,1,5,4,0
3,37.37,2,0,63,1,84,2,0,20.65,74.74,55.2582285255553,0,3,1,0,0
3,329.37,3,0,30,1,23,0,0,1.72,988.11,0.52220906579227,1,1,5,1,0
1,316.06,4,1,45,0,51,3,0,35.09,1264.24,11.1023223438588,1,2,11,0,0
3,64.58,5,0,60,1,3,2,1,14.68,322.9,22.7314958191391,0,2,8,0,0
1,393.86,3,1,62,1,88,2,1,19.11,1181.58,4.85197786015335,2,3,8,4,0
0,372.43,4,1,34,1,1,2,0,39.26,1489.72,10.5415782831673,2,1,11,2,0
4,336.28,1,1,53,1,36,1,0,32.6,336.28,9.69430236707506,2,2,5,3,0
1,448.55,3,0,31,0,45,2,1,11.83,1345.65,2.63738713632817,2,1,7,1,0
0,183.19,1,0,43,1,69,2,2,40.78,183.19,22.2610404498062,1,2,10,2,0
4,189.19,1,0,58,0,96,1,1,27.77,189.19,14.6783656641472,1,2,8,3,0
4,270.45,1,0,27,1,18,2,0,6.26,270.45,2.31466075060085,1,1,3,2,0
3,69.5,5,0,66,1,92,2,0,35.17,347.5,50.6043165467626,0,3,9,2,0
4,113.79,2,0,44,0,28,1,0,45.83,227.58,40.2759469197645,0,2,1,4,0
1,61.41,1,0,42,0,75,1,2,20.42,61.41,33.2519133691581,0,2,11,3,0
0,356.06,1,1,69,1,58,0,2,39.82,356.06,11.1835083974611,2,3,12,5,1
1,30.24,3,0,27,0,51,2,0,23.28,90.72,76.984126984127,0,1,11,3,0
1,228.39,3,1,60,0,81,2,2,38.21,685.17,16.7301545601822,1,2,1,1,0
0,170.87,3,0,56,0,70,1,0,10.96,512.61,6.41423304266401,0,2,3,1,0
2,118.18,1,0,63,1,0,2,1,13.31,118.18,11.2624809612456,0,3,6,4,0
2,449.48,5,1,68,0,15,0,0,27.5,2247.4,6.11818100916615,2,3,4,1,0
3,209.89,3,0,18,0,62,1,0,9.8,629.67,4.66911239220544,1,0,3,3,0
3,490.12,3,1,35,1,60,3,0,37.63,1470.36,7.67771158083735,2,1,1,6,1
3,27.45,3,0,20,1,64,3,0,43.92,82.35,160,0,0,10,3,0
1,355.52,4,1,66,0,11,1,0,17.79,1422.08,5.00393789378938,2,3,4,0,0
3,300.47,2,1,56,0,8,2,2,34.89,600.94,11.6118081672047,1,2,7,0,0
3,499.35,3,1,66,0,41,2,0,30.28,1498.05,6.06388304796235,2,3,9,5,1
1,414.21,5,1,40,0,1,2,1,19.34,2071.05,4.66912918567876,2,1,3,4,0
2,57.22,2,0,63,0,3,1,1,20.04,114.44,35.022719328906,0,3,10,4,0
3,101.21,2,0,61,0,86,2,1,27.13,202.42,26.805651615453,0,3,7,4,0
4,211.89,3,0,67,0,95,1,2,13.82,635.67,6.52225211194488,1,3,12,0,0
3,106.44,3,0,47,1,76,3,2,32.12,319.32,30.1766253288238,0,2,10,1,0
2,77.14,2,0,60,0,83,3,0,32.8,154.28,42.5200933367903,0,2,1,4,0
2,295.93,1,0,32,0,80,0,1,5.03,295.93,1.69972628662184,1,1,2,3,0
4,43.16,4,0,69,1,29,0,2,21.88,172.64,50.6950880444856,0,3,3,3,0
3,17.39,4,0,54,1,69,1,2,9.19,69.56,52.8464634847614,0,2,8,1,0
3,395.26,2,1,21,1,63,3,2,23.43,790.52,5.92774376359864,2,0,4,3,0
0,26.41,3,0,31,1,64,2,2,48.75,79.23,184.589170768648,0,1,2,6,1
4,448.61,3,1,23,1,92,3,1,33.81,1345.83,7.53661309377856,2,0,1,3,0
4,74.11,3,0,61,0,65,1,1,41.75,222.33,56.3351774389421,0,3,4,5,1
2,22.35,2,0,25,0,99,2,1,9.03,44.7,40.4026845637584,0,0,2,3,0
2,121.67,3,0,54,0,58,1,0,4.38,365.01,3.59990137256514,0,2,9,6,1
2,183.95,2,0,28,0,67,1,2,19.85,367.9,10.7909758086437,1,1,4,1,0
3,203.59,2,0,21,1,95,0,2,6.29,407.18,3.0895427083845,1,0,1,2,0
1,412.67,2,1,21,0,88,0,2,16.43,825.34,3.98138948796859,2,0,4,4,0
3,68.58,4,0,36,1,51,2,0,32.09,274.32,46.7920676582094,0,1,12,6,1
0,463.02,1,1,67,0,31,3,0,40.29,463.02,8.70156796682649,2,3,3,0,0
4,129.03,5,0,21,1,3,3,0,27.26,645.15,21.1268697202201,0,0,6,5,1
1,385.8,4,1,51,1,19,1,1,2.33,1543.2,0.603939865215137,2,2,8,1,0
2,232.46,5,1,62,0,36,1,0,37.49,1162.3,16.1275058074508,1,3,10,0,0
3,219.89,2,0,21,1,97,3,1,27.46,439.78,12.4880622129247,1,0,5,0,0
1,345.69,4,1,30,0,25,2,1,46.39,1382.76,13.419537736122,2,1,2,0,0
3,125.14,5,1,53,0,33,1,2,36.05,625.7,28.8077353364232,0,2,6,1,0
2,394.39,4,1,18,0,14,3,0,13.51,1577.56,3.42554324399706,2,0,6,4,0
4,341.42,1,1,20,1,60,0,2,45.92,341.42,13.4497100345615,2,0,4,4,0
0,409,5,1,18,0,14,1,2,38.97,2045,9.5281173594132,2,0,4,4,0
3,409.34,5,1,47,0,19,3,0,5.87,2046.7,1.43401573264279,2,2,12,1,0
4,387.12,1,0,56,0,70,0,1,4.41,387.12,1.13918164910105,2,2,7,1,0
3,179.63,1,0,56,0,22,3,1,42.67,179.63,23.7543840115794,1,2,6,6,1
1,386.64,4,1,50,1,88,2,1,19.69,1546.56,5.09259259259259,2,2,10,0,0
4,34.01,2,0,25,0,19,0,1,23.13,68.02,68.0094089973537,0,0,12,3,0
3,233.87,2,0,22,1,6,3,2,3.69,467.74,1.57779963227434,1,0,1,6,1
1,34.95,1,0,38,1,44,2,1,4.33,34.95,12.3891273247496,0,1,12,0,0
1,187.61,3,0,64,1,35,1,1,8.65,562.83,4.61062843132029,1,3,7,3,0
0,327.81,4,1,69,1,81,2,2,32.5,1311.24,9.91427961319057,1,3,6,6,1
3,493.41,5,1,56,1,82,2,2,48.22,2467.05,9.7728055775116,2,2,6,6,1
4,182.98,5,0,31,0,17,2,0,26.35,914.9,14.4004809268773,1,1,8,3,0
2,264.22,5,0,55,1,63,0,1,24.67,1321.1,9.33691620619181,1,2,1,4,0
2,58.49,4,0,26,1,30,3,1,29.07,233.96,49.7008035561635,0,1,12,0,0
3,273.86,3,0,67,1,19,3,1,5.8,821.58,2.11787044475279,1,3,6,0,0
0,382.32,4,1,38,0,54,2,1,37.83,1529.28,9.89485247959824,2,1,12,4,0
4,214.04,3,0,47,1,9,2,1,16.15,642.12,7.5453186320314,1,2,1,2,0
2,157.45,2,0,36,0,87,1,2,23.78,314.9,15.1032073674182,0,1,5,2,0
1,146.44,2,0,54,1,18,0,1,31.03,292.88,21.1895656924338,0,2,1,2,0
3,397.2,2,1,29,0,51,2,1,46.99,794.4,11.8303121852971,2,1,11,1,0
0,68.63,5,0,54,0,26,0,2,43.19,343.15,62.9316625382486,0,2,3,0,0
2,451.76,5,1,62,0,32,3,2,11.01,2258.8,2.43713476182044,2,3,1,3,0
3,139.99,3,0,34,1,62,0,2,40.98,419.97,29.2735195371098,0,1,9,4,0
1,240.85,1,0,55,1,90,3,1,28.8,240.85,11.9576499896201,1,2,12,6,1
2,413.39,5,1,47,1,50,0,1,20.47,2066.95,4.95174048719127,2,2,2,4,0
2,239.43,5,0,48,1,80,3,2,31.01,1197.15,12.9515933675813,1,2,1,1,0
3,81.56,5,1,65,1,58,3,0,49.57,407.8,60.7773418342325,0,3,8,2,0
4,448.74,5,1,43,1,21,2,1,19.56,2243.7,4.35887150688595,2,2,1,2,0
1,421.25,4,1,28,0,73,3,2,12.11,1685,2.87477744807122,2,1,9,0,0
1,200.83,5,1,66,1,20,0,2,26.72,1004.15,13.3047851416621,1,3,5,6,1
4,364.71,2,0,23,0,77,3,0,23.39,729.42,6.41331468838255,2,0,6,6,1
3,484.97,1,1,32,0,26,2,2,13.23,484.97,2.72800379404912,2,1,12,2,0
4,236.81,3,1,59,1,88,3,0,46.13,710.43,19.4797516996749,1,2,3,6,1
3,323.17,2,1,59,0,62,2,0,37.83,646.34,11.7059132964075,1,2,1,3,0
0,333.47,4,0,29,0,7,2,0,11.68,1333.88,3.502563948781,1,1,3,4,0
3,202.86,2,0,36,1,40,2,1,15.58,405.72,7.68017351868284,1,1,9,4,0
0,230.02,2,1,55,1,7,2,0,39.76,460.04,17.2854534388314,1,2,2,4,0
3,52.67,4,0,42,1,92,3,1,21.7,210.68,41.1999240554395,0,2,4,4,0
0,436.48,1,1,67,0,7,1,0,37.93,436.48,8.68997434017595,2,3,6,4,0
2,256.06,3,1,41,1,37,0,0,23.45,768.18,9.15800984144341,1,2,11,3,0
0,124.38,5,0,23,0,1,2,2,15,621.9,12.0598166907863,0,0,4,4,0
1,257.81,2,1,56,1,66,0,2,47.89,515.62,18.5756952794694,1,2,10,2,0
4,386.93,5,1,37,1,85,1,2,27.86,1934.65,7.20026878246711,2,1,10,0,0
0,113.12,4,0,63,1,99,3,2,12.59,452.48,11.1297736916549,0,3,2,6,1
4,9.61,2,0,39,0,8,2,1,24.7,19.22,257.023933402706,0,1,1,6,1
0,291.26,2,0,26,0,55,2,1,10.05,582.52,3.45052530385223,1,1,3,1,0
0,407,4,1,62,0,2,1,2,26.78,1628,6.57985257985258,2,3,6,0,0
1,55.44,3,0,54,0,61,3,1,4.99,166.32,9.0007215007215,0,2,12,1,0
3,94.09,1,0,70,0,65,2,0,32.94,94.09,35.0090339037092,0,3,6,4,0
0,64.13,3,0,67,1,0,1,2,4.46,192.39,6.95462342117574,0,3,6,5,1
0,415.89,3,0,43,0,94,3,0,13.53,1247.67,3.25326408425305,2,2,11,6,1
4,200.81,3,0,44,1,9,2,2,13.77,602.43,6.85722822568597,1,2,4,1,0
4,190.11,1,0,21,0,79,2,0,34.32,190.11,18.0527063279154,1,0,10,2,0
0,230.18,1,0,68,0,12,0,2,18.69,230.18,8.11973238335216,1,3,5,2,0
2,59.81,2,0,68,0,97,1,1,47.01,119.62,78.5988965056011,0,3,8,0,0
4,442.21,3,0,41,0,74,3,1,11.53,1326.63,2.60735849483277,2,2,6,2,0
2,460.4,3,1,46,0,75,1,2,18.57,1381.2,4.03344917463076,2,2,4,4,0
1,14.16,4,0,28,1,76,3,1,18.71,56.64,132.132768361582,0,1,1,2,0
0,241.63,4,0,65,0,85,0,0,3.36,966.52,1.39055580846749,1,3,6,6,1
1,353.29,2,1,38,0,37,0,1,19.9,706.58,5.63276628265731,2,1,6,3,0
0,190.65,5,0,25,1,27,2,1,14.49,953.25,7.60031471282455,1,0,8,4,0
2,296.77,4,0,25,0,69,0,2,4.13,1187.08,1.39165009940358,1,0,10,3,0
1,357.05,5,1,41,0,35,2,2,42.69,1785.25,11.9563086402465,2,2,2,5,1
1,185.12,2,0,55,1,7,1,0,28.33,370.24,15.3035868625756,1,2,10,6,1
3,115.42,3,0,22,0,6,0,2,38.58,346.26,33.4257494368394,0,0,11,5,1
2,375.97,2,0,60,0,5,3,2,12.35,751.94,3.2848365561082,2,2,5,4,0
3,255.17,3,1,20,1,54,1,0,28.01,765.51,10.976995728338,1,0,2,2,0
4,297.83,1,1,25,1,17,0,2,48.16,297.83,16.1702984924286,1,0,6,5,1
2,378.81,5,1,34,0,87,2,0,33.62,1894.05,8.87516169055727,2,1,12,2,0
1,446.71,3,1,58,1,57,2,1,29.71,1340.13,6.65084730585839,2,2,12,4,0
3,327.61,4,1,25,0,17,2,2,39.16,1310.44,11.9532370806752,1,0,2,3,0
4,235.15,1,0,30,0,10,3,2,28.08,235.15,11.9413140548586,1,1,1,4,0
2,230.87,4,0,55,0,79,0,0,14.55,923.48,6.30224801836531,1,2,8,4,0
4,17.84,5,0,43,0,60,3,2,6.04,89.2,33.8565022421525,0,2,4,1,0
1,101.81,3,0,65,1,84,3,2,44.91,305.43,44.1115803948532,0,3,4,4,0
1,230.02,1,0,41,1,35,2,2,45.09,230.02,19.6026432484132,1,2,11,5,1
2,313.71,2,1,44,1,93,2,2,29.49,627.42,9.40040164483121,1,2,11,0,0
3,411.69,2,1,33,1,76,0,2,17.65,823.38,4.2872063931599,2,1,10,2,0
0,84.7,2,0,28,0,81,0,2,29.68,169.4,35.0413223140496,0,1,7,0,0
0,263.21,1,0,35,0,0,0,2,16.85,263.21,6.40173245697352,1,1,11,4,0
3,67.67,4,1,48,1,92,2,0,35.7,270.68,52.7560218708438,0,2,9,0,0
2,327.19,4,0,42,1,7,3,1,12.06,1308.76,3.68593172162963,1,2,4,5,1
0,231.24,4,1,70,0,60,2,0,26.43,924.96,11.4296834457706,1,3,7,2,0
0,110.4,4,0,21,0,2,2,2,45.72,441.6,41.4130434782609,0,0,7,6,1
1,423.13,5,1,22,1,0,2,0,23.21,2115.65,5.4853118426961,2,0,10,0,0
1,433.29,2,0,21,1,30,3,1,3.91,866.58,0.902397932100903,2,0,4,2,0
1,302.39,1,0,32,0,67,3,1,39.03,302.39,12.9071728562453,1,1,1,0,0
4,11.44,4,0,70,0,87,0,0,13.43,45.76,117.395104895105,0,3,8,5,1
2,473.83,1,1,30,0,72,3,1,40.12,473.83,8.4671717704662,2,1,4,2,0
2,405.64,5,1,32,0,23,0,2,19.47,2028.2,4.79982250271176,2,1,6,5,1
1,312.95,1,0,68,1,22,1,2,8.25,312.95,2.63620386643234,1,3,6,0,0
3,461.27,2,1,28,0,68,3,1,38.71,922.54,8.39204804127734,2,1,7,1,0
3,27.64,1,0,29,1,9,1,0,37.11,27.64,134.261939218524,0,1,5,3,0
1,73.25,2,0,21,0,69,3,0,6.62,146.5,9.03754266211604,0,0,11,3,0
1,267.21,4,1,37,0,2,1,1,18.83,1068.84,7.04689195763632,1,1,2,0,0
2,199.97,3,1,28,0,76,3,0,28.59,599.91,14.2971445716858,1,1,8,1,0
1,367.34,4,1,63,1,0,2,2,46.9,1469.36,12.7674633854195,2,3,4,3,0
2,298.19,3,0,50,0,41,3,2,32,894.57,10.731412857574,1,2,10,4,0
4,219.67,5,1,64,0,79,0,1,28.91,1098.35,13.1606500660081,1,3,3,4,0
2,394.75,3,1,54,0,3,1,1,39.72,1184.25,10.0620645978467,2,2,6,4,0
3,480.35,2,1,58,1,88,0,0,21.36,960.7,4.44675757260331,2,2,9,1,0
1,19.36,2,0,44,0,78,0,0,16.07,38.72,83.0061983471074,0,2,11,5,1
1,140.69,2,0,27,0,88,1,1,33.45,281.38,23.7756770203995,0,1,4,1,0
1,478.02,1,1,56,0,46,2,1,33.41,478.02,6.98924731182796,2,2,1,1,0
0,154.58,1,0,61,1,53,1,2,33.57,154.58,21.7169103376892,0,3,5,5,1
1,139.85,2,1,25,1,85,2,1,36.59,279.7,26.1637468716482,0,0,11,3,0
4,203.82,5,0,51,0,7,2,0,18.45,1019.1,9.05210479835149,1,2,8,4,0
2,148.08,5,0,47,1,16,1,2,22.11,740.4,14.9311183144246,0,2,11,0,0
3,156.55,2,0,33,1,58,1,2,28.82,313.1,18.4094538486107,0,1,10,6,1
0,281.31,3,1,45,0,27,0,2,32.55,843.93,11.5708648821585,1,2,12,5,1
0,258.93,3,0,30,0,45,1,0,37.9,776.79,14.6371606225621,1,1,6,4,0
4,80.97,5,1,20,1,68,0,1,28.64,404.85,35.3711251080647,0,0,2,6,1
2,194.35,3,1,42,1,56,2,0,35.96,583.05,18.5027013120659,1,2,11,3,0
1,473.76,2,0,52,0,37,3,0,2.33,947.52,0.491810199257008,2,2,3,3,0
4,28.9,3,0,33,0,64,0,0,5.94,86.7,20.5536332179931,0,1,10,1,0
1,246.44,4,1,53,0,27,2,1,39.42,985.76,15.9957799058594,1,2,9,6,1
3,334.71,2,0,32,0,98,1,0,10.18,669.42,3.04143885751845,1,1,12,4,0
4,377.28,3,0,69,1,85,2,0,13.53,1131.84,3.58619592875318,2,3,12,2,0
3,364.49,3,1,25,1,96,0,1,26.72,1093.47,7.33079096820215,2,0,8,3,0
2,82.46,4,0,40,1,31,2,0,16.05,329.84,19.4639825369876,0,1,12,1,0
3,451.91,3,1,54,1,94,2,2,35.5,1355.73,7.8555464583656,2,2,12,4,0
3,30.05,3,0,54,1,65,1,1,20.93,90.15,69.6505823627288,0,2,4,2,0
1,98.36,5,0,60,0,86,2,1,27.5,491.8,27.9585197234648,0,2,10,0,0
0,190.37,2,0,38,1,47,0,2,35.37,380.74,18.5796081315333,1,1,10,4,0
3,54.34,5,0,22,1,31,0,2,36.79,271.7,67.7033492822966,0,0,6,1,0
1,478.35,4,1,40,1,63,0,0,12.06,1913.4,2.52116650987771,2,1,12,5,1
4,7.98,2,0,32,0,36,2,1,6.28,15.96,78.6967418546366,0,1,12,4,0
1,312.15,4,1,65,1,76,2,0,15.91,1248.6,5.09690853756207,1,3,12,3,0
4,219.33,3,0,40,1,88,1,1,30.17,657.99,13.7555281995167,1,1,2,2,0
4,175.3,1,0,44,1,97,1,1,28.06,175.3,16.0068454078722,1,2,4,0,0
4,494.13,2,1,68,0,14,0,0,20.48,988.26,4.1446582883047,2,3,10,3,0
3,300.65,2,0,70,0,42,2,0,2.01,601.3,0.668551471811076,1,3,3,5,1
4,370.95,1,0,20,0,38,2,0,0.71,370.95,0.191400458282787,2,0,9,4,0
0,173.15,2,0,35,1,30,1,2,8.72,346.3,5.0360958706324,1,1,8,2,0
2,277.66,2,1,18,1,31,3,2,35.49,555.32,12.7818194914644,1,0,5,2,0
2,336.07,2,1,61,0,24,2,0,31.57,672.14,9.39387627577588,2,3,10,3,0
2,148.18,2,0,49,1,56,0,0,8.35,296.36,5.63503846672965,0,2,6,4,0
0,367.93,2,1,55,0,55,1,2,42.46,735.86,11.5402386323485,2,2,7,1,0
0,399.15,4,0,64,1,6,3,0,6.89,1596.6,1.72616810722786,2,3,3,1,0
0,277.37,3,1,51,1,93,0,0,43.53,832.11,15.6938385549987,1,2,2,3,0
3,181.22,3,0,38,0,89,2,0,19.13,543.66,10.5562299966891,1,1,11,0,0
1,150.45,4,0,53,0,19,1,1,24.57,601.8,16.3310069790628,0,2,1,2,0
4,109.52,2,0,29,0,63,1,2,18.1,219.04,16.5266617969321,0,1,8,3,0
2,103.45,5,0,27,1,68,3,2,8.21,517.25,7.93620106331561,0,1,2,5,1
0,150.7,2,0,32,1,64,2,1,3.8,301.4,2.52156602521566,0,1,3,5,1
0,301.62,3,0,38,0,91,1,0,0.31,904.86,0.102778330349446,1,1,12,1,0
3,286.1,3,0,24,1,32,2,0,4.58,858.3,1.60083886752884,1,0,11,4,0
3,298.11,3,1,67,1,96,0,2,20.11,894.33,6.74583207540841,1,3,12,3,0
4,123.21,3,0,50,0,29,2,0,47.75,369.63,38.7549711874036,0,2,8,5,1
2,33.85,1,0,20,0,45,1,0,34.13,33.85,100.82717872969,0,0,8,2,0
4,472.06,4,1,50,0,16,1,2,47.04,1888.24,9.96483497860442,2,2,3,6,1
4,452.07,2,0,44,1,6,0,2,9.93,904.14,2.19656247926206,2,2,7,5,1
0,159.55,2,1,26,1,25,2,2,40.45,319.1,25.3525540582889,0,1,5,6,1
1,15.95,2,0,63,0,26,0,0,29.48,31.9,184.827586206897,0,3,12,2,0
0,171.81,2,0,53,1,62,1,2,12.48,343.62,7.26383796053781,0,2,8,2,0
1,12.85,1,0,31,1,44,3,0,45.07,12.85,350.739299610895,0,1,9,3,0
1,352.66,4,1,38,1,22,1,1,32.32,1410.64,9.16463449214541,2,1,3,4,0
1,312.12,5,1,65,1,11,0,1,31.31,1560.6,10.0313981801871,1,3,4,0,0
4,283.56,2,0,29,0,60,0,0,16.73,567.12,5.89998589363803,1,1,9,0,0
2,407.75,5,1,32,1,31,3,1,28.93,2038.75,7.09503372164316,2,1,3,0,0
0,35.76,4,0,69,0,20,2,1,8.23,143.04,23.0145413870246,0,3,8,3,0
4,177.25,3,0,67,0,38,1,0,12.64,531.75,7.1311706629055,1,3,9,4,0
2,416.08,4,1,62,0,45,0,1,48.47,1664.32,11.6492020765238,2,3,1,0,0
0,309.2,1,0,46,0,58,3,1,30.49,309.2,9.86093143596378,1,2,2,1,0
4,211.14,3,1,42,1,62,3,0,49.88,633.42,23.624135644596,1,2,6,3,0
3,463.62,5,1,43,1,6,1,2,21.84,2318.1,4.71075449721755,2,2,5,2,0
2,222.88,4,1,36,0,96,3,1,25.25,891.52,11.3289662598708,1,1,10,6,1
0,418.46,1,0,62,1,74,1,1,19.24,418.46,4.59781102136405,2,3,9,3,0
3,198.08,5,1,33,1,4,0,1,46.89,990.4,23.672253634895,1,1,9,2,0
3,471.56,2,1,19,0,94,3,0,21.01,943.12,4.45542454830775,2,0,12,3,0
1,395.54,1,1,28,1,95,1,1,38.33,395.54,9.69054962835617,2,1,8,6,1
2,397.56,3,1,40,0,36,1,2,49.11,1192.68,12.3528523996378,2,1,3,1,0
1,246.27,2,0,55,1,18,0,1,18.2,492.54,7.3902627197791,1,2,4,1,0
4,316.66,3,1,19,1,53,1,1,38.98,949.98,12.3097328364808,1,0,3,4,0
0,252.76,4,0,35,0,47,0,2,14.13,1011.04,5.59028327266973,1,1,8,0,0
3,443.76,5,1,37,1,63,1,1,20.51,2218.8,4.62186767622138,2,1,11,3,0
0,479.14,5,1,53,1,36,3,0,23.22,2395.7,4.84618274408315,2,2,9,6,1
2,39.83,3,0,40,1,70,3,2,40.29,119.49,101.154908360532,0,1,6,5,1
0,448.65,4,1,67,0,26,3,0,14.89,1794.6,3.31884542516438,2,3,10,4,0
2,377.1,4,1,42,1,88,1,2,44.66,1508.4,11.8430124635375,2,2,1,5,1
2,463.1,1,1,64,0,26,3,2,37.49,463.1,8.0954437486504,2,3,1,0,0
3,160.37,1,0,42,0,59,1,2,38.35,160.37,23.9134501465361,0,2,1,1,0
1,201.74,2,1,18,1,17,3,0,48.45,403.48,24.0160602756023,1,0,1,0,0
3,387.16,5,1,59,0,34,2,2,15.09,1935.8,3.897613389813,2,2,8,1,0
2,273.37,1,0,33,1,97,3,0,19.88,273.37,7.27219519332772,1,1,1,6,1
4,418.27,1,0,37,1,86,0,2,17.82,418.27,4.2604059578741,2,1,10,6,1
4,223.5,4,0,53,1,64,1,2,18.7,894,8.3668903803132,1,2,3,6,1
0,345.84,4,1,58,0,60,1,2,22.68,1383.36,6.55794587092297,2,2,2,3,0
1,292.89,2,0,45,1,39,0,0,0.99,585.78,0.338010857318447,1,2,4,6,1
0,197.3,2,0,40,0,44,0,0,18.16,394.6,9.20425747592499,1,1,2,1,0
2,138.37,4,1,38,0,58,2,1,37.31,553.48,26.9639372696394,0,1,1,1,0
1,217.68,5,0,47,1,29,3,1,15.17,1088.4,6.96894524072032,1,2,12,0,0
0,334.78,1,0,48,1,88,2,2,16.03,334.78,4.78821912898023,1,2,10,4,0
0,135.54,5,0,22,1,45,3,0,7.42,677.7,5.47439870149034,0,0,5,5,1
0,421.63,5,1,27,1,45,0,1,35.91,2108.15,8.5169461376088,2,1,4,3,0
1,491.36,4,1,70,1,20,0,2,11.84,1965.44,2.40963855421687,2,3,2,5,1
1,460.05,3,1,55,0,36,2,2,32.08,1380.15,6.97315509183784,2,2,11,5,1
3,99.4,5,0,22,1,82,3,2,16.64,497,16.7404426559356,0,0,5,3,0
1,310.7,2,0,54,1,32,1,0,10.71,621.4,3.4470550370132,1,2,6,4,0
3,230.12,3,0,57,1,31,2,1,26.91,690.36,11.6938988353902,1,2,12,2,0
0,30.52,2,0,27,1,53,3,0,47.27,61.04,154.882044560944,0,1,12,3,0
0,134.06,2,0,42,1,5,2,0,8.97,268.12,6.69103386543339,0,2,12,1,0
1,321.81,5,1,31,1,46,3,1,28.3,1609.05,8.7940088872316,1,1,5,2,0
2,324.12,2,1,48,0,9,1,0,35.5,648.24,10.9527335554733,1,2,1,0,0
2,140.3,3,0,63,1,43,0,1,32,420.9,22.808267997149,0,3,12,5,1
2,346.57,1,0,18,1,48,3,2,2.74,346.57,0.790605072568313,2,0,2,3,0
3,141.1,4,0,30,0,28,1,2,30.04,564.4,21.2898653437279,0,1,6,4,0
3,139.77,5,0,46,1,66,1,2,15.14,698.85,10.8320812763826,0,2,3,5,1
2,211,1,0,22,1,41,2,1,46.82,211,22.1895734597156,1,0,5,2,0
3,447.55,3,1,49,1,42,2,2,35.76,1342.65,7.99016869623506,2,2,11,0,0
4,60.85,1,0,29,0,81,0,2,13.8,60.85,22.6787181594084,0,1,3,4,0
3,147.34,1,0,43,1,35,2,2,19.35,147.34,13.1328899144835,0,2,3,3,0
3,271.99,5,0,68,0,29,1,1,9.33,1359.95,3.43027317180779,1,3,2,2,0
2,306.42,3,1,64,0,92,2,2,38.85,919.26,12.6786763266105,1,3,10,3,0
1,57.98,2,0,59,1,71,2,0,7.51,115.96,12.9527423249396,0,2,2,1,0
1,187.87,5,1,32,0,95,0,0,30.59,939.35,16.2825357960292,1,1,12,3,0
1,414.61,5,1,67,0,98,0,1,9.31,2073.05,2.24548370758062,2,3,6,4,0
2,238.18,5,0,36,0,57,3,1,13.48,1190.9,5.65958518767319,1,1,8,1,0
4,493.98,1,1,22,1,72,3,0,15.41,493.98,3.11955949633588,2,0,3,2,0
0,323.11,4,0,54,1,85,3,0,29.89,1292.44,9.25071956918696,1,2,6,2,0
2,399.32,4,1,28,0,93,2,0,10.3,1597.28,2.57938495442252,2,1,3,3,0
2,486.52,4,1,35,1,50,3,0,40.54,1946.08,8.33264819534654,2,1,8,5,1
2,170.93,3,0,62,1,40,1,2,27.65,512.79,16.1762124846428,0,3,5,3,0
2,70.89,2,0,24,0,53,3,0,20.39,141.78,28.7628720552969,0,0,11,3,0
4,295.2,4,1,33,0,1,1,1,30.55,1180.8,10.3489159891599,1,1,10,1,0
1,396.09,3,1,68,1,73,3,1,40.28,1188.27,10.1694059430937,2,3,8,1,0
2,104.03,5,0,36,1,25,3,1,21.14,520.15,20.3210612323368,0,1,5,5,1
1,42.38,2,0,52,1,80,3,0,14.22,84.76,33.5535630014158,0,2,6,4,0
2,42.5,3,0,30,0,10,1,2,17.2,127.5,40.4705882352941,0,1,10,1,0
0,429.41,5,1,60,1,9,1,2,18.85,2147.05,4.38974406744137,2,2,2,4,0
4,104.76,4,0,59,1,0,0,2,39.41,419.04,37.6193203512791,0,2,2,2,0
1,385.5,4,1,45,0,46,2,1,28.89,1542,7.49416342412452,2,2,7,5,1
2,141.1,1,0,49,1,77,3,1,45.1,141.1,31.9631467044649,0,2,12,3,0
3,167.97,5,0,44,0,71,1,0,28.69,839.85,17.0804310293505,0,2,5,2,0
1,8.25,5,0,47,0,57,2,2,21.75,41.25,263.636363636364,0,2,6,0,0
0,357.85,5,1,56,1,68,3,1,36.81,1789.25,10.2864328629314,2,2,2,5,1
3,437.25,4,1,43,0,47,0,2,46.97,1749,10.7421383647799,2,2,10,3,0
2,428.12,1,1,67,1,14,1,0,32.18,428.12,7.51658413528917,2,3,8,2,0
0,239.82,5,1,25,0,87,1,1,40.47,1199.1,16.8751563672755,1,0,11,5,1
3,218.86,1,0,18,1,27,2,1,12.9,218.86,5.89417892716805,1,0,12,2,0
4,325.64,3,1,19,1,81,1,1,32.66,976.92,10.0294804078123,1,0,12,5,1
2,206.05,5,1,45,1,84,2,0,42.02,1030.25,20.3931084688183,1,2,11,0,0
2,144.28,2,0,45,1,66,0,0,26.78,288.56,18.5611311339063,0,2,9,5,1
0,43.39,2,0,41,1,59,3,0,4.08,86.78,9.40308826918645,0,2,8,2,0
0,487.72,5,1,37,0,84,1,1,4.77,2438.6,0.978020175510539,2,1,5,1,0
3,171.83,1,0,55,1,39,1,2,30.1,171.83,17.5173136239306,0,2,5,1,0
0,355.98,1,1,66,0,5,0,1,35.11,355.98,9.86291364683409,2,3,6,6,1
3,210.14,4,0,47,0,54,2,0,18.42,840.56,8.76558484819644,1,2,5,0,0
4,45.43,4,0,69,1,21,2,2,18.19,181.72,40.0396213955536,0,3,6,3,0
3,118.87,3,0,20,1,20,1,1,32.54,356.61,27.3744426684613,0,0,10,3,0
1,400.64,1,0,48,0,89,3,0,23.3,400.64,5.81569488817891,2,2,6,1,0
0,26.48,5,0,55,1,48,0,2,18.23,132.4,68.8444108761329,0,2,10,4,0
4,417.26,4,1,59,1,66,1,0,29.18,1669.04,6.99324162392753,2,2,3,3,0
4,19.19,4,0,49,1,68,2,2,41.91,76.76,218.394997394476,0,2,12,4,0
0,112.94,3,0,50,0,5,2,2,19.85,338.82,17.5757039135824,0,2,9,2,0
3,323.17,5,0,54,0,56,1,2,0.46,1615.85,0.14233994492063,1,2,10,5,1
0,451.99,1,1,31,1,16,1,1,34.62,451.99,7.6594614925109,2,1,3,2,0
2,483.41,5,1,38,1,40,3,1,16.03,2417.05,3.31602573384911,2,1,2,5,1
3,274.69,5,0,59,1,1,0,2,12.15,1373.45,4.42316793476282,1,2,1,0,0
1,296.84,1,0,24,1,83,0,0,5.78,296.84,1.94717693033284,1,0,9,0,0
1,479.4,4,1,45,1,0,1,1,41.71,1917.6,8.70045890696704,2,2,9,5,1
1,283.41,1,1,37,0,34,0,1,45.01,283.41,15.881584982887,1,1,9,5,1
2,215.89,4,0,57,1,52,1,1,12.86,863.56,5.95673722729168,1,2,4,0,0
0,274.74,1,0,30,1,5,0,1,12.98,274.74,4.72446676858121,1,1,4,3,0
1,165.64,1,0,55,1,37,2,2,10.44,165.64,6.30282540449167,0,2,4,4,0
0,496.87,2,1,40,0,59,3,2,30.26,993.74,6.09012417735021,2,1,7,2,0
0,135.12,3,1,66,0,94,2,2,45.8,405.36,33.8957963291889,0,3,6,5,1
0,470.37,4,1,18,0,35,1,0,27.48,1881.48,5.84220932457427,2,0,10,6,1
4,499.89,1,1,24,1,62,1,2,42.77,499.89,8.5558822941047,2,0,1,1,0
0,63.68,1,0,61,1,92,1,0,41.44,63.68,65.0753768844221,0,3,10,6,1
1,301.95,3,1,47,0,95,1,0,47.26,905.85,15.6515979466799,1,2,1,5,1
2,102.51,1,0,46,1,11,0,0,49.86,102.51,48.6391571553995,0,2,9,5,1
2,414.07,2,1,19,0,69,3,2,19.81,828.14,4.78421522930905,2,0,5,6,1
4,468.29,3,1,43,0,62,0,1,36.26,1404.87,7.74306519464434,2,2,9,6,1
1,376.03,5,1,39,0,55,2,1,45.55,1880.15,12.1133952078292,2,1,11,5,1
1,86.2,4,0,25,0,1,1,0,22.95,344.8,26.6241299303944,0,0,1,4,0
3,361.15,2,1,47,0,88,1,2,45.63,722.3,12.6346393465319,2,2,5,3,0
4,409.28,3,1,49,0,87,3,2,5.55,1227.84,1.35603987490227,2,2,8,6,1
1,448.16,3,1,47,1,43,2,2,35.21,1344.48,7.85656908247055,2,2,1,4,0
0,164.98,3,0,56,1,78,1,2,14.25,494.94,8.63741059522367,0,2,11,6,1
3,435.51,2,0,45,0,71,1,0,7.98,871.02,1.83233450437418,2,2,6,2,0
0,362.25,4,1,63,0,53,3,0,39.53,1449,10.912353347136,2,3,3,2,0
2,43,3,0,30,0,73,2,2,46.64,129,108.46511627907,0,1,4,3,0
3,163.94,1,0,68,0,33,1,2,30.77,163.94,18.769061851897,0,3,9,6,1
3,31.04,3,0,70,0,42,0,0,4.47,93.12,14.4007731958763,0,3,11,2,0
0,483.07,3,0,34,0,67,2,1,0.09,1449.21,0.0186308402508953,2,1,9,5,1
1,178.3,4,0,63,1,68,1,2,1.01,713.2,0.566461020751542,1,3,8,2,0
3,77.62,2,0,56,0,78,2,1,31.74,155.24,40.8915228034012,0,2,5,5,1
0,205.98,2,0,55,1,93,2,2,30.29,411.96,14.7053111952617,1,2,7,6,1
2,274.26,4,1,58,1,60,2,1,21.58,1097.04,7.86844600014585,1,2,8,1,0
1,324.2,4,1,43,0,48,3,0,3.47,1296.8,1.07032695866749,1,2,7,0,0
0,113.46,4,0,52,0,55,3,0,42.95,453.84,37.8547505728891,0,2,11,2,0
2,254.29,3,0,61,1,40,1,2,1.92,762.87,0.755043454323804,1,3,11,4,0
2,354.51,3,1,20,0,31,1,0,45.43,1063.53,12.8148712307128,2,0,9,0,0
1,79.85,3,1,31,1,47,3,1,49.91,239.55,62.504696305573,0,1,1,1,0
1,18.98,5,0,55,0,54,3,1,14.33,94.9,75.5005268703899,0,2,4,1,0
0,438.48,2,1,32,0,11,2,2,48.93,876.96,11.1590038314176,2,1,1,3,0
2,97.37,5,0,61,0,24,1,1,28.36,486.85,29.1260141727431,0,3,12,1,0
4,419.43,2,0,33,0,19,3,2,19.66,838.86,4.68731373530744,2,1,11,0,0
0,6.1,4,0,38,0,10,3,1,2.15,24.4,35.2459016393443,0,1,2,2,0
3,145.9,3,0,40,1,23,2,1,3.41,437.7,2.33721727210418,0,1,9,6,1
3,365.96,1,0,26,0,81,0,2,2.83,365.96,0.773308558312384,2,1,5,5,1
3,65.22,3,0,53,0,4,1,1,14.02,195.66,21.4964734743944,0,2,1,6,1
1,336.21,2,1,52,0,87,2,2,25.95,672.42,7.71839029178192,2,2,12,1,0
4,285.84,1,1,58,1,70,3,1,36.6,285.84,12.8043660789253,1,2,4,4,0
1,266.52,3,1,32,0,14,3,2,47.98,799.56,18.0024013207264,1,1,8,5,1
0,267.93,3,1,34,1,37,0,2,40.4,803.79,15.0785652969059,1,1,4,2,0
1,299.61,1,1,20,1,76,3,1,43.21,299.61,14.4220820399853,1,0,9,4,0
3,92.5,5,0,60,1,51,3,0,19.06,462.5,20.6054054054054,0,2,8,4,0
0,306.64,3,1,53,0,2,2,1,36.93,919.92,12.0434385598748,1,2,3,6,1
4,216.05,3,0,68,1,48,2,1,32.24,648.15,14.922471650081,1,3,7,4,0
0,94.07,4,0,24,0,26,3,0,27.29,376.28,29.0103114701818,0,0,12,3,0
0,175.92,1,0,28,1,55,2,1,49.54,175.92,28.1605275125057,1,1,4,5,1
0,337.56,5,1,65,1,55,2,0,29.99,1687.8,8.88434648655054,2,3,9,3,0
0,215.32,4,0,45,0,24,3,2,19.46,861.28,9.03771131339402,1,2,4,1,0
4,187.4,5,1,35,1,97,2,2,30.34,937,16.1899679829242,1,1,10,5,1
0,219.76,4,1,55,0,55,0,2,41.27,879.04,18.7795777211504,1,2,5,1,0
3,83.63,5,0,18,1,87,3,0,27.17,418.15,32.4883415042449,0,0,8,4,0
1,24.24,2,0,62,1,24,1,2,46.64,48.48,192.409240924092,0,3,3,2,0
2,388.59,3,1,57,1,26,0,1,25.61,1165.77,6.59049383669163,2,2,3,0,0
3,253.07,1,1,45,0,49,3,0,47.07,253.07,18.5995969494606,1,2,8,4,0
3,404.47,2,0,70,1,18,2,0,30.3,808.94,7.49128489133928,2,3,10,4,0
4,346.61,3,1,39,1,38,1,2,18.85,1039.83,5.43838896742737,2,1,2,2,0
1,192.36,3,0,48,0,74,2,1,3.55,577.08,1.84549802453733,1,2,3,0,0
1,328.07,3,1,34,0,99,1,2,29.35,984.21,8.94626146858902,1,1,1,6,1
0,466.21,5,1,40,0,38,3,1,25.09,2331.05,5.38169494433839,2,1,1,2,0
2,299.54,1,1,41,0,33,3,0,38.78,299.54,12.9465179942579,1,2,4,2,0
0,47.46,2,0,66,0,57,1,1,4.55,94.92,9.58702064896755,0,3,9,1,0
4,245.07,3,0,52,0,1,1,0,10.13,735.21,4.13351287387277,1,2,11,1,0
1,64.27,3,0,20,0,77,2,2,43.35,192.81,67.449821067372,0,0,7,5,1
3,67.47,4,0,54,0,70,1,0,17.52,269.88,25.9670964873277,0,2,2,5,1
2,103.49,1,0,67,0,8,1,1,9.19,103.49,8.88008503237028,0,3,7,2,0
0,419.97,4,1,36,0,64,2,2,41.45,1679.88,9.86975260137629,2,1,1,2,0
4,372.9,1,0,62,0,93,3,1,10.83,372.9,2.90426387771521,2,3,5,2,0
1,488.17,2,1,38,1,11,2,0,25.12,976.34,5.14574840731712,2,1,10,5,1
0,137.93,4,0,29,0,60,1,2,4.27,551.72,3.09577321829914,0,1,8,4,0
4,476.3,5,1,45,0,63,1,2,8.58,2381.5,1.8013856812933,2,2,5,1,0
3,240.88,2,0,58,1,29,2,0,29.32,481.76,12.1720358684822,1,2,3,0,0
1,121.76,1,0,55,1,61,2,0,38.64,121.76,31.7345597897503,0,2,1,2,0
4,348.34,1,0,49,1,15,1,0,8.44,348.34,2.4229201354998,2,2,3,1,0
0,247.41,2,0,47,1,77,1,0,25.71,494.82,10.3916575724506,1,2,2,1,0
1,18.39,4,0,25,1,59,2,1,37.74,73.56,205.220228384992,0,0,1,2,0
3,240.02,4,0,51,1,63,1,0,22.32,960.08,9.29922506457795,1,2,12,5,1
0,188.65,1,0,22,1,48,0,0,16.93,188.65,8.97429101510734,1,0,5,1,0
0,66.22,1,0,48,0,22,2,0,20.76,66.22,31.3500453035337,0,2,6,5,1
1,218.9,4,1,47,0,42,2,0,28.43,875.6,12.9876656007309,1,2,10,2,0
2,497.37,5,1,56,1,50,0,0,10.45,2486.85,2.10105153105334,2,2,10,2,0
1,27.03,3,0,64,0,53,1,2,42.71,81.09,158.009618941916,0,3,8,6,1
2,321.79,2,1,62,0,76,2,0,39.62,643.58,12.3123776375897,1,3,3,5,1
0,359.02,1,1,37,1,33,3,2,32.94,359.02,9.17497632443875,2,1,10,2,0
0,152.01,2,0,66,1,87,2,1,32.52,304.02,21.3933293862246,0,3,3,1,0
3,427.84,3,0,45,0,16,3,1,6.11,1283.52,1.42810396409873,2,2,11,5,1
2,16.51,3,0,30,0,43,3,0,20.25,49.53,122.652937613568,0,1,2,6,1
1,438.53,1,1,49,1,73,1,0,19.42,438.53,4.42843135019269,2,2,12,4,0
3,39.82,2,0,64,1,6,2,0,29.48,79.64,74.0331491712707,0,3,7,6,1
0,249.49,1,1,49,1,69,1,2,29.92,249.49,11.9924646278408,1,2,10,3,0
4,184.58,1,0,22,0,18,0,1,16.36,184.58,8.86336547838336,1,0,9,4,0
0,189.92,4,0,37,0,57,1,0,6.09,759.68,3.20661331086773,1,1,4,5,1
4,242.42,1,0,22,0,81,3,1,13.28,242.42,5.47809586667767,1,0,1,5,1
4,105.57,4,0,60,1,37,1,1,34.21,422.28,32.4050393104102,0,2,12,5,1
1,205.89,1,0,66,0,41,1,2,10.13,205.89,4.92010296760406,1,3,1,1,0
4,37.42,5,0,49,0,98,0,2,30.18,187.1,80.6520577231427,0,2,11,1,0
2,191.59,4,1,58,0,2,1,2,40.54,766.36,21.1597682551281,1,2,12,2,0
1,190.38,5,0,27,0,43,3,2,14.97,951.9,7.86322092656792,1,1,12,0,0
1,21.23,4,0,31,0,47,0,2,3.59,84.92,16.9100329722091,0,1,8,0,0
4,368.06,4,1,55,0,80,2,1,35.2,1472.24,9.56365809922295,2,2,12,6,1
2,147.33,4,1,61,1,62,3,2,38.05,589.32,25.8263761623566,0,3,12,2,0
3,371.65,5,1,52,0,43,0,1,48.16,1858.25,12.9584286290865,2,2,1,1,0
4,382.9,1,1,44,0,20,1,2,39.75,382.9,10.381300600679,2,2,1,5,1
4,321.93,3,0,66,1,75,2,1,19.69,965.79,6.11623644891747,1,3,5,0,0
0,284.3,3,1,35,1,20,1,1,38.59,852.9,13.5736897643335,1,1,8,2,0
4,71.18,3,0,31,0,41,0,1,46.99,213.54,66.0157347569542,0,1,5,1,0
0,93.38,3,0,35,1,23,2,1,17.92,280.14,19.1904047976012,0,1,8,2,0
0,192.73,4,0,57,0,73,1,0,6.46,770.92,3.35183936076376,1,2,1,4,0
1,241.12,5,1,53,0,46,2,1,41.62,1205.6,17.2611147976112,1,2,3,4,0
4,483.59,5,1,46,1,46,0,0,45.32,2417.95,9.37157509460494,2,2,8,4,0
4,119.22,4,0,23,0,86,0,1,39.19,476.88,32.8720013420567,0,0,10,6,1
4,392.42,1,0,53,0,60,1,0,9.77,392.42,2.48967942510575,2,2,8,3,0
3,109.58,5,1,23,1,63,3,2,34.91,547.9,31.858003285271,0,0,1,3,0
3,256.64,3,1,33,0,58,1,2,47.29,769.92,18.4265897755611,1,1,1,5,1
4,486.85,3,1,53,1,82,1,1,44.67,1460.55,9.17531067063777,2,2,7,0,0
2,82.59,5,0,20,1,27,1,1,9.53,412.95,11.5389272308996,0,0,8,4,0
4,443.8,4,0,36,0,67,2,2,2.99,1775.2,0.673726904010816,2,1,1,6,1
1,210.38,4,0,20,1,83,2,2,24.3,841.52,11.5505276166936,1,0,6,5,1
1,19.74,3,0,20,0,98,2,0,6.91,59.22,35.0050658561297,0,0,4,6,1
3,379.21,5,1,51,0,40,2,1,16.07,1896.05,4.2377574431054,2,2,7,5,1
4,243.27,3,0,47,1,39,0,1,5.16,729.81,2.12110001233198,1,2,5,5,1
1,224.81,1,0,48,0,39,3,0,0.34,224.81,0.151238823895734,1,2,5,4,0
0,39.93,3,0,62,1,98,1,1,45.91,119.79,114.976208364638,0,3,5,3,0
4,416.18,5,0,46,1,53,3,0,1.6,2080.9,0.384449036474602,2,2,12,1,0
2,487.87,1,1,51,1,82,2,0,32.5,487.87,6.66161067497489,2,2,2,5,1
3,130.23,1,0,29,0,44,2,0,20.94,130.23,16.0792444137296,0,1,12,3,0
3,204.73,2,0,51,0,16,3,1,21.48,409.46,10.4918673374689,1,2,8,4,0
4,439.46,4,1,52,0,15,1,0,23.29,1757.84,5.29968597824603,2,2,5,0,0
0,212.65,4,0,61,1,96,0,0,23.67,850.6,11.1309663766753,1,3,4,2,0
4,382.34,4,1,33,0,30,3,0,20.44,1529.36,5.34602709630172,2,1,10,2,0
1,176.97,2,0,56,0,82,2,2,49.37,353.94,27.8973837373566,1,2,2,3,0
2,10.8,1,0,68,1,36,1,1,18.47,10.8,171.018518518519,0,3,8,5,1
0,37.12,1,0,18,1,83,1,0,24.74,37.12,66.6487068965517,0,0,7,0,0
0,62.31,2,0,41,0,8,3,2,13.37,124.62,21.4572299791366,0,2,12,1,0
4,340.56,2,1,33,0,30,0,2,43.93,681.12,12.8993422598074,2,1,1,3,0
0,495.01,3,1,24,0,4,3,1,30.54,1485.03,6.16957233187208,2,0,9,2,0
0,409.24,5,1,59,1,11,3,1,20.06,2046.2,4.90176913302708,2,2,2,4,0
4,54.72,1,0,34,1,7,0,2,26.06,54.72,47.624269005848,0,1,2,1,0
2,384.47,2,0,39,1,38,0,1,10.79,768.94,2.80646084219835,2,1,7,2,0
0,95.16,3,1,23,1,25,2,0,37.87,285.48,39.7961328289197,0,0,2,3,0
2,36.14,1,0,24,1,64,1,1,48.12,36.14,133.148865522966,0,0,8,2,0
3,115.56,2,0,59,0,65,2,1,35.68,231.12,30.8757355486327,0,2,2,6,1
0,81.22,2,0,36,1,4,0,1,20.94,162.44,25.7818271361734,0,1,1,0,0
3,468.79,2,1,62,0,70,2,1,25.51,937.58,5.44166897758058,2,3,1,0,0
2,287.63,5,0,54,1,34,0,0,15.13,1438.15,5.26023015679867,1,2,8,1,0
2,409.45,3,0,65,1,13,1,0,5.09,1228.35,1.24313102942972,2,3,10,5,1
4,335.17,4,1,26,1,58,3,1,8.19,1340.68,2.44353611600084,2,1,12,4,0
0,397.9,3,1,47,1,12,1,2,30.58,1193.7,7.68534807740638,2,2,10,6,1
2,213.2,1,0,46,0,22,2,2,3.58,213.2,1.67917448405253,1,2,4,1,0
0,56.2,3,0,29,1,85,1,0,48.11,168.6,85.6049822064057,0,1,4,1,0
3,426.05,2,1,35,1,44,0,1,14.89,852.1,3.49489496537965,2,1,3,3,0
0,266.47,4,0,54,1,33,2,2,25.18,1065.88,9.44946898337524,1,2,2,2,0
3,169.06,3,1,53,0,48,0,1,28.39,507.18,16.7928546078315,0,2,12,0,0
1,496.22,4,1,47,1,27,0,0,20.31,1984.88,4.09294264640684,2,2,11,0,0
2,42.1,5,0,70,1,81,2,2,2.38,210.5,5.65320665083135,0,3,1,2,0
4,343.39,5,0,61,0,93,3,2,16.03,1716.95,4.66816156556685,2,3,12,6,1
3,307.49,3,1,59,1,18,0,1,32.58,922.47,10.5954665192364,1,2,2,4,0
2,476.49,4,1,66,1,60,2,2,31.17,1905.96,6.54158534281937,2,3,5,6,1
4,495.42,4,1,52,0,93,1,2,11.06,1981.68,2.23244923499253,2,2,8,0,0
1,144.57,2,0,22,0,10,0,1,0.99,289.14,0.684789375389085,0,0,7,1,0
1,265.77,1,0,28,0,25,1,0,1.05,265.77,0.395078451292471,1,1,9,1,0
4,293.33,2,0,42,0,11,1,0,32.71,586.66,11.151263082535,1,2,11,5,1
1,343.59,3,1,41,1,80,1,1,35.2,1030.77,10.2447684740534,2,2,2,3,0
2,430.84,3,0,30,0,26,3,0,9.31,1292.52,2.16089499582212,2,1,8,0,0
4,294.37,5,0,18,0,40,2,0,13.96,1471.85,4.74233107993342,1,0,8,4,0
2,234.22,3,0,46,1,28,1,0,37.83,702.66,16.1514815131073,1,2,10,1,0
1,427.83,4,1,30,0,98,3,0,7.71,1711.32,1.80211766355796,2,1,7,5,1
4,400.03,1,1,69,0,80,2,1,28.6,400.03,7.14946379021574,2,3,11,1,0
2,62.82,3,0,66,0,7,2,1,0.64,188.46,1.01878382680675,0,3,6,0,0
2,55.13,5,0,42,0,39,3,1,43.51,275.65,78.9225467077816,0,2,7,6,1
0,97.85,3,0,46,1,26,0,1,39.72,293.55,40.5927439959121,0,2,4,5,1
3,336.95,4,1,70,1,77,1,0,46.05,1347.8,13.6667161299896,2,3,5,6,1
2,68.98,1,0,26,0,30,0,0,12.72,68.98,18.4401275732096,0,1,1,1,0
4,172.57,5,1,34,1,27,2,2,26.3,862.85,15.2401923856986,1,1,9,2,0
4,431.14,5,1,56,1,76,0,1,39.44,2155.7,9.14784060861901,2,2,3,3,0
2,53.76,2,0,52,1,89,3,0,34.75,107.52,64.6391369047619,0,2,7,1,0
1,144.61,1,1,27,0,82,0,1,39.96,144.61,27.6329437798216,0,1,7,4,0
4,216.38,4,0,56,0,95,0,1,5.79,865.52,2.67584804510583,1,2,5,2,0
2,392.52,1,0,24,1,24,0,0,12.41,392.52,3.16162233771528,2,0,9,3,0
2,365.19,1,1,23,0,35,2,2,32.05,365.19,8.77625345710452,2,0,5,4,0
0,319.35,4,1,55,1,82,2,2,37.3,1277.4,11.6799749491154,1,2,1,2,0
1,182.67,2,0,26,0,35,3,2,7.98,365.34,4.36853342092298,1,1,9,3,0
3,49.56,5,0,30,1,21,3,0,8.43,247.8,17.0096852300242,0,1,10,5,1
4,215.26,4,0,58,1,90,2,1,10.47,861.04,4.86388553377311,1,2,3,0,0
3,49.92,3,0,22,1,25,1,0,9.68,149.76,19.3910256410256,0,0,7,6,1
2,468.22,1,1,44,0,26,3,2,13.79,468.22,2.94519670240485,2,2,2,6,1
4,204.07,4,1,62,0,30,0,0,35.12,816.28,17.2097809575146,1,3,8,4,0
0,163.04,5,0,43,1,35,0,0,12.13,815.2,7.43989205103042,0,2,9,1,0
0,76.97,3,0,67,1,30,3,2,18.62,230.91,24.1912433415617,0,3,9,0,0
3,341.62,2,0,65,0,7,1,2,12.69,683.24,3.71465370879925,2,3,12,4,0
1,152.5,3,0,28,0,29,1,1,25.26,457.5,16.5639344262295,0,1,8,6,1
2,179.2,3,0,42,0,29,2,0,4.39,537.6,2.44977678571429,1,2,12,6,1
0,90.59,1,0,52,1,41,0,2,38.18,90.59,42.1459322220996,0,2,11,3,0
4,369.48,4,0,57,1,97,2,1,2.02,1477.92,0.546714301180037,2,2,10,6,1
1,214.92,5,1,64,0,67,2,0,31.25,1074.6,14.5402940629071,1,3,5,4,0
1,282.02,2,1,18,1,97,3,0,35.46,564.04,12.5735763421034,1,0,6,1,0
4,497.63,5,1,66,1,42,2,0,42.06,2488.15,8.45206277756566,2,3,3,4,0
4,239.71,2,0,18,0,12,1,2,22.82,479.42,9.51983646906679,1,0,7,1,0
4,472.63,2,1,50,0,70,0,0,34.45,945.26,7.2889998518926,2,2,9,0,0
4,480.43,1,0,25,1,4,2,2,6.72,480.43,1.39874695585205,2,0,7,1,0
2,205.29,1,0,31,1,9,2,1,23.49,205.29,11.4423498465585,1,1,2,3,0
1,466.92,1,1,37,0,76,1,2,41.99,466.92,8.99297524201148,2,1,10,0,0
2,76.13,1,0,56,1,28,3,2,1.6,76.13,2.10166819913306,0,2,12,1,0
3,381.13,5,1,46,0,15,2,0,25.13,1905.65,6.59355075695957,2,2,11,4,0
2,458.99,5,1,69,1,51,0,1,39.1,2294.95,8.51870411120068,2,3,1,0,0
0,244.3,4,0,21,0,90,3,1,11.62,977.2,4.75644699140401,1,0,3,0,0
4,485,2,1,65,0,42,3,0,13.96,970,2.87835051546392,2,3,8,4,0
2,130.12,4,0,59,1,14,2,2,11.77,520.48,9.04549646480172,0,2,3,4,0
1,492.12,5,1,58,0,27,0,1,32.62,2460.6,6.62846460212956,2,2,9,4,0
1,406.24,3,1,23,0,37,0,1,34.17,1218.72,8.41128397006696,2,0,4,3,0
4,427.79,3,1,66,1,7,1,0,42.61,1283.37,9.96049463521822,2,3,12,6,1
1,414.26,5,0,49,1,93,2,2,9.13,2071.3,2.20392989909719,2,2,11,4,0
2,296.27,5,0,40,0,39,1,2,7.55,1481.35,2.548351166166,1,1,5,4,0
3,347.56,5,1,47,1,13,2,2,2.79,1737.8,0.802739095407987,2,2,3,2,0
4,112.51,3,1,59,0,86,3,1,43.53,337.53,38.6898942316239,0,2,2,0,0
3,411.23,2,1,47,0,49,2,2,16.57,822.46,4.02937528876784,2,2,11,5,1
0,485.17,4,1,64,1,47,0,0,7.93,1940.68,1.63447863635427,2,3,1,0,0
2,131.28,4,1,35,0,44,0,1,48.39,525.12,36.8601462522852,0,1,8,2,0
1,190.28,2,0,45,0,15,0,0,15.42,380.56,8.10384696237124,1,2,2,1,0
4,491.13,4,1,54,1,90,1,0,12.41,1964.52,2.52682589131187,2,2,7,5,1
3,318.05,5,1,48,1,20,0,2,42.45,1590.25,13.3469580254677,1,2,10,4,0
2,71.97,5,0,64,0,29,1,0,0.38,359.85,0.527997776851466,0,3,5,4,0
1,103.22,3,0,32,0,17,2,1,15.01,309.66,14.5417554737454,0,1,1,5,1
2,256.82,3,0,58,1,28,3,0,27.14,770.46,10.5677127949537,1,2,10,1,0
3,340.56,1,1,70,0,90,0,2,48.93,340.56,14.3675123326286,2,3,2,4,0
2,472.88,3,1,57,0,74,1,1,0.97,1418.64,0.205126036203688,2,2,5,5,1
4,36.62,3,0,20,1,41,3,0,0.48,109.86,1.31075914800655,0,0,6,3,0
4,118.7,5,1,23,0,19,0,1,47.47,593.5,39.9915754001685,0,0,7,4,0
2,411.94,4,0,63,0,34,2,2,0.21,1647.76,0.0509782978103607,2,3,9,6,1
4,112.16,4,0,45,1,84,1,2,9.4,448.64,8.38088445078459,0,2,10,1,0
2,133.01,4,0,29,0,15,1,0,16.74,532.04,12.5855198857229,0,1,6,2,0
4,255.69,3,0,62,0,84,3,1,3.18,767.07,1.24369353514021,1,3,1,6,1
2,192.01,2,1,65,1,72,3,2,46.17,384.02,24.0456226238217,1,3,2,2,0
0,207.42,5,1,57,1,3,3,2,20.6,1037.1,9.93153987079356,1,2,11,0,0
4,411.02,1,0,39,1,2,1,1,15.13,411.02,3.68108607853633,2,1,3,0,0
4,119.76,4,0,48,1,42,2,2,29.07,479.04,24.2735470941884,0,2,6,4,0
1,308.27,4,0,35,1,46,1,1,11.2,1233.08,3.63317870697765,1,1,10,2,0
1,407.1,2,0,40,0,35,3,1,5.41,814.2,1.3289118152788,2,1,5,6,1
2,147.94,5,1,68,1,41,2,2,32.04,739.7,21.6574286873057,0,3,9,0,0
2,123.19,4,0,37,1,82,3,2,30.79,492.76,24.9939118434938,0,1,12,3,0
0,118.46,5,1,29,1,26,0,2,39.35,592.3,33.2179638696607,0,1,6,1,0
4,127.69,2,0,49,1,13,1,0,35.32,255.38,27.6607408567625,0,2,9,1,0
2,493.75,2,1,45,0,32,3,0,24.15,987.5,4.89113924050633,2,2,8,1,0
1,341.31,2,0,23,1,71,0,2,14.15,682.62,4.14579121619642,2,0,2,5,1
3,200.48,4,1,68,0,77,1,2,33.01,801.92,16.4654828411812,1,3,2,0,0
0,440.76,1,1,24,1,71,3,0,41.43,440.76,9.39967329158726,2,0,7,1,0
0,379.8,2,0,59,1,58,0,0,8.89,759.6,2.3407056345445,2,2,11,0,0
2,273.27,5,1,66,1,78,1,1,29.05,1366.35,10.6305119478904,1,3,4,0,0
1,65.21,1,0,46,0,27,3,2,5.86,65.21,8.98635178653581,0,2,2,3,0
1,183.32,5,0,60,1,18,0,2,21.47,916.6,11.7117608553349,1,2,1,6,1
0,360.45,2,0,66,1,80,3,2,12.81,720.9,3.55389096962131,2,3,1,2,0
1,37.37,3,1,38,0,86,2,0,48.05,112.11,128.579074123629,0,1,7,0,0
3,141.1,2,0,57,1,72,2,2,27.19,282.2,19.2700212615167,0,2,6,0,0
2,292.03,3,1,27,1,94,0,2,41.17,876.09,14.0978666575352,1,1,9,1,0
0,301.4,3,0,57,1,54,0,2,5.05,904.2,1.67551426675514,1,2,6,3,0
4,351.17,3,1,27,0,10,1,0,30.23,1053.51,8.60836631830737,2,1,9,5,1
0,140.5,2,0,22,0,57,3,0,16.81,281,11.9644128113879,0,0,5,2,0
3,244.08,4,1,51,0,16,3,2,43.63,976.32,17.875286791216,1,2,4,0,0
0,214.38,1,0,62,0,57,1,1,33.39,214.38,15.5751469353485,1,3,2,2,0
2,192.32,2,0,18,1,40,2,0,6.78,384.64,3.52537437603993,1,0,8,5,1
0,56.18,1,0,29,0,97,0,2,3.48,56.18,6.19437522249911,0,1,8,5,1
4,305.21,3,1,54,0,55,2,2,40.94,915.63,13.413715146948,1,2,10,6,1
4,145.73,3,0,59,0,67,1,2,48.62,437.19,33.3630686886708,0,2,4,3,0
4,172.23,4,1,21,0,27,0,0,33.89,688.92,19.6771758694769,1,0,2,2,0
0,125.18,1,0,68,1,98,3,1,31.71,125.18,25.3315226074453,0,3,6,3,0
2,182.51,1,0,38,0,90,2,1,34.38,182.51,18.8373239822476,1,1,11,5,1
4,237.32,4,1,32,1,87,1,0,32.18,949.28,13.5597505477836,1,1,5,1,0
0,96.95,2,0,32,0,41,2,1,8.58,193.9,8.84992264053636,0,1,6,0,0
2,213.24,3,1,49,1,32,0,0,48.16,639.72,22.5848808853874,1,2,1,2,0
0,337.12,4,1,62,0,56,2,1,43.82,1348.48,12.9983388704319,2,3,7,4,0
2,273.52,4,0,45,0,22,2,1,6.99,1094.08,2.55557180462124,1,2,8,1,0
4,477.24,5,1,21,1,77,1,1,37.69,2386.2,7.89749392339284,2,0,1,3,0
0,5.36,4,0,30,1,89,1,1,40.99,21.44,764.738805970149,0,1,1,5,1
2,148.82,3,0,36,0,68,1,1,0.29,446.46,0.194866281413789,0,1,1,6,1
3,171.17,3,0,63,0,18,1,2,3.34,513.51,1.95127650873401,0,3,7,0,0
0,359.07,3,1,66,0,79,3,0,22.08,1077.21,6.14921881527279,2,3,12,2,0
2,414.26,4,1,32,1,92,3,0,26.54,1657.04,6.40660454786849,2,1,4,1,0
0,314.49,2,1,62,1,27,3,0,26.34,628.98,8.37546503863398,1,3,6,3,0
0,29.06,3,0,24,1,62,3,2,2.21,87.18,7.60495526496903,0,0,12,5,1
2,486.24,4,1,20,1,17,2,2,41.71,1944.96,8.57806844356696,2,0,9,6,1
0,225.4,4,0,62,0,50,2,2,19.03,901.6,8.44276841171251,1,3,8,1,0
0,484.06,3,1,28,0,75,0,1,34.11,1452.18,7.04664710986241,2,1,5,3,0
3,407.59,5,1,29,1,21,3,1,28.08,2037.95,6.88927598812532,2,1,6,6,1
1,411.63,3,1,58,0,63,1,0,19.58,1234.89,4.75669897723684,2,2,2,0,0
2,454.6,3,1,37,0,12,3,1,41.38,1363.8,9.10250769907611,2,1,1,0,0
2,197.37,1,0,21,1,26,0,0,35.69,197.37,18.082788671024,1,0,5,6,1
3,195.86,2,0,24,1,60,0,1,21.57,391.72,11.0129684468498,1,0,8,0,0
2,443.15,3,1,20,0,39,0,1,5.31,1329.45,1.19823987363195,2,0,4,1,0
0,426.32,1,1,52,1,38,2,0,40.55,426.32,9.51163445299306,2,2,4,2,0
4,439.13,3,0,42,0,73,1,2,1.2,1317.39,0.273267597294651,2,2,5,2,0
4,339.32,2,0,62,1,1,3,0,27.41,678.64,8.07792054697631,2,3,1,0,0
3,280.76,5,0,42,1,57,1,1,9.48,1403.8,3.37654936600655,1,2,7,0,0
0,38.62,3,0,39,0,57,3,0,20.48,115.86,53.0295183842569,0,1,2,1,0
2,9.24,1,0,62,0,12,3,0,38.56,9.24,417.316017316017,0,3,7,1,0
3,407.05,5,1,42,1,32,1,2,14.7,2035.25,3.61134995700774,2,2,3,3,0
2,311.28,4,0,46,0,77,1,1,6.42,1245.12,2.06245181187355,1,2,3,6,1
3,407.83,4,0,41,0,2,3,0,5.32,1631.32,1.30446509575068,2,2,9,2,0
2,247.43,4,1,28,1,4,3,0,30.86,989.72,12.4722143636584,1,1,9,0,0
3,498.46,5,1,57,1,84,3,1,7.66,2492.3,1.53673313806524,2,2,11,1,0
3,437.04,1,0,49,1,36,2,2,3.02,437.04,0.691012264323632,2,2,8,4,0
2,187.65,1,0,30,0,62,3,2,43.54,187.65,23.2027711164402,1,1,7,4,0
2,220.78,2,0,46,0,90,2,0,16.95,441.56,7.67732584473231,1,2,10,6,1
0,115.14,2,0,46,1,82,2,1,43.4,230.28,37.6932430085114,0,2,11,0,0
2,474.28,5,1,21,0,27,3,0,3.68,2371.4,0.775912962806781,2,0,4,4,0
2,209.8,1,0,49,1,37,3,2,7.86,209.8,3.74642516682555,1,2,1,5,1
2,493.17,5,1,20,1,27,3,2,44.22,2465.85,8.96648214611594,2,0,4,6,1
2,219.27,3,1,47,1,1,0,0,39.84,657.81,18.1693802161718,1,2,12,1,0
3,457.53,4,1,66,0,44,0,0,33.56,1830.12,7.33503813957555,2,3,9,6,1
4,479.03,2,0,59,1,37,2,1,4.15,958.06,0.866334050059495,2,2,9,5,1
1,269.4,3,0,30,0,7,0,2,16.94,808.2,6.28804751299184,1,1,3,4,0
0,179.63,4,0,62,0,71,2,2,6.62,718.52,3.68535322607582,1,3,10,3,0
1,423.5,5,1,51,1,21,0,2,1.59,2117.5,0.375442739079103,2,2,3,3,0
4,146,3,0,41,1,61,0,0,9.67,438,6.62328767123288,0,2,6,3,0
1,27.79,4,0,35,0,55,0,1,34.27,111.16,123.317740194315,0,1,11,4,0
4,305.63,2,0,21,1,24,3,2,12.69,611.26,4.1520793115859,1,0,5,0,0
4,335.46,3,0,44,0,80,0,2,2.02,1006.38,0.602158230489477,2,2,6,4,0
0,102.76,5,0,42,1,44,2,2,26.76,513.8,26.041261191125,0,2,3,4,0
3,462.06,5,1,66,0,90,2,1,18.61,2310.3,4.02761546119552,2,3,7,2,0
1,278.63,2,0,41,1,93,2,0,28.45,557.26,10.2106736532319,1,2,3,0,0
1,408.97,1,0,64,1,50,0,1,24.26,408.97,5.93197545052204,2,3,2,5,1
2,437.07,3,0,55,0,48,2,1,4.01,1311.21,0.917473173633514,2,2,8,1,0
4,289.13,5,0,22,1,7,1,1,0.85,1445.65,0.29398540448933,1,0,3,4,0
3,314.84,2,1,21,0,41,3,1,26.04,629.68,8.27086774234532,1,0,11,6,1
0,175.83,1,0,24,1,19,1,1,47.04,175.83,26.7531138031053,1,0,6,6,1
2,184.59,3,1,52,1,33,1,0,37.81,553.77,20.4832331112195,1,2,4,5,1
4,498.63,5,1,39,1,32,1,1,41.21,2493.15,8.26464512764976,2,1,4,0,0
2,333.64,1,1,28,1,67,0,1,43.86,333.64,13.1459057666946,1,1,12,6,1
1,225.92,4,0,50,1,4,0,2,0.94,903.68,0.416076487252125,1,2,4,2,0
3,492.62,4,1,63,0,87,2,1,22.75,1970.48,4.6181641021477,2,3,3,5,1
3,450.58,4,1,21,0,76,2,2,33.51,1802.32,7.43708109547694,2,0,10,2,0
3,75.66,2,0,65,0,38,3,1,24.71,151.32,32.6592651334919,0,3,4,6,1
2,283.46,4,0,33,0,37,1,1,28.05,1133.84,9.89557609539265,1,1,4,3,0
2,483.12,4,1,33,1,52,1,2,39.97,1932.48,8.27330683888061,2,1,12,1,0
3,135.23,2,0,63,0,92,0,0,21.36,270.46,15.7953116911928,0,3,3,5,1
2,243.93,4,0,63,0,44,0,2,15.03,975.72,6.16160373877752,1,3,7,0,0
2,236.58,5,1,60,1,22,0,0,43.31,1182.9,18.3067038633866,1,2,9,2,0
4,427.4,2,1,56,1,84,2,2,27.09,854.8,6.3383247543285,2,2,9,5,1
3,385.26,5,1,24,0,6,1,1,37.53,1926.3,9.74147329076468,2,0,8,3,0
4,472.08,5,1,66,0,75,3,1,4.58,2360.4,0.970174546687002,2,3,4,5,1
4,15.08,2,0,45,0,91,1,2,46.29,30.16,306.962864721485,0,2,12,2,0
1,476.07,5,1,21,0,56,2,2,42.37,2380.35,8.89995168777701,2,0,1,4,0
0,333.31,3,0,47,0,46,3,0,32.86,999.93,9.85869010830758,1,2,3,0,0
3,432.18,3,1,48,1,89,1,0,27.11,1296.54,6.27284927576473,2,2,9,2,0
4,331.4,2,0,20,0,75,3,2,1.32,662.8,0.3983101991551,1,0,7,3,0
0,339.7,3,1,56,1,33,1,1,47.43,1019.1,13.9623196938475,2,2,12,2,0
3,222.31,1,0,50,1,11,0,2,5.21,222.31,2.34357428815618,1,2,7,1,0
2,191.62,1,0,33,0,34,1,0,13.39,191.62,6.98778833107191,1,1,9,1,0
4,107.63,5,0,63,1,62,3,1,20.5,538.15,19.0467341819195,0,3,5,0,0
3,481.76,4,1,47,1,26,3,0,7.63,1927.04,1.58377615410163,2,2,4,3,0
1,96.36,5,0,46,0,45,0,0,37.05,481.8,38.4495641344956,0,2,10,3,0
4,250.78,1,1,55,1,53,1,2,43.1,250.78,17.1863784990829,1,2,10,2,0
3,488.43,1,1,42,0,30,1,1,49.27,488.43,10.0874229674672,2,2,6,1,0
3,44.29,1,0,63,0,80,3,2,11.32,44.29,25.5588168886882,0,3,1,1,0
1,155.87,1,0,48,0,3,0,1,8.87,155.87,5.69063963559376,0,2,5,5,1
4,229.34,2,0,58,0,63,1,1,17.88,458.68,7.79628499171536,1,2,7,0,0
1,265.97,3,1,50,0,15,3,1,20.33,797.91,7.64371921645298,1,2,2,1,0
2,154.63,4,0,28,1,13,2,2,12.99,618.52,8.40069844144086,0,1,10,2,0
1,206.25,1,0,50,1,40,2,1,36.94,206.25,17.910303030303,1,2,6,3,0
2,291.25,3,1,18,1,25,0,0,17.32,873.75,5.94678111587983,1,0,2,0,0
4,292.58,3,1,27,1,80,2,1,41.65,877.74,14.2354227903479,1,1,9,3,0
2,339.79,1,1,63,1,95,0,0,36.27,339.79,10.6742399717473,2,3,9,0,0
1,367.39,3,1,39,0,70,3,1,20.16,1102.17,5.48735675984649,2,1,10,4,0
2,27.28,4,0,44,0,71,1,1,10.34,109.12,37.9032258064516,0,2,8,4,0
3,132.43,2,0,65,0,57,3,0,40.14,264.86,30.3103526391301,0,3,5,3,0
0,477.53,3,0,55,0,66,0,2,2.24,1432.59,0.46908047661927,2,2,4,1,0
1,401.69,2,1,42,0,60,0,0,33.03,803.38,8.22275884388459,2,2,2,5,1
3,355.05,1,0,51,0,88,1,1,9.63,355.05,2.71229404309252,2,2,10,0,0
1,159.93,4,1,63,0,27,1,1,45.36,639.72,28.3624085537423,0,3,9,6,1
3,288.72,4,1,62,1,67,0,2,40.02,1154.88,13.8611803823774,1,3,12,4,0
2,380.65,2,1,26,0,80,2,1,35,761.3,9.19479837120715,2,1,1,2,0
4,126.23,1,0,60,1,52,2,1,24.1,126.23,19.0921334072724,0,2,4,6,1
2,295.54,4,0,27,0,56,3,0,12.99,1182.16,4.39534411585572,1,1,9,5,1
0,432.02,3,1,42,1,8,1,2,41.06,1296.06,9.50418962085089,2,2,6,1,0
1,262.97,3,1,43,1,94,1,1,42.78,788.91,16.2680153629692,1,2,4,1,0
4,320.69,2,0,62,0,88,2,1,4.44,641.38,1.38451464030684,1,3,12,4,0
3,387.07,2,1,43,0,40,2,2,15.34,774.14,3.96310744826517,2,2,9,0,0
0,290.21,5,1,55,0,10,1,1,15.93,1451.05,5.48912856207574,1,2,11,5,1
0,129.97,2,0,46,0,53,0,1,22.27,259.94,17.1347233977072,0,2,3,6,1
0,248.85,3,0,55,1,69,3,2,27.62,746.55,11.0990556560177,1,2,10,5,1
3,353.43,2,1,45,1,76,3,2,26.26,706.86,7.43004272416037,2,2,7,2,0
3,432.74,4,1,35,0,23,2,1,41.57,1730.96,9.60623006886352,2,1,10,0,0
2,421.64,4,1,19,1,95,1,1,6.76,1686.56,1.60326344749075,2,0,8,3,0
0,344.33,1,0,37,1,87,1,2,13.04,344.33,3.78706473441176,2,1,9,1,0
1,275.64,2,0,18,1,18,2,2,21.38,551.28,7.75649397765201,1,0,10,3,0
1,267.35,2,0,59,0,97,1,1,4.61,534.7,1.72433140078549,1,2,8,1,0
1,146.88,2,0,18,0,15,1,1,22.92,293.76,15.6045751633987,0,0,1,5,1
2,18.41,5,1,61,1,53,1,0,47.99,92.05,260.673546985334,0,3,8,2,0
4,465.6,4,1,47,1,72,1,2,44.51,1862.4,9.55970790378007,2,2,4,2,0
3,328.66,1,1,24,1,82,2,1,24.59,328.66,7.48189618450678,1,0,9,5,1
4,361.6,1,0,21,0,92,1,1,2.17,361.6,0.600110619469026,2,0,11,3,0
2,480.15,3,1,62,1,17,1,1,49.91,1440.45,10.3946683328127,2,3,6,4,0
0,232.37,4,1,58,1,28,1,1,10.87,929.48,4.67788440848647,1,2,5,1,0
1,433.79,1,1,31,0,14,2,1,39.47,433.79,9.09887272643445,2,1,9,1,0
2,27.66,5,1,62,1,26,1,0,42.27,138.3,152.819956616052,0,3,11,5,1
3,266.2,3,1,58,1,58,0,1,37.24,798.6,13.9894815927874,1,2,4,1,0
3,38.29,1,0,38,1,72,2,1,23.16,38.29,60.4857665186733,0,1,11,5,1
3,19.97,1,0,60,1,42,0,1,40.41,19.97,202.353530295443,0,2,11,5,1
2,463.59,1,1,21,1,29,1,2,20.97,463.59,4.52339351582217,2,0,4,5,1
3,170.55,4,0,48,0,81,3,1,39.15,682.2,22.9551451187335,0,2,8,6,1
2,105.5,3,0,55,0,29,3,2,29.56,316.5,28.0189573459716,0,2,10,4,0
4,303.58,3,1,37,0,18,2,2,37.49,910.74,12.3492983727518,1,1,1,6,1
1,433.87,4,1,56,1,74,0,2,29.01,1735.48,6.68633461635974,2,2,11,2,0
1,466.54,3,1,69,0,84,2,0,45.88,1399.62,9.83409782655292,2,3,9,3,0
0,168.73,1,0,59,1,62,0,0,17.77,168.73,10.5316185622,0,2,10,0,0
0,104.14,3,0,38,0,85,3,0,21.46,312.42,20.6068753600922,0,1,10,4,0
1,66.29,5,0,48,0,75,0,1,6.22,331.45,9.38301402926535,0,2,9,0,0
4,389.52,4,1,25,0,67,1,1,26.14,1558.08,6.7108235777367,2,0,5,5,1
0,379.09,1,0,64,0,67,0,2,25.84,379.09,6.81632330053549,2,3,11,2,0
0,77.1,2,0,54,1,32,1,0,22.51,154.2,29.1958495460441,0,2,2,5,1
0,364.06,4,0,62,0,44,0,2,9.43,1456.24,2.59023237927814,2,3,11,5,1
2,439.99,3,1,66,0,10,1,2,6.07,1319.97,1.37957680856383,2,3,3,4,0
2,8.04,3,0,33,0,86,1,1,33.27,24.12,413.805970149254,0,1,3,0,0
0,350.83,1,0,59,1,28,1,2,13.73,350.83,3.91357637602258,2,2,1,2,0
0,191.62,2,0,57,0,68,0,0,4.35,383.24,2.27011794175973,1,2,3,2,0
4,341.94,4,0,39,0,92,1,2,19.98,1367.76,5.84313037374978,2,1,4,4,0
1,289.07,3,1,23,1,51,2,0,46.4,867.21,16.0514754211783,1,0,12,5,1
1,318.91,4,0,33,0,88,1,1,18.62,1275.64,5.83863786021134,1,1,12,3,0
4,70.3,3,0,67,0,13,1,0,32.99,210.9,46.927453769559,0,3,8,0,0
1,299.53,3,0,42,1,35,2,0,12.01,898.59,4.00961506359964,1,2,9,5,1
2,231.05,5,0,30,1,45,2,1,4.12,1155.25,1.78316381735555,1,1,3,6,1
4,464.18,4,1,21,0,95,0,0,6.26,1856.72,1.34861476151493,2,0,4,2,0
0,445.62,1,1,50,0,86,0,2,28.54,445.62,6.40455993896145,2,2,2,0,0
3,410.39,4,1,45,0,96,2,1,40.99,1641.56,9.98806013791759,2,2,12,4,0
1,53.45,5,1,23,1,91,3,2,48.73,267.25,91.1693171188026,0,0,6,5,1
1,32.09,1,0,49,0,53,0,0,17.72,32.09,55.2196946089124,0,2,5,4,0
0,63.11,4,0,69,0,33,3,0,5.79,252.44,9.1744572967834,0,3,6,2,0
3,266.27,5,1,34,1,3,3,1,48.9,1331.35,18.3648176662786,1,1,12,4,0
2,456.44,2,1,20,0,90,3,2,49,912.88,10.7352554552625,2,0,8,2,0
1,106.35,5,1,18,1,34,0,0,20.83,531.75,19.5862717442407,0,0,2,1,0
0,161.76,3,0,50,1,90,0,0,13.96,485.28,8.63006923837784,0,2,2,5,1
3,452.17,3,1,29,1,57,1,0,10.93,1356.51,2.41723245681934,2,1,9,5,1
0,166.22,5,0,49,1,28,3,0,0.27,831.1,0.16243532667549,0,2,10,0,0
4,436.91,4,1,42,0,64,0,2,29.1,1747.64,6.66041061088096,2,2,8,0,0
1,226.72,3,0,61,1,45,2,1,0.75,680.16,0.330804516584333,1,3,4,2,0
2,174.34,1,0,54,0,97,1,0,2.45,174.34,1.40529998852816,1,2,1,4,0
0,189.81,5,1,30,1,48,0,1,46.86,949.05,24.6878457404773,1,1,8,0,0
1,367.39,1,1,27,0,91,2,2,20.51,367.39,5.58262337026049,2,1,1,3,0
2,275.83,5,1,39,0,5,1,1,23.9,1379.15,8.66475727803357,1,1,1,4,0
2,463.04,1,0,34,1,68,0,0,4.61,463.04,0.995594333102972,2,1,1,1,0
1,452.79,5,1,22,0,3,3,0,29.3,2263.95,6.470990967115,2,0,9,6,1
2,52.48,2,0,32,1,79,0,2,37.01,104.96,70.5221036585366,0,1,9,2,0
0,418.53,4,1,24,0,27,1,2,29.09,1674.12,6.95051728669391,2,0,11,0,0
3,126.59,1,0,31,1,13,1,1,11.5,126.59,9.08444584880322,0,1,3,1,0
1,270.59,3,1,44,0,70,1,1,48.42,811.77,17.8942311245796,1,2,5,6,1
4,256.42,5,0,60,0,41,1,0,1.61,1282.1,0.627876140706653,1,2,1,2,0
0,401.95,1,1,67,1,7,3,1,41.37,401.95,10.2923249160343,2,3,4,5,1
3,254.17,2,1,29,0,44,0,0,44.03,508.34,17.3230515009639,1,1,8,5,1
1,241.55,3,0,70,1,78,2,2,0.12,724.65,0.0496791554543573,1,3,10,6,1
2,232.59,2,0,38,1,82,0,0,8.67,465.18,3.72758932026312,1,1,7,4,0
2,282.65,4,0,31,1,16,1,0,10.1,1130.6,3.57332389881479,1,1,8,4,0
0,32,4,1,23,0,68,1,0,44.16,128,138,0,0,11,4,0
2,375.58,3,1,21,1,89,2,1,27.83,1126.74,7.40987273017733,2,0,4,0,0
4,470.11,3,1,42,1,59,1,0,28.7,1410.33,6.10495415966476,2,2,7,6,1
3,304.15,5,1,26,0,34,0,0,29.62,1520.75,9.73861581456518,1,1,4,5,1
0,335.23,4,1,69,0,29,1,1,29.49,1340.92,8.79694538078334,2,3,1,1,0
0,226.91,4,0,64,1,35,2,0,10.05,907.64,4.4290687937949,1,3,10,4,0
1,394.09,3,1,52,0,38,0,0,17.93,1182.27,4.54972214468776,2,2,1,0,0
3,257.43,4,1,40,0,82,1,1,22.05,1029.72,8.56543526395525,1,1,5,6,1
2,371.11,2,1,20,1,81,0,0,31.6,742.22,8.5149955538789,2,0,8,1,0
3,429.26,5,1,54,0,90,0,1,32.91,2146.3,7.66668219726972,2,2,10,1,0
1,442.3,2,0,59,0,55,1,1,4.64,884.6,1.04906172281257,2,2,1,3,0
4,137.68,3,0,67,1,49,1,0,16.96,413.04,12.3184195235328,0,3,10,6,1
0,42.47,5,0,34,1,54,3,0,13.29,212.35,31.2926771838945,0,1,11,6,1
4,388.73,3,1,32,1,72,0,2,27.6,1166.19,7.10004373215342,2,1,2,2,0
0,475.95,1,1,24,0,18,3,2,35.17,475.95,7.38943166298981,2,0,2,5,1
1,75.81,5,0,57,1,48,3,0,13.46,379.05,17.754913599789,0,2,1,2,0
4,411.19,2,1,57,0,20,0,2,39.79,822.38,9.67679175077215,2,2,10,3,0
1,360.47,3,1,19,1,51,1,1,28.48,1081.41,7.90079618276139,2,0,5,4,0
3,360.22,1,1,40,0,14,2,1,45.21,360.22,12.5506634834268,2,1,2,2,0
3,20.23,3,0,60,0,93,1,2,47.15,60.69,233.069698467622,0,2,4,6,1
3,484.95,3,1,67,1,13,2,1,35.38,1454.85,7.29559748427673,2,3,9,4,0
0,222.18,1,0,60,0,27,0,0,21.98,222.18,9.89287964713296,1,2,11,0,0
1,445.21,2,1,30,1,38,3,1,30.08,890.42,6.75636216616877,2,1,4,0,0
4,131.67,2,0,38,1,93,0,2,33.3,263.34,25.2904989747095,0,1,8,2,0
0,160.01,2,0,42,1,76,1,1,27.02,320.02,16.8864445972127,0,2,5,1,0
1,367.48,4,1,24,0,67,0,2,36.58,1469.92,9.95428322629803,2,0,12,4,0
4,295.17,3,0,36,1,65,3,1,9.36,885.51,3.17105396889928,1,1,9,3,0
4,498.48,5,1,42,1,92,2,0,22.34,2492.4,4.48162413737763,2,2,4,0,0
4,35.29,5,0,39,1,92,2,2,47.12,176.45,133.522244261831,0,1,2,2,0
3,261.13,1,1,22,1,99,3,2,47.75,261.13,18.2859112319534,1,0,10,4,0
4,214.58,3,1,48,1,16,2,1,48.83,643.74,22.7560816478703,1,2,7,2,0
0,354.7,2,1,60,0,30,1,1,28.1,709.4,7.92218776430787,2,2,8,4,0
1,101.38,3,0,35,0,91,0,1,18.78,304.14,18.5243637798382,0,1,3,2,0
2,277.7,4,1,69,1,87,3,2,31.19,1110.8,11.2315448325531,1,3,9,1,0
0,293.27,4,0,46,1,84,0,0,18.68,1173.08,6.36955706345688,1,2,7,2,0
0,377.8,4,0,48,1,75,3,2,10.09,1511.2,2.6707252514558,2,2,4,5,1
2,198.47,3,0,24,0,31,1,1,24.42,595.41,12.3041265682471,1,0,7,1,0
1,66.23,4,0,53,1,37,0,2,19.56,264.92,29.5334440585837,0,2,9,6,1
3,403.6,4,1,24,0,22,3,2,42.66,1614.4,10.5698711595639,2,0,4,4,0
1,103.42,4,0,27,0,58,1,2,6.75,413.68,6.52678398762328,0,1,2,1,0
1,47.99,2,0,23,1,11,3,1,17.43,95.98,36.3200666805585,0,0,6,6,1
2,458.49,1,1,27,1,19,3,0,45.35,458.49,9.89116447468865,2,1,2,6,1
0,289,5,1,68,1,82,2,0,25.21,1445,8.72318339100346,1,3,8,5,1
1,103.26,4,1,61,0,66,1,0,26.32,413.04,25.4890567499516,0,3,4,5,1
2,172.09,2,0,40,0,63,3,0,33.97,344.18,19.7396711023302,1,1,12,3,0
2,468.73,5,1,47,1,66,2,2,18.26,2343.65,3.89563288033623,2,2,11,4,0
1,379.07,1,1,33,1,43,2,2,27.89,379.07,7.35748014878519,2,1,5,4,0
3,307.57,3,0,63,0,93,3,0,4.38,922.71,1.42406606626134,1,3,4,6,1
0,300.47,1,1,39,1,86,2,0,30.15,300.47,10.0342796285819,1,1,10,6,1
0,492.54,5,0,65,1,47,3,2,10.06,2462.7,2.04247370771917,2,3,11,5,1
1,339.88,5,1,31,0,48,3,0,31.86,1699.4,9.37389666941273,2,1,9,0,0
2,281.54,5,0,40,1,61,3,2,3.31,1407.7,1.1756766356468,1,1,8,6,1
2,231.2,2,1,58,0,12,1,2,43.69,462.4,18.8970588235294,1,2,7,3,0
4,251.18,5,1,56,0,94,3,1,46.49,1255.9,18.5086392228681,1,2,4,3,0
4,112.59,4,0,32,1,40,1,1,31.38,450.36,27.87103650413,0,1,4,4,0
2,163.06,2,0,18,0,80,0,2,27.72,326.12,16.9998773457623,0,0,1,1,0
0,346.96,5,0,28,0,68,2,2,11.41,1734.8,3.2885635231727,2,1,8,3,0
2,65.17,2,0,64,1,67,0,2,5.93,130.34,9.09927880926807,0,3,11,1,0
3,187.6,4,1,26,1,24,2,0,48.16,750.4,25.6716417910448,1,1,11,0,0
3,467.19,4,1,33,0,71,2,2,29.46,1868.76,6.30578565465871,2,1,2,5,1
1,7.54,3,0,46,0,85,2,1,29.13,22.62,386.339522546419,0,2,5,5,1
3,429.23,5,1,42,1,61,3,0,6.29,2146.15,1.46541481257135,2,2,2,4,0
2,96.63,2,0,26,1,76,0,2,34.67,193.26,35.8791265652489,0,1,12,4,0
4,375.95,5,1,34,1,35,2,1,36.16,1879.75,9.61830030589174,2,1,9,6,1
1,190.77,3,0,42,1,94,1,2,21.91,572.31,11.485034334539,1,2,12,4,0
2,446.98,2,1,21,1,29,1,2,45.55,893.96,10.1906125553716,2,0,8,5,1
1,205.64,2,1,47,1,48,0,2,38.8,411.28,18.8679245283019,1,2,1,0,0
2,26.6,3,0,44,1,30,2,0,23.66,79.8,88.9473684210526,0,2,8,1,0
2,159.6,2,0,32,0,14,0,1,1.05,319.2,0.657894736842105,0,1,8,3,0
0,315.64,3,0,34,0,8,2,1,15.67,946.92,4.96451653782791,1,1,12,5,1
3,231.15,4,0,67,1,22,1,1,7.02,924.6,3.03698896820247,1,3,1,5,1
0,326.5,4,1,24,0,15,2,1,32.23,1306,9.87136294027565,1,0,6,4,0
2,319.47,4,0,30,1,90,3,2,0.98,1277.88,0.306758068050208,1,1,7,5,1
2,179.47,3,1,31,0,43,0,1,41.6,538.41,23.1793614531677,1,1,1,5,1
1,250.41,4,1,53,1,33,2,0,29.79,1001.64,11.8964897567989,1,2,5,6,1
4,118.23,1,0,31,0,97,1,1,22.25,118.23,18.8192506132115,0,1,3,2,0
4,353.71,5,1,61,0,31,3,1,33.79,1768.55,9.55302366345311,2,3,10,6,1
2,486.6,1,1,48,1,84,1,1,3.16,486.6,0.649404027949034,2,2,7,0,0
2,172.31,2,0,61,0,21,2,0,49.27,344.62,28.5938134757124,1,3,4,6,1
3,127.55,4,1,40,0,47,2,0,34.72,510.2,27.2206977655821,0,1,5,5,1
4,74.41,4,0,66,1,48,1,1,8.96,297.64,12.0413922859831,0,3,4,2,0
0,160.59,4,1,69,1,93,0,0,45.39,642.36,28.2645245656641,0,3,11,6,1
2,86.99,1,0,19,0,73,3,0,41.13,86.99,47.2812967007702,0,0,8,3,0
1,288.17,1,0,39,1,6,3,1,0.06,288.17,0.020821043134261,1,1,12,1,0
0,328.58,4,1,67,0,77,2,2,26.75,1314.32,8.14109197151379,1,3,6,4,0
0,301.86,2,0,55,0,72,3,0,17.76,603.72,5.88352216259193,1,2,7,2,0
3,226.98,3,0,48,0,35,2,0,42.21,680.94,18.5963521015067,1,2,5,1,0
2,97.12,5,0,42,0,64,1,1,49.42,485.6,50.8855024711697,0,2,11,4,0
0,418.96,1,0,58,0,81,2,1,20.19,418.96,4.8190758067596,2,2,10,3,0
4,461.53,1,1,56,1,39,1,1,29.28,461.53,6.344116308799,2,2,3,3,0
2,412.26,2,1,32,1,67,0,0,46.85,824.52,11.3641876485713,2,1,5,3,0
0,347.1,4,0,36,0,84,0,1,4.25,1388.4,1.2244309997119,2,1,4,4,0
4,478.72,2,1,20,0,71,2,2,15.86,957.44,3.3130013368984,2,0,10,2,0
1,217.29,5,1,38,0,22,0,2,35.56,1086.45,16.3652261954071,1,1,9,2,0
0,444.22,1,0,67,0,31,1,1,17.64,444.22,3.97100535770564,2,3,12,6,1
2,215.79,5,0,23,0,23,1,2,13.02,1078.95,6.03364382038093,1,0,7,3,0
4,382.2,5,0,26,0,52,2,0,10.19,1911,2.6661433804291,2,1,3,3,0
0,448.38,4,0,54,0,5,2,1,5.82,1793.52,1.29800615549311,2,2,5,6,1
3,275.85,2,1,56,0,93,3,2,45.32,551.7,16.4292187783216,1,2,9,4,0
3,124.61,5,0,37,0,36,2,0,27.06,623.05,21.7157531498275,0,1,5,1,0
4,18.34,1,0,55,0,11,0,2,2.5,18.34,13.6314067611778,0,2,12,5,1
2,62.39,1,0,64,0,79,3,1,30.41,62.39,48.7417855425549,0,3,10,6,1
0,162.9,1,0,45,0,66,0,0,46.24,162.9,28.3855125844076,0,2,11,1,0
4,369.11,3,1,69,0,88,1,2,17.57,1107.33,4.76009861558885,2,3,7,0,0
2,352.72,4,1,52,1,81,2,1,45.99,1410.88,13.0386709004309,2,2,3,4,0
2,73.12,2,0,45,1,65,0,1,42.05,146.24,57.5082056892779,0,2,12,1,0
2,58.82,5,0,42,1,97,3,1,35.36,294.1,60.1156069364162,0,2,10,1,0
1,292.63,5,1,25,0,23,0,1,34.99,1463.15,11.957078905102,1,0,9,2,0
0,79.56,1,0,66,0,2,1,0,21.59,79.56,27.1367521367521,0,3,7,2,0
0,264.01,4,1,21,0,33,3,1,49.64,1056.04,18.8023180940116,1,0,10,5,1
4,356.48,4,1,61,1,1,0,2,30.45,1425.92,8.54185368043088,2,3,11,2,0
0,252.44,4,0,44,0,83,3,1,5.41,1009.76,2.14308350499129,1,2,12,0,0
2,439.01,4,1,30,0,37,2,0,23.4,1756.04,5.3301747112822,2,1,12,0,0
1,314.31,3,0,68,1,56,3,2,9.58,942.93,3.04794629505902,1,3,11,5,1
2,273.5,1,1,32,1,44,3,0,48.65,273.5,17.7879341864717,1,1,8,0,0
1,102.6,1,0,49,0,94,0,1,5.1,102.6,4.97076023391813,0,2,12,3,0
0,378.23,4,1,32,1,85,0,2,24.67,1512.92,6.52248631784893,2,1,12,5,1
2,441.95,2,0,21,0,40,3,2,3.12,883.9,0.705962212920014,2,0,8,5,1
0,91.36,1,0,33,0,42,3,0,20.6,91.36,22.5481611208406,0,1,5,2,0
1,93.31,2,0,66,1,0,2,1,16.78,186.62,17.9830671953703,0,3,12,1,0
4,451.31,1,0,46,0,0,1,1,30.89,451.31,6.84451928829408,2,2,6,4,0
4,189.07,4,0,53,0,25,0,2,38.89,756.28,20.5691013910192,1,2,6,2,0
1,147.57,5,0,59,1,16,1,1,21.96,737.85,14.8810733889002,0,2,3,0,0
2,373.5,3,0,55,0,50,1,2,8.73,1120.5,2.33734939759036,2,2,7,0,0
2,34.46,2,0,34,0,2,2,1,19.05,68.92,55.2814857806152,0,1,5,5,1
1,484.15,4,1,25,1,10,3,1,15.25,1936.6,3.14985025302076,2,0,4,0,0
0,239.82,2,0,28,1,69,1,1,24.87,479.64,10.3702777082812,1,1,6,3,0
3,211.65,2,0,21,0,65,0,1,19.92,423.3,9.41176470588235,1,0,11,5,1
0,182.89,4,1,23,0,73,1,0,32.1,731.56,17.5515337087867,1,0,4,0,0
2,212.18,2,1,33,1,0,3,0,35.96,424.36,16.9478744462249,1,1,3,6,1
4,233.94,2,0,49,1,67,3,2,22.17,467.88,9.47678892023596,1,2,10,1,0
4,294.87,4,1,41,1,28,3,2,25.54,1179.48,8.66144402618103,1,2,7,1,0
3,174.07,3,0,27,0,9,3,1,7.33,522.21,4.21094961796978,1,1,3,0,0
3,223.34,4,0,24,1,54,3,0,0.78,893.36,0.349243306169965,1,0,9,6,1
2,61.29,1,0,27,1,90,0,0,21.17,61.29,34.5407081089901,0,1,1,5,1
1,228.68,5,0,37,1,2,1,2,0.59,1143.4,0.258002448836803,1,1,9,1,0
3,254.91,3,0,41,0,50,0,0,10.16,764.73,3.98572045035503,1,2,10,0,0
1,347.5,5,1,23,0,91,0,0,18.25,1737.5,5.25179856115108,2,0,8,5,1
4,118.9,5,0,20,1,28,0,1,17.68,594.5,14.8696383515559,0,0,6,0,0
1,309.16,5,1,27,1,26,1,2,30.98,1545.8,10.0207012550136,1,1,6,1,0
0,407.18,4,1,55,1,6,3,0,30.94,1628.72,7.59860503954025,2,2,8,4,0
1,37.74,3,0,36,0,53,2,2,33.43,113.22,88.5797562268151,0,1,6,0,0
3,114.69,4,0,68,0,23,3,2,16.45,458.76,14.3430115964775,0,3,8,5,1
2,409.92,2,0,41,0,77,0,1,4.59,819.84,1.11973067915691,2,2,8,1,0
1,125.01,3,1,68,1,98,2,0,40.76,375.03,32.6053915686745,0,3,5,2,0
1,499.16,4,1,61,0,51,1,1,9.04,1996.64,1.8110425514865,2,3,2,6,1
0,170.47,4,0,39,0,9,1,2,7.19,681.88,4.21775092391623,0,1,4,0,0
0,79.59,4,0,68,0,84,0,2,2.26,318.36,2.83955270762659,0,3,1,1,0
3,128.92,4,0,27,0,6,0,1,2.14,515.68,1.65994415141173,0,1,12,5,1
4,242.09,2,1,27,0,47,1,2,46.59,484.18,19.2449089181709,1,1,8,6,1
0,28.62,1,0,34,0,43,2,2,17.73,28.62,61.9496855345912,0,1,7,5,1
3,328.84,1,0,41,0,23,3,2,7.49,328.84,2.2777034424036,1,2,6,3,0
4,440.71,1,0,51,0,79,1,0,8.24,440.71,1.86971024029407,2,2,11,4,0
3,164.66,3,0,38,1,52,2,2,35.07,493.98,21.2984331349447,0,1,6,0,0
1,252.26,1,0,70,1,32,3,0,24.7,252.26,9.7914849758186,1,3,7,0,0
4,114.62,1,0,21,0,58,2,0,18.7,114.62,16.3147792706334,0,0,7,6,1
0,474.46,2,0,69,0,38,1,0,5.37,948.92,1.13181300847279,2,3,8,6,1
4,147.11,2,1,59,1,96,0,0,45.22,294.22,30.7389028618041,0,2,6,4,0
4,29.23,5,0,28,0,81,0,2,10.68,146.15,36.5378036264112,0,1,5,2,0
0,325.25,1,1,30,1,23,2,0,48.34,325.25,14.8624135280553,1,1,7,6,1
4,379.51,3,0,41,1,6,3,0,11.88,1138.53,3.13035229638218,2,2,5,3,0
2,391.68,3,1,54,0,59,1,0,26.37,1175.04,6.73253676470588,2,2,4,0,0
3,258.62,4,0,60,0,90,2,2,2.23,1034.48,0.862268966050576,1,2,1,4,0
0,478.14,4,1,69,1,50,3,2,14.81,1912.56,3.09741916593466,2,3,4,4,0
2,492.77,2,1,38,1,24,3,1,28.99,985.54,5.88306918034783,2,1,8,6,1
1,456.95,5,1,24,1,65,2,2,10.65,2284.75,2.33067075172338,2,0,12,5,1
1,415.59,3,1,67,0,74,1,0,12.47,1246.77,3.00055343006328,2,3,2,3,0
4,457.12,2,1,37,0,28,3,1,40.24,914.24,8.80294014700735,2,1,11,0,0
3,68.73,1,0,35,1,75,1,0,31.3,68.73,45.5405208788011,0,1,8,4,0
3,453.99,5,1,29,0,33,2,0,18.33,2269.95,4.03753386638472,2,1,9,1,0
0,434.64,3,1,37,0,97,0,0,31.26,1303.92,7.19215902816124,2,1,3,3,0
0,286.56,2,0,31,0,87,1,1,25.79,573.12,8.999860413177,1,1,7,4,0
2,435.4,1,0,31,1,42,3,2,14.33,435.4,3.29122645842903,2,1,10,0,0
1,294.5,1,0,57,0,76,1,2,3.3,294.5,1.12054329371817,1,2,10,6,1
1,253.96,1,0,52,0,19,0,1,42.09,253.96,16.5734761379745,1,2,7,4,0
1,330.02,3,0,56,1,40,2,1,4.36,990.06,1.32113205260287,1,2,6,5,1
4,282.5,4,0,34,1,32,2,1,16.86,1130,5.96814159292035,1,1,5,4,0
3,435.07,5,1,43,1,1,0,1,30.06,2175.35,6.90923299698899,2,2,9,1,0
1,83.44,2,0,53,1,59,1,1,10.15,166.88,12.1644295302013,0,2,9,5,1
3,227.89,2,1,24,1,11,2,0,32.34,455.78,14.1910570889464,1,0,6,6,1
3,366.46,5,1,64,1,31,1,1,43.35,1832.3,11.8293947497681,2,3,12,1,0
2,79.44,5,0,69,0,89,1,0,20.67,397.2,26.0196374622357,0,3,4,0,0
4,194.24,3,1,25,1,6,3,2,28.22,582.72,14.5284184514003,1,0,8,4,0
1,417.45,3,1,34,1,51,2,1,19.2,1252.35,4.59935321595401,2,1,6,4,0
2,459.5,5,1,33,0,78,0,0,31.1,2297.5,6.76822633297062,2,1,4,5,1
3,492.3,3,1,58,1,0,3,1,13.08,1476.9,2.65691651432054,2,2,6,3,0
0,117.14,5,0,47,1,93,2,0,5.46,585.7,4.66108929486085,0,2,8,6,1
3,223.16,5,0,21,0,2,1,1,3.44,1115.8,1.54149489155763,1,0,4,0,0
1,35.9,5,0,31,0,58,2,0,31.35,179.5,87.3259052924791,0,1,9,6,1
4,290.63,5,0,53,1,43,0,0,32.96,1453.15,11.3408801569005,1,2,11,4,0
0,238.93,3,0,23,1,67,2,0,11.83,716.79,4.95124094923199,1,0,12,1,0
2,156.81,5,1,43,1,35,2,0,29.85,784.05,19.0357757796059,0,2,6,3,0
4,157.61,2,0,19,0,30,1,1,26.27,315.22,16.6677241291796,0,0,4,6,1
4,268.08,3,0,29,1,40,2,0,8.88,804.24,3.31244404655327,1,1,4,0,0
1,197.79,2,0,68,0,7,1,2,7.53,395.58,3.80706810253299,1,3,10,5,1
1,498.63,5,1,62,1,18,0,0,35.47,2493.15,7.11349096524477,2,3,2,6,1
4,360.33,2,1,39,1,75,2,0,16.85,720.66,4.6762689756612,2,1,10,0,0
0,17.32,1,0,35,1,91,3,1,24.75,17.32,142.898383371825,0,1,9,1,0
2,36.76,5,0,66,0,29,2,2,6.24,183.8,16.974972796518,0,3,3,4,0
2,230.76,5,0,31,1,68,0,2,18,1153.8,7.8003120124805,1,1,12,6,1
3,491.52,1,1,45,1,68,3,0,5.41,491.52,1.10066731770833,2,2,7,0,0
1,233.23,1,0,55,1,76,2,0,22.36,233.23,9.58710285983793,1,2,1,4,0
0,285.04,4,1,29,1,84,2,1,38.88,1140.16,13.640190850407,1,1,10,4,0
4,33.75,1,0,59,0,71,0,2,46.62,33.75,138.133333333333,0,2,10,2,0
3,20.55,5,0,45,1,41,1,2,14,102.75,68.1265206812652,0,2,7,3,0
3,48.37,4,0,45,1,39,3,0,14.86,193.48,30.7215216043002,0,2,2,1,0
3,193.73,3,0,66,0,93,1,1,26.29,581.19,13.5704330769628,1,3,2,2,0
0,444.66,3,1,67,0,41,3,2,27.68,1333.98,6.22498088427113,2,3,10,2,0
3,187.26,5,1,27,0,58,1,0,31.61,936.3,16.88027341664,1,1,7,5,1
4,237.71,2,0,32,1,72,3,2,2.11,475.42,0.887636195364099,1,1,4,0,0
4,295.73,5,1,21,0,15,2,1,39.77,1478.65,13.4480776383864,1,0,4,0,0
1,332.86,5,1,26,1,91,0,0,49.92,1664.3,14.997296160548,1,1,12,4,0
3,26.63,4,0,44,0,37,1,0,8.25,106.52,30.9800976342471,0,2,10,5,1
0,131.3,3,0,47,0,30,1,1,15.74,393.9,11.987814166032,0,2,8,4,0
1,457.86,1,1,38,0,73,0,2,42.99,457.86,9.38933298388154,2,1,1,3,0
0,183.12,5,0,38,0,7,0,0,18.52,915.6,10.1135867190913,1,1,5,4,0
4,123.04,4,0,62,1,88,1,2,12.61,492.16,10.248699609883,0,3,12,6,1
4,178.3,2,0,53,1,54,1,1,5.18,356.6,2.90521592821088,1,2,4,1,0
2,430.84,1,1,43,0,74,3,0,43.31,430.84,10.0524556679974,2,2,8,5,1
0,68.23,1,0,70,1,58,2,0,9.96,68.23,14.5976843030925,0,3,5,2,0
0,376.03,1,1,24,0,37,3,1,37.88,376.03,10.0736643352924,2,0,11,3,0
1,387.35,2,1,23,1,28,1,0,22.85,774.7,5.89905769975474,2,0,2,1,0
2,190.43,1,0,47,0,99,1,1,27.9,190.43,14.6510528803235,1,2,4,3,0
1,30.75,4,0,64,1,65,3,2,16.08,123,52.2926829268293,0,3,7,0,0
4,290.92,5,0,60,0,72,0,2,15.24,1454.6,5.23855355424172,1,2,10,5,1
2,343.39,1,0,33,1,69,2,1,33.71,343.39,9.81682634904919,2,1,1,5,1
3,145.84,3,1,28,0,11,0,1,40.07,437.52,27.4753154141525,0,1,4,3,0
3,193.38,2,0,46,0,53,0,0,22.49,386.76,11.6299513910435,1,2,4,5,1
2,38.35,2,0,61,1,30,2,2,29.23,76.7,76.2190352020861,0,3,4,6,1
4,67.49,3,0,37,1,39,3,1,27.24,202.47,40.3615350422285,0,1,8,5,1
3,139.85,4,0,41,1,85,1,1,30.88,559.4,22.0808008580622,0,2,9,0,0
2,226.73,3,0,54,1,15,2,2,36.14,680.19,15.9396639174348,1,2,12,6,1
1,193.21,4,0,42,1,80,3,1,8.13,772.84,4.20785673619378,1,2,11,3,0
2,481.25,1,1,23,0,45,2,1,24.17,481.25,5.02233766233766,2,0,12,3,0
2,217.88,1,0,66,1,76,3,2,21.74,217.88,9.9779695245089,1,3,3,1,0
4,271.91,3,0,41,0,5,0,2,34.49,815.73,12.6843440844397,1,2,3,0,0
4,114.83,4,0,64,0,52,3,1,3.62,459.32,3.15248628407211,0,3,6,1,0
2,201,4,0,27,0,6,2,1,13.56,804,6.74626865671642,1,1,9,2,0
0,44.25,3,0,61,1,37,1,0,30.98,132.75,70.0112994350283,0,3,9,3,0
2,426.96,2,1,33,0,65,1,0,47.81,853.92,11.1977702829305,2,1,5,5,1
4,107.51,4,0,39,1,37,2,0,3.56,430.04,3.31131987722072,0,1,12,6,1
0,42.62,3,0,46,0,84,3,0,21.1,127.86,49.5072735804787,0,2,8,5,1
4,239.8,4,1,25,1,49,3,0,36.38,959.2,15.1709758131777,1,0,2,0,0
2,412.51,5,1,42,1,51,0,0,30.11,2062.55,7.29921698867906,2,2,3,0,0
4,282.93,2,1,41,0,60,2,1,34.43,565.86,12.1690877602234,1,2,3,3,0
2,310.18,5,1,46,1,45,0,2,12.59,1550.9,4.05893352247082,1,2,2,1,0
2,130.2,5,0,44,1,39,1,0,14.4,651,11.0599078341014,0,2,11,6,1
4,456.83,1,1,25,1,44,2,0,49.82,456.83,10.905588512138,2,0,12,6,1
1,291.8,4,1,46,0,3,2,2,21.63,1167.2,7.41261137765593,1,2,10,4,0
2,171.05,1,0,60,1,85,0,0,40.4,171.05,23.6188249049985,0,2,12,2,0
0,459.54,3,1,38,1,93,1,1,34.62,1378.62,7.53362057709884,2,1,5,1,0
3,398.12,2,1,40,1,90,2,1,36.65,796.24,9.20576710539536,2,1,3,5,1
0,275.73,2,1,26,1,10,3,2,41.62,551.46,15.0944764806151,1,1,3,3,0
3,222.14,4,1,20,1,47,1,2,48.78,888.56,21.9591248762042,1,0,8,6,1
1,64.4,4,0,52,0,9,3,2,18.36,257.6,28.5093167701863,0,2,6,2,0
4,477.11,1,1,63,0,53,2,2,42.88,477.11,8.98744524323531,2,3,12,1,0
1,207.19,2,0,32,0,55,2,1,35.86,414.38,17.3077851247647,1,1,9,5,1
0,230.39,5,0,49,1,85,3,1,2.11,1151.95,0.915838361039976,1,2,10,3,0
4,172.21,2,0,22,1,53,3,2,29.52,344.42,17.1418616805064,1,0,6,0,0
0,21.47,1,0,60,0,61,0,2,26.57,21.47,123.754075454122,0,2,2,4,0
2,205.63,5,1,23,0,44,1,0,47.24,1028.15,22.9733015610563,1,0,10,1,0
0,189.67,3,1,55,1,60,1,2,49.32,569.01,26.0030579427427,1,2,12,6,1
3,45.74,2,0,60,1,86,0,1,11.47,91.48,25.076519457805,0,2,12,2,0
0,14.29,4,0,69,0,41,1,1,35.97,57.16,251.714485654304,0,3,10,1,0
2,415.88,5,1,65,1,99,3,2,11.17,2079.4,2.68587092430509,2,3,6,3,0
3,30.79,3,0,47,1,99,2,0,36.38,92.37,118.155245209484,0,2,4,0,0
1,58.52,3,0,67,0,43,0,2,34.66,175.56,59.2276144907724,0,3,2,0,0
1,147.58,3,1,22,1,88,2,2,45.59,442.74,30.8917197452229,0,0,4,3,0
0,137.82,2,0,31,1,23,3,2,40.97,275.64,29.7271803802061,0,1,5,2,0
3,277.24,5,1,67,0,62,0,2,30.5,1386.2,11.001298513923,1,3,1,0,0
2,176.92,3,0,60,1,77,0,2,39.63,530.76,22.3999547818223,1,2,5,5,1
1,367.06,5,1,54,1,32,3,0,34.11,1835.3,9.29275867705552,2,2,4,4,0
1,469.19,3,1,62,1,74,3,0,27.86,1407.57,5.93789296447068,2,3,7,5,1
3,274.03,1,0,26,0,14,3,2,24.35,274.03,8.88588840637887,1,1,12,6,1
1,133.78,2,0,22,0,81,2,2,31,267.56,23.172372551951,0,0,10,2,0
1,206.12,1,0,19,1,30,1,0,25.65,206.12,12.444207257908,1,0,7,6,1
0,416.13,5,1,68,1,11,0,0,12.42,2080.65,2.98464422175762,2,3,4,2,0
0,231.96,2,0,30,1,81,0,1,32.69,463.92,14.0929470598379,1,1,3,3,0
1,414.71,2,0,25,1,7,3,1,18.49,829.42,4.4585372911191,2,0,10,4,0
2,493.19,3,1,47,0,73,2,2,27.07,1479.57,5.48875686854965,2,2,4,6,1
0,330.63,2,1,67,0,84,1,0,48.87,661.26,14.7808728790491,1,3,8,1,0
3,27.11,1,0,20,0,1,0,1,33.39,27.11,123.164883806713,0,0,11,4,0
4,101.03,5,0,70,1,69,3,2,31.86,505.15,31.5351875680491,0,3,10,1,0
4,53.96,3,0,37,1,92,1,2,23.96,161.88,44.4032616753151,0,1,3,1,0
2,305.19,3,1,49,0,14,0,2,28.8,915.57,9.43674432320849,1,2,3,2,0
3,152.1,3,0,59,0,47,2,2,16.34,456.3,10.7429322813938,0,2,2,5,1
1,356.41,5,1,31,1,77,0,2,35.02,1782.05,9.82576246457731,2,1,8,5,1
4,180.82,2,0,68,1,51,2,0,40.75,361.64,22.536223869041,1,3,7,3,0
0,60.72,3,0,42,1,38,0,0,27.31,182.16,44.9769433465086,0,2,1,0,0
3,28.4,4,0,40,0,8,0,2,44.64,113.6,157.183098591549,0,1,10,0,0
3,59.96,2,0,66,0,66,2,0,13.71,119.92,22.8652434956638,0,3,9,0,0
0,329.03,5,1,58,0,36,0,2,2.59,1645.15,0.787162264839073,1,2,4,6,1
4,437.96,5,1,58,1,23,1,2,21.39,2189.8,4.88400767193351,2,2,2,2,0
0,282.49,3,0,29,0,83,1,2,26.52,847.47,9.38794293603313,1,1,1,1,0
2,323.09,3,0,54,1,26,0,0,6.86,969.27,2.12324739236745,1,2,8,3,0
3,180.7,1,0,23,0,36,2,1,13.13,180.7,7.26618705035971,1,0,10,6,1
0,219.09,5,0,49,1,0,0,1,18.66,1095.45,8.51704778858004,1,2,3,3,0
2,177.01,1,0,26,1,38,1,2,6.26,177.01,3.53652336026213,1,1,5,2,0
1,15.27,5,0,42,0,10,3,2,43.36,76.35,283.955468238376,0,2,9,0,0
2,355.68,4,0,69,1,92,1,1,25.13,1422.72,7.0653396311291,2,3,12,4,0
4,351.24,5,1,65,1,21,2,0,46.6,1756.2,13.2672816307938,2,3,5,0,0
1,90.94,1,0,45,1,51,3,0,38.67,90.94,42.5225423356059,0,2,12,0,0
3,128.54,5,1,63,1,6,3,1,44.08,642.7,34.292827135522,0,3,8,0,0
4,261.85,2,0,51,0,40,1,1,39.23,523.7,14.9818598434218,1,2,2,5,1
3,280.99,5,0,19,0,80,1,2,25.51,1404.95,9.07861489732731,1,0,2,2,0
0,202.99,1,0,59,0,52,0,1,36.71,202.99,18.0846347110695,1,2,5,0,0
3,56.54,2,0,56,1,3,3,0,8.47,113.08,14.9805447470817,0,2,12,2,0
4,132.53,1,0,38,1,76,1,1,23.23,132.53,17.5281068437335,0,1,10,1,0
1,174.28,3,0,69,1,34,1,1,2.82,522.84,1.61808583887996,1,3,5,1,0
1,104.24,2,0,30,0,88,3,0,26.54,208.48,25.4604758250192,0,1,6,3,0
2,210,2,0,60,0,7,2,2,22.92,420,10.9142857142857,1,2,12,5,1
1,121.76,1,0,42,1,18,3,0,21.59,121.76,17.7316031537451,0,2,8,6,1
2,99.34,4,0,55,1,93,3,1,24.64,397.36,24.8037044493658,0,2,4,2,0
0,313.14,1,0,60,0,4,3,0,9.17,313.14,2.92840263141087,1,2,12,3,0
3,279.54,2,0,59,0,19,3,2,8.76,559.08,3.13371968233527,1,2,11,4,0
3,331.75,2,1,27,1,72,2,1,47.59,663.5,14.345139412208,1,1,3,6,1
4,315.23,5,1,52,1,79,3,0,45.19,1576.15,14.3355645084541,1,2,10,6,1
3,242.46,3,0,69,0,14,1,0,5.18,727.38,2.13643487585581,1,3,6,3,0
2,215.43,5,0,29,0,0,2,0,11.37,1077.15,5.27781646010305,1,1,2,1,0
0,37.18,5,1,65,1,0,1,2,46.86,185.9,126.03550295858,0,3,3,3,0
2,290.37,1,0,57,1,82,2,2,38.01,290.37,13.0901952681062,1,2,8,6,1
3,286.56,5,0,56,0,74,3,2,32.16,1432.8,11.2227805695142,1,2,2,6,1
0,332.58,3,1,31,1,31,2,0,42.74,997.74,12.8510433579891,1,1,5,6,1
0,216.5,4,1,58,0,55,1,1,48.53,866,22.4157043879908,1,2,10,6,1
2,355.26,3,1,30,0,33,0,0,35.66,1065.78,10.0377188537972,2,1,6,1,0
2,211.16,5,0,39,1,88,2,2,2.33,1055.8,1.10342867967418,1,1,11,5,1
2,267.72,5,1,68,1,73,2,1,45.31,1338.6,16.9243986254296,1,3,2,5,1
2,100.83,1,0,59,1,41,2,2,47,100.83,46.613111177229,0,2,6,4,0
1,277.85,5,1,31,0,74,2,2,33.8,1389.25,12.164837142343,1,1,8,6,1
1,193.31,2,0,58,1,50,2,1,13.98,386.62,7.2319072991568,1,2,11,4,0
2,489.53,3,1,58,0,97,1,1,40.6,1468.59,8.2936694380324,2,2,6,0,0
0,167.48,4,1,25,0,86,2,1,48.21,669.92,28.7855266300454,0,0,7,2,0
1,11.44,2,0,20,0,7,0,2,22.2,22.88,194.055944055944,0,0,1,0,0
3,217.41,2,0,35,1,24,0,2,17.02,434.82,7.82852674669978,1,1,4,5,1
3,43.01,4,0,47,1,40,0,2,18.29,172.04,42.5249941873983,0,2,11,2,0
0,413.46,3,1,37,0,41,2,0,47.25,1240.38,11.427949499347,2,1,6,4,0
2,143.95,1,0,44,0,9,0,1,28.37,143.95,19.7082320250087,0,2,8,0,0
2,465.14,2,1,23,0,50,1,2,40.07,930.28,8.6146106548566,2,0,12,2,0
4,318.66,1,0,58,0,29,2,1,31.71,318.66,9.95104500094144,1,2,4,5,1
1,493.33,2,1,47,0,8,1,1,16.71,986.66,3.38718504854763,2,2,9,0,0
2,373.11,4,1,18,1,28,0,0,13.55,1492.44,3.63163678271823,2,0,3,2,0
4,442.02,5,1,40,0,49,3,2,16.17,2210.1,3.65820551106285,2,1,9,5,1
0,288.5,3,0,30,0,83,1,0,5.19,865.5,1.79896013864818,1,1,4,0,0
0,242.37,3,0,26,0,73,3,2,0.03,727.11,0.0123777695259314,1,1,8,3,0
4,71.8,2,0,63,0,13,2,2,0.68,143.6,0.947075208913649,0,3,1,2,0
1,497.54,4,1,36,0,37,1,1,29.21,1990.16,5.87088475298469,2,1,6,4,0
2,376.71,4,0,59,0,33,1,1,9.17,1506.84,2.43423322980542,2,2,1,0,0
2,181.69,1,0,54,0,77,2,2,26.36,181.69,14.5082283009522,1,2,6,5,1
3,386.65,1,0,69,1,31,1,1,15.64,386.65,4.04500193973878,2,3,7,0,0
0,498.71,4,1,49,0,72,0,0,21.4,1994.84,4.29107096308476,2,2,4,4,0
0,75.54,1,0,52,1,57,1,0,11.06,75.54,14.6412496690495,0,2,10,2,0
0,327.04,5,1,46,0,43,3,2,33.3,1635.2,10.182240704501,1,2,3,3,0
4,103.04,3,0,29,1,96,1,2,42.46,309.12,41.207298136646,0,1,7,0,0
3,189.99,4,1,19,0,39,1,2,40.07,759.96,21.0905837149324,1,0,6,6,1
1,260.1,5,1,51,1,50,3,0,46.7,1300.5,17.9546328335256,1,2,6,2,0
3,164.07,5,0,58,0,46,2,1,11.34,820.35,6.91168403730115,0,2,5,3,0
1,465.41,2,1,36,0,79,3,1,25.09,930.82,5.39094561784233,2,1,6,5,1
1,469.18,5,1,39,0,38,0,2,11.73,2345.9,2.50010656890746,2,1,9,2,0
3,477.76,1,1,51,0,4,1,2,20.62,477.76,4.31597454789015,2,2,9,6,1
4,48.35,1,0,19,0,55,1,0,28.41,48.35,58.7590486039297,0,0,7,6,1
4,194.26,2,0,52,0,78,0,0,35.02,388.52,18.0273859775559,1,2,12,1,0
1,87.67,5,1,58,1,61,1,1,35.4,438.35,40.3786928253679,0,2,3,4,0
1,335.48,4,1,52,1,34,2,2,44.97,1341.92,13.4046739000835,2,2,5,1,0
2,137.69,4,0,55,1,44,3,0,0.52,550.76,0.377659960781466,0,2,7,4,0
2,470.78,2,1,53,1,43,1,2,24.1,941.56,5.11916394069417,2,2,1,1,0
4,64.83,4,0,59,1,49,2,0,38.03,259.32,58.6611136819374,0,2,2,5,1
2,284.48,5,1,39,1,10,0,1,23.62,1422.4,8.30286839145107,1,1,12,3,0
0,483.3,1,1,46,0,61,2,0,42.94,483.3,8.88475067246017,2,2,8,6,1
1,474.9,1,1,53,1,68,1,2,27.49,474.9,5.78858707096231,2,2,5,2,0
3,447.06,3,1,20,0,29,1,2,24.37,1341.18,5.45116986534246,2,0,3,1,0
0,147.86,3,1,54,1,89,2,2,45.66,443.58,30.8805626944407,0,2,6,2,0
0,171.48,1,0,28,0,11,0,2,21.86,171.48,12.7478423139725,0,1,4,0,0
3,365.7,4,1,26,0,29,1,1,49.45,1462.8,13.5220125786164,2,1,7,2,0
0,124.36,1,0,57,0,78,0,0,15.08,124.36,12.1260855580573,0,2,1,0,0
1,172.36,4,0,40,0,41,1,0,2.92,689.44,1.69412856811325,1,1,6,3,0
0,381.4,5,1,63,1,68,1,0,41.55,1907,10.8940744625066,2,3,4,0,0
1,496.1,3,1,42,0,38,1,2,41.01,1488.3,8.26647853255392,2,2,6,0,0
4,380.74,2,1,56,0,84,3,2,36.91,761.48,9.69427956085518,2,2,10,5,1
0,305.64,3,1,60,1,23,1,2,9.61,916.92,3.14422196047638,1,2,2,0,0
2,454.96,5,1,35,0,70,1,1,17.65,2274.8,3.87946193071918,2,1,3,0,0
4,191.49,2,1,23,0,41,0,1,44.48,382.98,23.2283670165544,1,0,9,0,0
1,284.65,2,1,62,1,96,0,0,32.56,569.3,11.4386088178465,1,3,12,1,0
3,190.36,4,0,42,1,80,2,2,0.13,761.44,0.0682916579113259,1,2,5,1,0
2,479.49,5,1,44,1,60,3,0,26.68,2397.45,5.56424534401135,2,2,3,0,0
4,127.54,5,1,20,1,47,3,1,37.46,637.7,29.3711776697507,0,0,4,2,0
2,276.27,1,0,36,1,29,2,1,18.38,276.27,6.65291200637058,1,1,12,5,1
1,175.11,1,0,41,0,17,1,2,18.58,175.11,10.6104734167095,1,2,8,1,0
2,421.85,1,0,42,1,63,2,2,15.68,421.85,3.7169610050966,2,2,4,5,1
4,146.45,2,0,34,1,46,0,0,46.88,292.9,32.0109252304541,0,1,8,4,0
3,198.84,2,0,39,0,17,2,1,15.01,397.68,7.54878294105814,1,1,8,6,1
3,68.96,4,0,58,1,4,2,2,36.4,275.84,52.784222737819,0,2,1,5,1
4,44.86,4,0,39,1,97,3,0,14,179.44,31.2082032991529,0,1,3,3,0
4,384.15,3,1,65,0,73,0,0,41.77,1152.45,10.8733567616816,2,3,10,1,0
4,313.77,2,1,37,1,53,0,1,39.08,627.54,12.4549829492941,1,1,5,6,1
2,70.64,3,0,44,1,99,2,0,18.44,211.92,26.1041902604757,0,2,3,6,1
3,466.63,3,1,48,0,42,1,0,40.39,1399.89,8.65568008914986,2,2,4,6,1
2,34,1,0,36,0,3,2,1,24.26,34,71.3529411764706,0,1,3,5,1
3,449.39,3,1,70,0,85,3,2,46.88,1348.17,10.4319188232938,2,3,9,0,0
0,27.12,4,0,67,1,83,0,2,9.39,108.48,34.6238938053097,0,3,5,4,0
4,74.2,3,0,44,1,92,3,1,14.67,222.6,19.7708894878706,0,2,4,0,0
3,481.69,4,1,65,1,77,3,0,32.81,1926.76,6.8114347401856,2,3,9,0,0
0,101.04,5,0,55,1,51,1,0,25.54,505.2,25.27711797308,0,2,7,1,0
1,410.74,4,1,42,0,61,3,0,42.66,1642.96,10.3861323464966,2,2,11,0,0
1,226.28,4,0,70,0,96,3,0,2.57,905.12,1.13576100406576,1,3,3,5,1
4,95.26,2,0,24,1,87,2,0,45.83,190.52,48.110434600042,0,0,9,2,0
0,473.62,4,1,38,0,29,0,1,7.75,1894.48,1.63633292512985,2,1,10,5,1
1,185.11,1,0,20,1,69,1,0,15.48,185.11,8.36259521365675,1,0,12,5,1
0,396.18,3,0,21,1,65,1,0,14.94,1188.54,3.77101317582917,2,0,10,4,0
1,276.81,5,0,44,1,70,1,1,12.08,1384.05,4.36400419060005,1,2,5,2,0
2,105.78,1,0,24,0,10,3,2,15.75,105.78,14.8893930799773,0,0,6,0,0
4,165.99,1,0,60,0,6,1,1,15.27,165.99,9.19934935839508,0,2,9,5,1
1,442.12,3,1,37,1,20,3,1,22.89,1326.36,5.17732742241925,2,1,10,6,1
2,488.55,1,1,62,0,39,1,0,46.9,488.55,9.59983625012793,2,3,5,5,1
4,264.98,4,0,37,1,67,1,2,29.94,1059.92,11.2989659596951,1,1,11,4,0
3,430.38,2,1,41,1,47,3,1,38.05,860.76,8.84102421116223,2,2,6,1,0
2,381.07,1,1,60,0,79,3,1,32.73,381.07,8.58897315453854,2,2,10,4,0
2,22.53,5,0,31,1,79,2,0,6.42,112.65,28.4953395472703,0,1,1,3,0
0,70.41,1,0,60,0,4,2,2,36.79,70.41,52.2511006959239,0,2,11,1,0
1,149,2,0,39,0,58,3,0,31.6,298,21.2080536912752,0,1,1,0,0
1,142.41,2,0,38,1,70,1,2,39.58,284.82,27.792992065164,0,1,7,5,1
1,276.94,1,1,42,0,97,1,1,48.25,276.94,17.4225463999422,1,2,12,2,0
4,242.18,3,0,54,0,4,0,1,33.41,726.54,13.7955239904204,1,2,10,2,0
3,476.96,5,1,25,1,77,3,1,30.88,2384.8,6.47433747064743,2,0,7,5,1
0,412.74,1,1,20,0,75,3,1,27.93,412.74,6.76697194359645,2,0,12,4,0
0,359.57,3,1,52,0,66,0,1,15.31,1078.71,4.25786355925133,2,2,10,4,0
3,287.91,4,0,67,0,28,0,1,7.83,1151.64,2.71959987496093,1,3,3,6,1
1,412.83,3,1,32,0,80,0,2,10.67,1238.49,2.58459898747669,2,1,9,2,0
2,173.3,5,0,20,0,78,1,0,20.72,866.5,11.9561454125793,1,0,7,1,0
4,176.22,2,0,39,1,65,1,2,44.84,352.44,25.4454658949041,1,1,2,4,0
4,284.82,4,1,36,1,50,2,0,38.18,1139.28,13.4049575170283,1,1,3,6,1
2,211.5,1,0,25,1,62,0,2,41.16,211.5,19.4609929078014,1,0,6,6,1
0,94.6,1,0,41,0,46,1,2,10.9,94.6,11.5221987315011,0,2,4,1,0
2,75.56,2,0,61,1,46,3,0,15.48,151.12,20.4870301746956,0,3,2,2,0
1,430.16,1,0,34,0,87,1,0,9.35,430.16,2.17360981960201,2,1,1,0,0
0,125.79,1,0,52,1,0,0,0,47.83,125.79,38.0236902774465,0,2,1,6,1
1,107.64,2,0,29,0,92,2,1,27.42,215.28,25.4738015607581,0,1,8,4,0
2,122.43,3,0,32,0,13,3,0,12.15,367.29,9.92403822592502,0,1,4,4,0
1,277.28,2,0,44,1,16,1,1,3.94,554.56,1.42094633583381,1,2,3,4,0
0,462.89,4,1,30,1,98,2,2,37.64,1851.56,8.13152152779278,2,1,1,1,0
0,342.43,1,0,63,1,35,3,2,5.85,342.43,1.70837835470023,2,3,12,3,0
0,441.33,4,1,63,0,67,0,1,49.97,1765.32,11.3225930709447,2,3,3,5,1
2,487.96,4,1,36,0,17,0,0,12.02,1951.84,2.46331666530043,2,1,4,4,0
4,195.46,4,1,35,1,86,0,2,30.46,781.84,15.5837511511307,1,1,5,0,0
1,70.68,2,0,23,0,14,0,2,4.88,141.36,6.90435766836446,0,0,10,5,1
3,428.3,2,0,46,1,28,0,0,19.23,856.6,4.48984356759281,2,2,9,6,1
3,107.98,3,0,22,0,40,3,0,28.11,323.94,26.0325986293758,0,0,10,5,1
0,479.16,4,1,31,1,23,0,1,47.15,1916.64,9.84013690625261,2,1,4,0,0
1,331.84,4,1,59,1,47,3,1,42.03,1327.36,12.6657425265188,1,2,10,1,0
2,458.81,3,1,41,1,39,3,0,34.03,1376.43,7.41701357860552,2,2,8,1,0
1,11.18,4,0,33,1,70,2,1,42.77,44.72,382.558139534884,0,1,8,6,1
0,387.82,4,1,42,1,12,0,2,15.81,1551.28,4.07663348976329,2,2,4,4,0
2,267.44,2,1,56,0,59,3,2,39.94,534.88,14.934190846545,1,2,5,2,0
2,242.33,4,0,55,1,29,2,2,2.75,969.32,1.13481615978212,1,2,3,4,0
0,454.19,4,0,31,0,0,0,0,12.25,1816.76,2.69710913934697,2,1,5,1,0
0,285.35,1,0,56,0,78,1,2,23.98,285.35,8.40371473628877,1,2,11,6,1
4,379.84,2,1,21,1,30,1,0,29.03,759.68,7.64269165964617,2,0,12,6,1
4,371.18,5,1,62,1,61,2,0,36.58,1855.9,9.85505684573522,2,3,8,0,0
2,68.59,2,0,50,1,34,2,2,47.08,137.18,68.6397434028284,0,2,6,2,0
2,53.89,4,0,45,0,33,1,1,43.54,215.56,80.7942104286509,0,2,1,3,0
3,335.57,5,1,43,1,84,0,0,26.11,1677.85,7.78079089310725,2,2,2,2,0
3,395.65,5,1,52,0,82,0,0,35.6,1978.25,8.99785163654746,2,2,1,3,0
1,194.5,1,1,31,0,35,3,2,49.38,194.5,25.388174807198,1,1,3,6,1
1,499.75,4,1,62,0,13,1,1,35.37,1999,7.07753876938469,2,3,6,3,0
4,324.64,5,1,68,0,41,2,1,33.1,1623.2,10.1959093149335,1,3,7,4,0
1,193.47,5,0,65,1,2,2,0,9.03,967.35,4.66739029306869,1,3,9,3,0
1,462.49,1,1,48,1,60,2,2,44.33,462.49,9.58507210966724,2,2,5,5,1
2,202.74,1,0,37,1,67,0,2,7.65,202.74,3.77330571174904,1,1,2,4,0
4,73.94,1,0,20,0,13,3,0,29.94,73.94,40.4922910467947,0,0,11,3,0
3,145,5,0,53,0,45,0,1,14.44,725,9.95862068965517,0,2,7,6,1
4,50.65,3,0,29,1,82,0,1,1.76,151.95,3.47482724580454,0,1,11,2,0
2,258.77,5,1,20,1,14,1,0,24.87,1293.85,9.6108513351625,1,0,1,6,1
0,32.82,4,0,49,0,44,0,2,33.31,131.28,101.492992078001,0,2,3,4,0
3,116.37,3,0,32,1,67,1,1,21.57,349.11,18.5357050786285,0,1,2,3,0
1,309.9,1,1,61,0,58,0,2,35.49,309.9,11.4520813165537,1,3,3,6,1
4,437.4,2,1,23,0,3,2,1,22.2,874.8,5.07544581618656,2,0,12,3,0
4,196.3,1,0,59,1,9,1,2,29.18,196.3,14.8650025471218,1,2,4,3,0
0,177.03,5,1,45,1,66,2,1,40.75,885.15,23.0186973959216,1,2,11,6,1
4,53.83,5,0,27,0,52,1,0,7.22,269.15,13.4125952071336,0,1,6,6,1
2,155.4,2,0,25,1,77,1,2,27.44,310.8,17.6576576576577,0,0,11,2,0
1,110.14,4,0,45,0,32,0,1,27.5,440.56,24.9682222625749,0,2,11,3,0
2,133.31,5,1,29,1,53,0,2,38.4,666.55,28.8050408821544,0,1,1,5,1
2,86.01,3,0,65,0,55,1,2,46.01,258.03,53.4937797930473,0,3,5,2,0
3,250.48,4,0,65,1,52,0,1,20.02,1001.92,7.99265410412009,1,3,11,0,0
2,163.16,4,0,43,0,4,1,2,2.37,652.64,1.45256190242707,0,2,3,5,1
1,254.88,2,0,30,1,93,2,2,4.43,509.76,1.73807281858129,1,1,7,5,1
0,261.15,1,0,19,1,57,1,0,5.51,261.15,2.10989852575148,1,0,6,5,1
3,31.92,1,0,46,1,28,3,1,32.01,31.92,100.281954887218,0,2,5,6,1
3,474.42,4,1,36,0,38,0,1,46.79,1897.68,9.86256903165971,2,1,7,5,1
3,429.79,5,1,67,1,95,2,0,5.31,2148.95,1.23548709835036,2,3,10,5,1
4,152.15,4,1,48,1,87,3,2,41.74,608.6,27.4334538284588,0,2,2,5,1
4,149.08,5,1,45,0,1,1,0,30.96,745.4,20.7673732224309,0,2,11,1,0
3,206.01,4,0,24,0,41,1,2,4.9,824.04,2.37852531430513,1,0,2,5,1
2,418.31,1,1,48,0,25,0,1,32.67,418.31,7.80999737037126,2,2,9,5,1
4,136.93,5,0,62,0,54,2,1,29.19,684.65,21.3174614766669,0,3,6,3,0
0,412.31,3,1,56,0,60,2,1,17.75,1236.93,4.3050132182096,2,2,11,2,0
2,394.99,1,0,59,1,14,2,1,12.85,394.99,3.25324691764349,2,2,10,3,0
0,447.28,3,1,40,1,56,3,1,40.27,1341.84,9.00330888928636,2,1,7,5,1
0,31.22,5,0,30,1,54,0,1,26.07,156.1,83.5041639974375,0,1,10,0,0
4,277.88,3,1,23,0,69,3,1,32.24,833.64,11.6021304160069,1,0,8,4,0
2,428.7,5,1,40,0,53,0,0,20.8,2143.5,4.85187777000233,2,1,2,3,0
3,427.42,2,1,37,1,63,3,2,22.14,854.84,5.17991670955968,2,1,4,1,0
0,476.84,3,0,33,1,61,0,1,6.04,1430.52,1.26667225903867,2,1,3,4,0
3,18.41,1,0,63,1,45,2,0,22.82,18.41,123.954372623574,0,3,5,0,0
2,34.28,2,0,20,1,74,2,2,15.91,68.56,46.411901983664,0,0,7,6,1
3,273.44,5,1,70,1,91,2,2,37.28,1367.2,13.6337039204213,1,3,6,0,0
1,462.84,5,1,66,0,46,2,1,24.21,2314.2,5.23074928701063,2,3,2,4,0
0,65.61,4,0,20,1,82,2,1,32.15,262.44,49.001676573693,0,0,6,2,0
3,381.87,5,1,18,0,48,2,0,35.01,1909.35,9.16804148008485,2,0,4,2,0
2,268.38,4,1,45,1,54,0,2,39.64,1073.52,14.7701020940458,1,2,11,0,0
3,25.91,4,0,27,1,66,0,0,20.77,103.64,80.1620995754535,0,1,1,1,0
2,264.41,2,1,43,0,61,2,1,39.14,528.82,14.8027684278204,1,2,5,3,0
2,24.11,2,0,47,0,93,2,1,25.48,48.22,105.682289506429,0,2,8,6,1
1,450.97,4,1,46,1,71,0,1,16.96,1803.88,3.7607823136794,2,2,7,5,1
4,265.12,4,0,45,0,52,3,0,34.24,1060.48,12.9149064574532,1,2,11,3,0
2,499.18,4,1,63,1,97,0,1,30.37,1996.72,6.08397772346649,2,3,10,4,0
0,282.85,2,1,18,1,95,0,0,26.03,565.7,9.20275764539509,1,0,1,4,0
0,311.26,3,0,57,1,61,3,0,2,933.78,0.642549636959455,1,2,6,2,0
1,266.88,1,0,69,0,57,0,0,12.19,266.88,4.56759592326139,1,3,5,5,1
4,495.4,1,1,62,1,2,1,1,32.08,495.4,6.47557529269277,2,3,9,6,1
2,8.16,1,0,54,0,79,3,0,7.88,8.16,96.5686274509804,0,2,2,4,0
1,438.15,3,1,24,0,63,2,2,26.53,1314.45,6.05500399406596,2,0,5,2,0
0,481.13,2,1,57,0,91,0,2,32.88,962.26,6.83391183256085,2,2,3,0,0
4,298.16,3,1,55,0,55,3,2,23.42,894.48,7.85484303729541,1,2,7,5,1
0,54.35,4,0,54,0,32,1,2,6.29,217.4,11.573137074517,0,2,12,3,0
2,56.11,1,0,32,1,37,3,1,11.52,56.11,20.5310996257352,0,1,6,1,0
4,93.84,1,0,64,1,88,3,1,42.53,93.84,45.3218243819267,0,3,8,5,1
2,76.47,1,0,23,1,90,0,0,1.56,76.47,2.0400156924284,0,0,3,0,0
2,122.85,3,0,58,0,9,3,1,28.3,368.55,23.036223036223,0,2,8,2,0
0,124.11,4,1,59,0,30,3,0,34.64,496.44,27.9107243574249,0,2,12,4,0
0,450.89,4,1,59,1,42,2,0,49.44,1803.56,10.9649803721529,2,2,9,2,0
3,116.12,4,0,34,0,88,1,0,32.37,464.48,27.876334826042,0,1,3,1,0
4,102.16,1,0,63,0,20,2,2,37.21,102.16,36.4232576350822,0,3,6,0,0
3,173.98,2,0,34,0,69,1,2,22.98,347.96,13.2084147603173,1,1,2,4,0
0,55.73,5,0,57,0,81,0,0,43.24,278.65,77.5883725103176,0,2,4,6,1
2,339.73,1,1,36,1,47,3,0,38.15,339.73,11.2295057840049,2,1,12,1,0
1,205.62,2,1,22,0,71,1,0,32.72,411.24,15.9128489446552,1,0,2,2,0
2,93.56,3,0,55,0,46,3,0,30.86,280.68,32.9841812740487,0,2,2,5,1
2,225.3,5,0,18,0,57,1,2,26.57,1126.5,11.7931646693298,1,0,8,0,0
4,320.06,3,1,54,1,94,1,1,46.39,960.18,14.4941573454977,1,2,11,3,0
2,397.64,2,1,54,1,62,0,2,42.43,795.28,10.6704556885625,2,2,2,3,0
0,156.19,2,0,20,1,91,3,1,34.89,312.38,22.3381778602984,0,0,12,0,0
2,462.51,4,1,55,1,71,3,1,49.34,1850.04,10.6678774512984,2,2,3,6,1
2,167.52,2,1,29,0,64,3,2,40.64,335.04,24.2597898758357,0,1,5,4,0
2,217.16,5,1,48,0,73,1,0,33.38,1085.8,15.371154908823,1,2,5,4,0
4,177.87,1,0,68,1,57,3,2,17.08,177.87,9.60251869342778,1,3,5,1,0
3,219.79,2,0,64,1,7,2,2,23.01,439.58,10.4690841257564,1,3,1,2,0
4,321.66,4,1,19,0,30,0,1,29.6,1286.64,9.20226325934216,1,0,5,3,0
0,138.76,4,0,27,0,79,3,1,19.48,555.04,14.0386278466417,0,1,12,5,1
2,380.76,5,1,24,1,55,1,1,37.78,1903.8,9.92226074167455,2,0,7,6,1
1,176.7,1,1,50,1,14,1,0,36.46,176.7,20.6338426711941,1,2,5,1,0
0,329.56,4,0,70,1,37,2,1,6.21,1318.24,1.88433062264838,1,3,5,1,0
4,184.18,4,1,26,0,97,0,0,30.69,736.72,16.6630470192203,1,1,8,3,0
2,334.73,2,1,66,0,77,2,1,26.07,669.46,7.78836674334538,1,3,12,5,1
2,432.9,4,1,59,1,93,1,1,27.42,1731.6,6.33402633402634,2,2,2,1,0
0,238.88,2,0,57,1,82,0,2,24.4,477.76,10.2143335565975,1,2,9,1,0
4,484.19,3,1,61,1,16,1,2,37.85,1452.57,7.81717920650984,2,3,3,4,0
0,255.67,5,1,70,0,90,1,1,24.25,1278.35,9.4848828568076,1,3,4,0,0
0,209.62,3,0,53,0,0,0,2,23.7,628.86,11.3061730750883,1,2,7,5,1
3,257.41,5,0,24,0,94,1,1,0.61,1287.05,0.236976030457247,1,0,10,1,0
3,432.16,3,1,56,1,55,3,2,22.04,1296.48,5.09996297667531,2,2,3,5,1
2,213.43,4,1,28,1,9,2,1,45.28,853.72,21.2153867778663,1,1,4,3,0
1,209.05,4,0,42,1,32,3,2,31.8,836.2,15.21167184884,1,2,6,3,0
0,283.8,3,0,31,1,83,1,0,40.56,851.4,14.291754756871,1,1,5,2,0
2,319.45,3,0,66,1,92,3,1,0.7,958.35,0.219126623884802,1,3,1,0,0
3,496.9,4,1,48,1,38,0,2,14.59,1987.6,2.93620446769974,2,2,3,5,1
2,484.44,5,1,48,0,28,3,0,18.99,2422.2,3.91999009165222,2,2,11,4,0
3,71.94,2,0,18,0,42,2,1,38.36,143.88,53.3222129552405,0,0,4,3,0
1,264.89,4,0,34,1,98,2,1,5.84,1059.56,2.20468873872173,1,1,12,1,0
0,114.86,4,0,47,0,95,0,1,13.82,459.44,12.0320390040049,0,2,10,1,0
1,36.6,3,0,68,0,69,2,1,19.15,109.8,52.3224043715847,0,3,7,3,0
3,476.91,2,1,41,1,63,3,0,23.54,953.82,4.93594179195236,2,2,11,2,0
2,457.13,4,1,25,0,27,2,2,17.32,1828.52,3.7888565615908,2,0,5,0,0
1,85.3,1,0,29,1,19,2,0,11.22,85.3,13.1535756154748,0,1,9,5,1
0,255.77,5,0,54,1,75,3,2,17.6,1278.85,6.88118231223365,1,2,3,1,0
2,466.7,4,1,41,0,58,0,1,9.51,1866.8,2.03771159202914,2,2,5,4,0
4,262.79,1,0,52,0,0,2,1,29.88,262.79,11.3702956733513,1,2,12,0,0
0,416.63,1,0,47,0,2,3,2,7.22,416.63,1.73295249981998,2,2,6,6,1
0,307.28,1,0,21,0,27,3,0,10.04,307.28,3.26737828690445,1,0,12,1,0
0,151.94,2,0,29,0,23,1,1,29.81,303.88,19.6195866789522,0,1,2,6,1
3,370.04,5,1,66,0,68,3,1,42.61,1850.2,11.5149713544482,2,3,9,3,0
3,302.37,2,0,57,1,27,2,0,21.5,604.74,7.11049376591593,1,2,10,1,0
3,443.88,3,1,70,0,38,2,0,11.26,1331.64,2.53672163647833,2,3,2,0,0
3,442.44,1,1,30,1,11,2,2,30.89,442.44,6.98173763674171,2,1,10,3,0
3,61.85,1,0,23,0,77,0,1,14.29,61.85,23.1042845594179,0,0,1,6,1
0,69.05,1,0,20,0,51,1,1,1.8,69.05,2.60680666183925,0,0,6,2,0
0,451.96,1,0,63,0,64,0,2,6.72,451.96,1.48685724400389,2,3,3,0,0
3,350.83,1,0,68,1,17,1,1,15.1,350.83,4.30407889861186,2,3,6,6,1
1,422.15,1,1,28,1,17,1,1,32.82,422.15,7.77448774132418,2,1,3,5,1
4,169.06,1,0,26,0,61,1,1,21.14,169.06,12.5044362948066,0,1,11,0,0
3,298.02,2,0,29,1,46,1,0,25.22,596.04,8.46251929400711,1,1,2,6,1
2,299.36,2,1,55,1,12,3,2,33.82,598.72,11.2974345269909,1,2,10,6,1
4,409.24,4,1,30,0,99,3,0,14.81,1636.96,3.61890333300753,2,1,6,2,0
2,307.94,5,1,19,0,45,0,0,47.94,1539.7,15.5679677859323,1,0,7,0,0
2,249.95,3,0,62,0,24,1,2,2.16,749.85,0.864172834566914,1,3,9,5,1
4,277.04,3,0,40,1,38,2,1,9.12,831.12,3.29194340167485,1,1,12,2,0
0,57.85,4,0,55,1,48,3,1,5.59,231.4,9.66292134831461,0,2,8,1,0
2,343.9,1,1,58,0,78,3,2,39.99,343.9,11.628380343123,2,2,12,0,0
4,54.41,3,0,64,1,33,3,0,42.14,163.23,77.4489983458923,0,3,8,0,0
4,360.24,1,1,36,0,68,1,2,30.72,360.24,8.52764823451033,2,1,11,5,1
2,449.65,4,1,20,0,87,0,1,35.72,1798.6,7.94395641054153,2,0,7,1,0
2,311.51,1,1,33,1,18,1,1,39.14,311.51,12.5646046675869,1,1,4,0,0
3,118.46,2,0,34,0,7,1,2,16.62,236.92,14.0300523383421,0,1,3,3,0
0,192.82,2,0,49,1,91,3,1,38.24,385.64,19.8319676382118,1,2,9,5,1
1,183.95,2,0,23,1,17,3,1,17.02,367.9,9.25251427018212,1,0,7,0,0
4,314.58,1,1,32,0,62,2,1,49.27,314.58,15.6621527115519,1,1,1,0,0
4,363.12,1,0,68,0,90,0,1,2.78,363.12,0.765587133729896,2,3,4,6,1
1,290.84,5,0,70,0,0,2,0,10.64,1454.2,3.65836886260487,1,3,12,4,0
4,371.29,1,0,52,1,19,2,0,37.1,371.29,9.99218939373536,2,2,3,6,1
3,162.46,1,0,60,1,51,0,0,28.25,162.46,17.3888957281792,0,2,8,0,0
1,265.04,4,1,26,1,77,0,2,29.53,1060.16,11.141714458195,1,1,8,5,1
3,120.25,4,0,19,0,71,2,1,29.46,481,24.4989604989605,0,0,12,1,0
1,19.46,3,0,28,1,10,0,0,44.06,58.38,226.413155190134,0,1,4,5,1
2,51.54,3,0,65,1,66,0,1,11.38,154.62,22.0799379123011,0,3,11,0,0
3,413.42,2,1,42,0,38,0,2,27.67,826.84,6.69295147791592,2,2,4,2,0
4,141.07,4,0,31,1,63,2,2,8.61,564.28,6.10335294534628,0,1,9,1,0
3,370.91,4,1,33,0,55,1,2,19.04,1483.64,5.13332075166482,2,1,3,5,1
1,45.8,2,0,61,1,30,0,2,37.39,91.6,81.6375545851529,0,3,3,3,0
2,428.28,1,1,21,1,81,1,0,24.84,428.28,5.79994396189409,2,0,5,4,0
3,250.13,4,1,42,0,54,3,1,46.38,1000.52,18.5423579738536,1,2,1,1,0
2,372,4,0,20,1,53,1,0,5.85,1488,1.57258064516129,2,0,10,3,0
2,283.29,3,0,66,0,87,2,1,26.58,849.87,9.38261145822302,1,3,6,0,0
3,82.5,1,0,69,1,70,0,2,12.51,82.5,15.1636363636364,0,3,11,4,0
4,297.08,2,0,57,1,85,3,0,20.46,594.16,6.88703379561061,1,2,7,4,0
2,378.2,4,0,24,1,56,2,2,9.21,1512.8,2.43521946060286,2,0,5,3,0
1,8.68,3,0,44,1,78,3,0,21.5,26.04,247.695852534562,0,2,10,5,1
0,255.78,3,0,36,1,43,3,2,9.83,767.34,3.84314645398389,1,1,10,6,1
2,316.6,3,0,39,1,31,2,2,1.85,949.8,0.58433354390398,1,1,3,4,0
0,12.49,4,0,56,0,63,3,1,26.93,49.96,215.612489991994,0,2,2,2,0
3,218.77,5,0,35,1,18,0,1,16.74,1093.85,7.65187182886136,1,1,12,4,0
3,210.79,1,0,61,0,96,1,1,25.04,210.79,11.8791214004459,1,3,6,0,0
0,331.32,2,1,34,1,8,3,0,37.5,662.64,11.3183629119884,1,1,4,0,0
2,311.42,3,0,41,1,80,1,1,23.56,934.26,7.56534583520647,1,2,6,2,0
0,150.38,5,0,50,0,45,2,1,48.66,751.9,32.358026333289,0,2,3,4,0
2,230.76,5,0,50,0,15,3,1,7.24,1153.8,3.1374588316866,1,2,3,5,1
3,63.29,1,0,48,0,86,0,1,39.2,63.29,61.9371148680676,0,2,1,4,0
1,119.3,5,1,24,1,41,1,0,39.74,596.5,33.3109807208718,0,0,12,2,0
0,353.7,5,1,19,0,93,0,0,47.73,1768.5,13.4944868532655,2,0,11,6,1
2,462.4,3,1,38,1,66,3,0,39.78,1387.2,8.60294117647059,2,1,1,0,0
2,157.25,4,1,47,0,17,1,2,47.06,629,29.9268680445151,0,2,1,6,1
2,312.61,1,0,53,0,72,2,1,25.51,312.61,8.16032756469723,1,2,9,1,0
1,185.28,5,0,43,0,78,3,0,0.08,926.4,0.0431778929188256,1,2,12,1,0
4,63.58,1,0,36,1,55,0,1,36.28,63.58,57.0619691726958,0,1,2,6,1
3,221.39,3,1,25,1,9,1,1,46.55,664.17,21.0262432810877,1,0,12,1,0
4,474.35,1,0,21,1,92,1,2,8.22,474.35,1.73289764941499,2,0,8,4,0
0,444.77,2,1,55,0,81,3,1,36.32,889.54,8.16601839152821,2,2,4,6,1
1,495.49,2,1,34,1,95,2,0,19.15,990.98,3.8648610466407,2,1,9,3,0
2,287,3,0,67,1,8,1,2,30.58,861,10.6550522648084,1,3,4,6,1
4,468.41,4,1,52,0,42,1,1,38.5,1873.64,8.21929506201832,2,2,11,0,0
4,361.95,3,0,47,0,26,1,0,29.74,1085.85,8.21660450338445,2,2,12,3,0
1,367.88,4,1,21,0,23,0,2,42.88,1471.52,11.655974774383,2,0,12,3,0
1,275.59,3,1,49,0,88,3,2,35.39,826.77,12.8415399687942,1,2,10,2,0
1,126.88,2,0,68,1,16,1,1,2.44,253.76,1.92307692307692,0,3,6,1,0
3,448.63,5,1,60,1,51,2,1,38.3,2243.15,8.53710184338988,2,2,7,0,0
0,374.08,4,1,31,0,68,3,0,48.25,1496.32,12.8983105218135,2,1,5,3,0
4,122.79,4,0,40,1,63,1,1,17.07,491.16,13.901783532861,0,1,2,1,0
3,307.04,1,0,64,0,86,3,1,34.94,307.04,11.3796248045857,1,3,7,2,0
0,252.13,2,0,46,0,38,2,0,10.56,504.26,4.18831555150121,1,2,3,5,1
3,478.4,5,1,44,1,62,1,2,46.41,2392,9.70108695652174,2,2,5,2,0
0,263.14,1,0,66,0,63,2,0,0.24,263.14,0.0912062020217375,1,3,11,6,1
4,63.21,4,0,22,1,20,1,1,1.37,252.84,2.16737857933871,0,0,11,1,0
2,178.58,2,0,64,0,59,0,0,40.52,357.16,22.690110874678,1,3,10,5,1
0,341.6,5,1,55,1,22,3,2,12.97,1708,3.79683840749415,2,2,9,0,0
2,367.49,4,0,31,1,12,3,2,5.04,1469.96,1.37146589022831,2,1,5,3,0
1,429.64,5,1,22,1,57,2,1,11.28,2148.2,2.6254538683549,2,0,1,3,0
3,96.96,3,0,20,1,16,0,0,39.58,290.88,40.8209570957096,0,0,1,6,1
2,198.11,5,0,34,1,17,1,2,35.67,990.55,18.0051486547878,1,1,12,3,0
2,124.62,5,0,22,1,76,1,0,22.65,623.1,18.175252768416,0,0,11,6,1
1,145.58,4,0,67,1,38,1,2,25.09,582.32,17.2345102349224,0,3,8,5,1
0,405.16,3,1,65,0,59,1,1,32.05,1215.48,7.91045512883799,2,3,7,0,0
1,74.57,5,0,19,0,57,3,2,40.21,372.85,53.9224889365697,0,0,12,5,1
2,498.1,5,1,47,1,21,1,0,10.72,2490.5,2.15217827745433,2,2,1,1,0
1,454.19,2,1,52,1,62,3,2,37.78,908.38,8.31810475792069,2,2,5,3,0
2,463.82,4,1,48,1,96,0,2,33.73,1855.28,7.2722176706481,2,2,11,5,1
2,487.1,3,1,69,1,95,0,2,31.26,1461.3,6.41757339355369,2,3,10,6,1
0,489.47,1,1,57,1,26,2,0,22.64,489.47,4.62541115900872,2,2,5,3,0
0,77.26,3,0,23,1,25,2,0,4.01,231.78,5.19026663215118,0,0,2,5,1
1,324.34,3,0,53,1,33,1,0,14.43,973.02,4.44903496331011,1,2,12,0,0
2,89.8,1,0,19,0,15,3,1,17.85,89.8,19.8775055679287,0,0,1,2,0
1,461.61,4,1,48,1,95,0,2,46.59,1846.44,10.0929355949828,2,2,10,1,0
3,291.07,3,1,46,0,0,2,2,36.99,873.21,12.7082832308379,1,2,11,5,1
3,210.8,1,0,49,1,99,1,1,36.73,210.8,17.4240986717268,1,2,12,0,0
4,211.95,2,1,36,0,75,1,2,42.58,423.9,20.0896437839113,1,1,7,3,0
4,263.44,5,0,44,0,40,1,2,20.65,1317.2,7.83859702399028,1,2,10,2,0
4,293.06,4,1,45,0,30,1,1,45.96,1172.24,15.6827953320139,1,2,7,0,0
4,449.49,4,1,69,0,94,2,2,25.68,1797.96,5.71314156043516,2,3,3,2,0
2,55.17,1,0,35,1,70,0,2,25.56,55.17,46.3295269168026,0,1,8,2,0
4,115.57,4,0,43,0,31,2,2,16.42,462.28,14.2078394046898,0,2,9,2,0
3,392.33,5,1,47,1,46,1,0,13.81,1961.65,3.51999592180053,2,2,1,2,0
3,127.79,2,0,20,1,77,0,0,9.57,255.58,7.48884889271461,0,0,5,2,0
3,406.03,5,1,38,1,65,1,0,22.75,2030.15,5.60303425855232,2,1,6,0,0
1,412.13,5,1,54,0,14,0,0,40.34,2060.65,9.7881736345328,2,2,2,6,1
1,422.33,4,1,39,1,94,2,1,42.65,1689.32,10.0987379537329,2,1,9,0,0
4,247.72,3,1,23,1,31,0,1,48.76,743.16,19.6835136444373,1,0,11,3,0
3,41.88,1,0,58,1,7,1,2,34.67,41.88,82.7841451766953,0,2,10,4,0
1,244.81,3,0,22,0,5,3,0,8.49,734.43,3.46799558841551,1,0,6,1,0
1,422.03,4,1,38,1,94,1,1,8.22,1688.12,1.94772883444305,2,1,11,6,1
2,225.9,1,1,23,0,1,3,2,47.89,225.9,21.1996458610004,1,0,3,3,0
4,160.18,3,0,47,1,10,1,2,19.94,480.54,12.448495442627,0,2,4,2,0
3,292.25,4,0,39,1,84,3,1,6.43,1169,2.20017108639863,1,1,11,2,0
3,105.93,5,1,32,0,74,1,0,37.87,529.65,35.7500236004909,0,1,2,2,0
4,322.95,3,0,54,0,4,0,2,7.17,968.85,2.22015791918254,1,2,1,5,1
2,163.42,3,0,35,0,32,0,2,40.86,490.26,25.003059601028,0,1,6,1,0
3,289.37,1,1,56,1,91,3,1,42.59,289.37,14.7181808756955,1,2,8,2,0
4,196.87,2,0,37,1,76,0,0,13.08,393.74,6.64397825976533,1,1,11,0,0
1,302.79,3,0,49,1,72,1,0,16.54,908.37,5.46253178770765,1,2,5,4,0
3,386.68,4,0,22,1,38,3,2,5.12,1546.72,1.32409227268025,2,0,4,3,0
4,435.21,4,1,56,0,23,2,2,14.68,1740.84,3.37308425817422,2,2,10,1,0
0,45.47,5,0,66,1,51,1,0,46.58,227.35,102.441170002199,0,3,5,4,0
4,151.06,3,0,52,1,69,1,0,2.04,453.18,1.35045677214352,0,2,5,4,0
1,192.32,2,1,28,0,63,3,0,21.75,384.64,11.3092762063228,1,1,10,2,0
4,160.53,1,0,54,0,0,0,1,48.73,160.53,30.3556967545007,0,2,5,5,1
1,35.71,5,1,33,0,32,2,1,42.09,178.55,117.866143937273,0,1,9,5,1
0,36.21,5,1,19,1,29,1,1,39.23,181.05,108.340237503452,0,0,2,0,0
2,167.08,1,0,60,0,16,0,1,5.59,167.08,3.34570265740962,0,2,3,0,0
4,176.21,4,1,69,0,23,2,2,45.17,704.84,25.6341864820385,1,3,3,3,0
2,81.86,3,0,70,1,1,2,2,18.81,245.58,22.9782555582702,0,3,1,2,0
3,86.71,1,0,56,0,42,0,2,12.83,86.71,14.7964479298812,0,2,12,0,0
2,321.89,5,1,49,0,44,3,2,20.95,1609.45,6.50843455838951,1,2,12,4,0
3,26.42,3,0,43,0,30,0,2,4.71,79.26,17.8274034822105,0,2,9,1,0
1,210.66,2,0,70,1,59,1,0,19.84,421.32,9.41801955758094,1,3,6,2,0
1,11.6,2,0,43,0,9,0,1,3.34,23.2,28.7931034482759,0,2,3,2,0
3,54.26,2,0,69,0,7,0,0,3.08,108.52,5.67637301879838,0,3,1,0,0
4,252.08,4,1,53,1,77,0,1,49.29,1008.32,19.5533164074897,1,2,2,3,0
0,242.65,2,0,24,1,35,3,2,38.02,485.3,15.6686585617144,1,0,5,4,0
1,284.35,2,0,36,1,6,1,2,4.24,568.7,1.4911200984702,1,1,3,0,0
0,154.95,1,0,66,1,62,0,1,28.54,154.95,18.4188447886415,0,3,4,0,0
0,397.16,3,1,60,1,19,0,1,42.41,1191.48,10.6783160439118,2,2,6,0,0
0,443.59,3,1,60,1,53,3,1,34.97,1330.77,7.88340584774229,2,2,7,5,1
4,439.32,5,1,43,0,46,1,1,41.09,2196.6,9.35309114085405,2,2,10,4,0
0,343.05,4,0,53,1,38,3,2,4.35,1372.2,1.26803672933975,2,2,8,2,0
1,93.97,2,0,23,1,24,2,2,2.12,187.94,2.2560391614345,0,0,3,0,0
3,90.91,2,0,37,0,64,2,0,10.01,181.82,11.0108898911011,0,1,6,5,1
4,428.01,5,1,62,1,24,1,0,1.78,2140.05,0.415878133688465,2,3,7,4,0
0,253.45,1,0,26,0,81,3,2,29.51,253.45,11.6433221542711,1,1,7,5,1
0,21.98,5,0,22,1,34,3,1,24.51,109.9,111.510464058235,0,0,9,2,0
0,111.54,1,0,58,1,68,1,0,29.02,111.54,26.0175721714183,0,2,12,2,0
0,107.11,5,0,26,1,56,3,0,11.83,535.55,11.0447203809168,0,1,4,6,1
1,278.55,2,0,21,1,12,1,0,13.92,557.1,4.99730748519117,1,0,3,4,0
1,456.86,5,1,24,0,60,2,2,5.25,2284.3,1.14914853565644,2,0,1,0,0
0,5.34,1,0,63,0,74,0,0,2.8,5.34,52.434456928839,0,3,1,1,0
0,212.87,2,0,23,0,16,2,1,31.87,425.74,14.9715788979189,1,0,7,1,0
1,176.45,1,0,23,0,84,3,0,0.66,176.45,0.374043638424483,1,0,6,5,1
4,146.88,3,0,58,0,92,2,2,28.77,440.64,19.5874183006536,0,2,4,4,0
1,252.57,5,1,54,1,73,1,0,37.03,1262.85,14.6612820208259,1,2,1,6,1
4,132.93,2,0,35,0,15,3,1,5.72,265.86,4.30301662529151,0,1,2,4,0
2,493.86,1,1,52,1,34,1,0,30.67,493.86,6.21026201757583,2,2,11,2,0
4,197.1,5,0,48,0,21,0,0,11.53,985.5,5.84982242516489,1,2,11,5,1
1,317.77,4,1,55,1,91,2,2,27.72,1271.08,8.72329043018535,1,2,5,3,0
1,485.72,4,1,44,0,59,1,2,5.79,1942.88,1.19204479947295,2,2,8,6,1
1,446.22,4,1,52,0,21,2,0,22.29,1784.88,4.99529380126395,2,2,4,3,0
3,483.16,3,1,57,0,57,3,1,33.54,1449.48,6.94179981786572,2,2,5,3,0
1,192.98,5,1,49,1,6,3,0,34.93,964.9,18.1003212768163,1,2,6,0,0
0,177.41,5,0,67,1,57,3,1,14.85,887.05,8.37044135054394,1,3,11,4,0
2,423.82,5,1,53,1,66,0,0,45.36,2119.1,10.7026567882592,2,2,10,6,1
4,12.81,1,0,41,0,17,3,1,15.82,12.81,123.497267759563,0,2,10,2,0
1,108.7,3,0,38,0,74,3,2,1.23,326.1,1.13155473781049,0,1,12,3,0
0,24.54,4,0,68,1,46,1,2,18.77,98.16,76.4873675631622,0,3,3,1,0
0,32.06,4,0,52,0,23,0,2,11.07,128.24,34.5290081097941,0,2,12,0,0
2,52.42,3,0,28,1,5,0,1,32.3,157.26,61.6177031667303,0,1,6,2,0
3,278.34,3,1,69,1,75,1,0,44.82,835.02,16.1026083207588,1,3,5,5,1
3,12.91,3,0,18,1,25,2,1,37.79,38.73,292.718822618126,0,0,7,5,1
2,77.41,3,0,51,1,7,1,0,37.74,232.23,48.75339103475,0,2,4,4,0
2,133.67,4,0,45,1,51,2,0,8.42,534.68,6.29909478566619,0,2,7,2,0
1,430.93,5,1,35,1,37,2,2,15.78,2154.65,3.66184763186596,2,1,3,3,0
4,5.8,3,0,57,0,39,3,1,10.48,17.4,180.689655172414,0,2,8,4,0
0,433.42,4,0,31,0,29,0,1,2.22,1733.68,0.512205251257441,2,1,11,5,1
2,363.24,3,1,28,0,39,2,1,49.92,1089.72,13.7429798480344,2,1,12,6,1
0,89.86,1,0,38,1,8,0,2,42.3,89.86,47.0732250166926,0,1,7,3,0
2,216.56,2,1,49,1,21,0,2,32.1,433.12,14.8226819357222,1,2,7,1,0
3,298.47,5,1,61,0,82,0,1,42.41,1492.35,14.2091332462224,1,3,7,0,0
1,99.98,2,0,37,0,34,2,2,14.44,199.96,14.4428885777155,0,1,7,3,0
0,104.02,3,0,26,0,49,2,0,34.42,312.06,33.0897904249183,0,1,11,5,1
0,102.12,4,0,25,1,92,2,2,36.75,408.48,35.9870740305523,0,0,9,1,0
0,256.62,1,0,46,1,52,0,0,25.87,256.62,10.081053698075,1,2,7,1,0
4,423.65,2,1,35,1,34,3,0,15.8,847.3,3.72949368582556,2,1,10,0,0
4,479.72,5,1,29,1,52,0,2,21.52,2398.6,4.48595013758026,2,1,8,3,0
1,324.75,2,0,28,1,32,2,2,15.3,649.5,4.71131639722864,1,1,2,2,0
3,312.33,4,0,55,0,74,3,2,2.44,1249.32,0.781224986392598,1,2,8,3,0
2,430.06,4,1,42,1,91,0,1,31.35,1720.24,7.28968050969632,2,2,1,3,0
1,386.51,1,0,24,0,58,1,0,11.79,386.51,3.05037385837365,2,0,10,2,0
4,167.59,3,0,55,0,85,0,2,31.89,502.77,19.0285816576168,0,2,5,2,0
4,156.97,3,0,50,0,9,0,1,16.41,470.91,10.4542269223419,0,2,3,0,0
4,313.55,4,1,33,1,55,2,1,29.19,1254.2,9.30952001275714,1,1,1,1,0
4,391.32,2,0,41,0,66,0,2,1.13,782.64,0.288766227128693,2,2,10,2,0
1,92.63,5,0,30,1,68,0,0,14.86,463.15,16.0423189031631,0,1,8,5,1
0,103,3,0,64,1,31,1,2,22.81,309,22.1456310679612,0,3,1,4,0
1,487.57,5,1,56,1,32,2,2,29.86,2437.85,6.12424882580963,2,2,10,4,0
4,320.45,4,1,36,0,40,0,1,29.29,1281.8,9.14027149321267,1,1,9,0,0
0,425.69,2,0,54,0,13,3,2,7.18,851.38,1.68667340083159,2,2,2,4,0
2,168.2,1,0,36,1,3,1,2,30.26,168.2,17.9904875148633,0,1,11,0,0
4,265.71,1,0,52,0,36,1,1,41.62,265.71,15.6636935004328,1,2,12,2,0
0,92.89,3,0,58,0,45,3,0,16.04,278.67,17.2677360318657,0,2,6,3,0
1,32.92,5,0,49,0,65,1,2,38.93,164.6,118.256379100851,0,2,12,1,0
4,26.85,1,0,63,0,59,2,1,34.63,26.85,128.975791433892,0,3,7,1,0
2,186.99,2,1,68,1,12,2,2,43.68,373.98,23.3595379432055,1,3,11,6,1
1,159.99,1,0,55,0,22,1,0,10.23,159.99,6.39414963435215,0,2,9,0,0
1,309.16,4,1,36,0,18,1,0,31.25,1236.64,10.1080346746022,1,1,9,6,1
0,238.21,4,1,18,0,64,2,0,44.62,952.84,18.7313714789472,1,0,5,4,0
1,117.92,5,1,47,1,35,0,1,30.42,589.6,25.7971506105835,0,2,9,4,0
3,175.12,2,0,25,0,58,1,1,43.21,350.24,24.6745089081773,1,0,11,2,0
0,295.66,5,0,42,1,35,3,0,2.17,1478.3,0.73395116011635,1,2,7,6,1
4,261.97,3,1,42,0,70,1,0,45.87,785.91,17.5096385082261,1,2,7,2,0
3,499.02,2,1,52,1,37,0,0,41.4,998.04,8.29626067091499,2,2,7,3,0
4,267.64,3,0,61,0,76,1,1,21.71,802.92,8.11164250485727,1,3,9,0,0
0,484.18,5,1,41,1,44,1,2,27.87,2420.9,5.75612375562807,2,2,12,5,1
3,230.9,3,0,34,0,7,1,2,0.68,692.7,0.294499783456042,1,1,6,4,0
3,440.78,1,0,50,1,13,3,2,3.79,440.78,0.859839375652253,2,2,12,1,0
4,327.25,4,0,56,0,39,3,2,6.04,1309,1.84568372803667,1,2,6,1,0
2,226.51,2,1,68,1,76,0,1,45.86,453.02,20.2463467396583,1,3,5,2,0
3,8,4,0,67,1,86,1,0,32.46,32,405.75,0,3,12,6,1
0,181.64,4,0,43,1,76,0,2,13.08,726.56,7.20105703589518,1,2,6,4,0
3,276.67,4,0,57,0,26,2,0,22.55,1106.68,8.15050421079264,1,2,9,4,0
3,438.06,1,0,51,0,80,3,0,2.2,438.06,0.502214308542209,2,2,7,6,1
0,304.61,3,0,57,1,78,0,1,2.36,913.83,0.774761170020682,1,2,9,3,0
3,418.3,2,1,36,0,71,1,0,31.56,836.6,7.54482428878795,2,1,11,0,0
3,272.11,5,0,26,0,4,1,2,7.63,1360.55,2.8040130829444,1,1,5,0,0
4,72,1,0,46,1,92,3,0,30.79,72,42.7638888888889,0,2,4,1,0
1,231.13,3,0,22,1,88,3,0,13.97,693.39,6.0442175399126,1,0,6,3,0
4,459.41,2,1,41,0,22,2,1,41.26,918.82,8.98108443438323,2,2,2,0,0
4,428.43,5,1,49,0,21,0,2,35.49,2142.15,8.28373363209859,2,2,10,3,0
0,99.49,1,0,47,0,81,3,2,8.76,99.49,8.80490501557946,0,2,3,6,1
1,34,4,0,23,0,11,2,1,38.82,136,114.176470588235,0,0,9,2,0
1,338.39,3,1,52,0,10,0,2,30.63,1015.17,9.05168592452496,2,2,2,3,0
2,61.69,3,0,45,1,80,3,2,25.88,185.07,41.9516939536392,0,2,1,2,0
1,387.46,1,1,52,0,30,1,0,47.03,387.46,12.1380271511898,2,2,1,4,0
3,269.26,2,0,33,0,87,1,0,11.04,538.52,4.10012627200475,1,1,1,3,0
1,223.71,4,1,33,0,70,2,1,28.04,894.84,12.5340843055742,1,1,12,0,0
0,461.41,5,1,27,1,54,2,0,9.26,2307.05,2.00689191825058,2,1,3,0,0
1,160.82,1,1,62,1,11,0,1,45.44,160.82,28.2551921402811,0,3,8,6,1
0,358.97,4,1,46,1,8,0,1,46.16,1435.88,12.8590132880185,2,2,6,2,0
4,61.45,4,0,19,1,98,0,0,23.53,245.8,38.2912937347437,0,0,4,2,0
3,292.26,3,1,24,0,99,1,2,39.96,876.78,13.6727571340587,1,0,12,4,0
2,325.7,4,1,42,0,29,0,0,48.9,1302.8,15.0138163954559,1,2,12,3,0
4,83.62,5,0,37,0,65,0,1,9.91,418.1,11.8512317627362,0,1,9,4,0
0,353.33,4,1,35,0,31,3,1,27.68,1413.32,7.83403617015255,2,1,9,1,0
4,347.03,2,0,66,0,35,3,2,6.37,694.06,1.83557617497046,2,3,11,3,0
4,368.6,3,1,60,0,99,1,1,42.18,1105.8,11.4432989690722,2,2,8,1,0
3,447.96,3,1,42,0,95,2,1,36.51,1343.88,8.15028127511385,2,2,4,5,1
4,377.36,1,0,34,1,72,3,2,7.35,377.36,1.94774220903116,2,1,1,3,0
3,274.26,3,0,45,0,58,3,0,1.8,822.78,0.656311529205863,1,2,12,4,0
2,309.12,1,0,59,0,63,1,1,13.56,309.12,4.38664596273292,1,2,10,0,0
3,329.79,3,1,60,1,71,1,1,47.24,989.37,14.324266957761,1,2,12,5,1
3,243.18,4,1,26,1,34,2,2,49.12,972.72,20.1990295254544,1,1,5,1,0
0,158.69,5,0,68,0,87,1,1,39.63,793.45,24.9732182242107,0,3,1,4,0
0,164.73,2,0,33,0,30,2,0,26.3,329.46,15.9655193346689,0,1,11,0,0
3,187.99,3,1,45,1,15,0,1,50,563.97,26.5971594233736,1,2,7,0,0
2,469.74,1,1,34,0,49,0,2,16.95,469.74,3.60837910333376,2,1,8,2,0
3,473.16,4,1,18,1,32,0,0,7.28,1892.64,1.53859159692282,2,0,11,0,0
3,324.02,2,0,46,1,96,1,0,29.24,648.04,9.02413431269675,1,2,8,1,0
3,253.73,1,0,60,0,4,1,2,13,253.73,5.12355653647578,1,2,6,3,0
4,412.66,4,1,35,1,68,3,1,0.22,1650.64,0.0533126544855329,2,1,1,4,0
1,213.8,2,1,29,1,61,3,0,46.41,427.6,21.7072029934518,1,1,10,4,0
0,34.96,4,0,45,0,44,3,2,41.91,139.84,119.879862700229,0,2,6,2,0
0,452.4,1,1,20,0,29,0,2,18.7,452.4,4.13351016799293,2,0,2,4,0
0,432.54,4,1,20,0,19,3,1,42.76,1730.16,9.88579090951126,2,0,6,1,0
3,363.89,4,1,36,0,51,1,2,26.25,1455.56,7.2137184313941,2,1,6,5,1
2,110.15,4,0,46,0,7,0,1,46.16,440.6,41.906491148434,0,2,7,6,1
4,101.95,4,0,19,1,3,1,1,19.62,407.8,19.2447278077489,0,0,1,0,0
1,196.97,5,1,64,0,69,2,2,32.05,984.85,16.2715134284409,1,3,7,1,0
4,56.72,2,0,70,0,41,0,1,40.91,113.44,72.1262341325811,0,3,12,4,0
1,306.45,4,0,46,0,84,2,0,3.85,1225.8,1.25632240169685,1,2,7,0,0
1,76.05,2,0,55,0,11,3,0,30.4,152.1,39.9737015121631,0,2,11,5,1
4,364.79,1,0,70,0,98,0,2,12.31,364.79,3.37454425834042,2,3,9,5,1
2,109.25,1,0,25,0,67,3,1,45.5,109.25,41.6475972540046,0,0,7,2,0
0,269.7,4,0,56,1,46,1,1,9.53,1078.8,3.53355580274379,1,2,12,6,1
4,207.6,1,0,41,0,75,1,2,0.54,207.6,0.260115606936416,1,2,10,4,0
1,151.84,1,1,51,0,36,2,1,49.25,151.84,32.4354583772392,0,2,9,2,0
3,31.5,1,0,45,1,5,0,1,26.07,31.5,82.7619047619048,0,2,10,6,1
3,351.99,3,0,44,0,79,0,2,19.33,1055.97,5.49163328503651,2,2,6,3,0
2,140.04,5,0,23,0,58,2,2,43.97,700.2,31.3981719508712,0,0,3,4,0
0,178.94,3,0,66,1,36,1,0,14.36,536.82,8.02503632502515,1,3,1,0,0
0,114.16,1,0,29,1,32,0,2,26.31,114.16,23.0466012613875,0,1,6,2,0
2,188.28,2,0,46,1,0,2,2,14.88,376.56,7.90312300828553,1,2,2,6,1
1,240.38,2,0,68,1,76,1,1,3.38,480.76,1.40610699725435,1,3,8,1,0
2,426.32,4,0,26,1,39,0,2,3.83,1705.28,0.898386188778383,2,1,3,0,0
0,213.28,3,1,41,0,21,0,1,35.56,639.84,16.6729182295574,1,2,7,6,1
3,328.22,3,1,23,0,73,0,1,49.99,984.66,15.2306379867162,1,0,1,2,0
1,480.54,3,1,18,1,32,0,2,0.55,1441.62,0.114454571939901,2,0,3,2,0
2,183.59,1,0,51,0,16,1,0,46.11,183.59,25.115747045046,1,2,9,3,0
1,15.28,1,0,25,1,65,3,2,48.94,15.28,320.287958115183,0,0,9,2,0
0,462.97,3,1,57,1,57,1,2,23.97,1388.91,5.1774413028922,2,2,9,3,0
4,497.94,4,1,35,0,38,0,0,38.66,1991.76,7.76398762903161,2,1,9,0,0
0,448.36,5,1,56,0,31,3,1,6.64,2241.8,1.48095280578107,2,2,5,0,0
2,173,5,0,45,0,58,1,2,1.11,865,0.641618497109827,1,2,9,0,0
2,280.9,4,1,46,1,63,3,1,44.46,1123.6,15.8276966892132,1,2,6,1,0
1,198.46,2,0,60,1,1,2,2,21.72,396.92,10.9442708858208,1,2,1,4,0
1,344.58,1,0,23,1,49,2,2,15.99,344.58,4.64043183005398,2,0,6,3,0
1,37.62,1,0,61,0,14,2,0,6.49,37.62,17.2514619883041,0,3,2,1,0
3,58.11,1,0,68,0,48,3,0,44.02,58.11,75.7528824642919,0,3,1,6,1
4,474.71,1,1,48,0,80,0,2,25.61,474.71,5.39487265909713,2,2,9,2,0
2,459.06,1,1,59,0,61,0,0,34.49,459.06,7.51317910512787,2,2,1,3,0
4,381.45,2,1,39,0,64,3,0,32.09,762.9,8.41263599423254,2,1,10,0,0
2,60.59,1,0,49,1,40,2,2,5.79,60.59,9.55603234857237,0,2,4,3,0
3,188.44,1,0,58,0,19,0,1,2.72,188.44,1.44343026958183,1,2,9,2,0
3,217.78,5,0,57,0,65,1,1,10.55,1088.9,4.84433832307834,1,2,2,1,0
4,372.92,4,1,42,0,5,1,1,19.74,1491.68,5.2933605062748,2,2,5,3,0
1,161.82,2,0,36,1,74,0,2,25.38,323.64,15.6840934371524,0,1,5,2,0
3,478.15,1,1,42,1,54,2,0,38.14,478.15,7.97657638816271,2,2,12,0,0
0,155.72,2,0,20,0,91,1,1,34.49,311.44,22.148728487028,0,0,4,1,0
0,485.83,2,1,65,1,7,0,1,43.9,971.66,9.03608258032645,2,3,1,6,1
4,382.05,2,1,42,1,57,0,1,46.24,764.1,12.1031278628452,2,2,9,5,1
1,433.89,4,1,50,0,68,0,2,19.66,1735.56,4.53110235313098,2,2,8,6,1
1,320.47,1,1,18,0,49,2,1,41.04,320.47,12.8061909071052,1,0,4,2,0
3,484.53,4,1,40,0,7,2,1,18.3,1938.12,3.77685592223392,2,1,7,6,1
2,236.61,3,1,63,1,60,1,0,43.7,709.83,18.4692109378302,1,3,11,4,0
2,61.72,4,0,69,0,41,1,0,32.45,246.88,52.5761503564485,0,3,4,2,0
1,43.41,1,0,60,0,78,0,2,11.29,43.41,26.0078322967058,0,2,2,0,0
4,92.03,1,0,67,0,57,2,2,44.51,92.03,48.3646636966207,0,3,11,3,0
4,46.99,3,0,19,0,19,3,0,40.73,140.97,86.6780165992764,0,0,9,5,1
0,153.99,1,0,58,1,37,0,2,49.3,153.99,32.015065913371,0,2,3,6,1
1,313.5,2,1,18,0,5,2,1,34.52,627,11.0111642743222,1,0,12,3,0
2,261.76,2,0,19,1,19,2,0,27.42,523.52,10.4752444987775,1,0,8,6,1
0,53.01,1,0,22,0,28,3,1,33.14,53.01,62.5165063195624,0,0,3,3,0
4,144.5,3,0,66,0,85,0,2,33.87,433.5,23.439446366782,0,3,7,3,0
0,292.09,3,0,34,0,7,3,1,10.71,876.27,3.66667807867438,1,1,12,1,0
0,380.27,4,0,52,1,99,0,1,18.35,1521.08,4.82551871038999,2,2,6,6,1
0,283.02,4,0,37,0,3,3,2,7.81,1132.08,2.75952229524415,1,1,11,4,0
2,109.35,2,0,57,0,10,3,1,48.88,218.7,44.7005029721079,0,2,4,6,1
2,194.94,4,1,20,1,30,2,1,46.84,779.76,24.0279060223659,1,0,7,0,0
0,32.3,4,0,53,0,8,3,1,13.64,129.2,42.2291021671827,0,2,9,0,0
1,196.82,4,0,23,0,89,3,0,11.59,787.28,5.88862920434915,1,0,4,0,0
2,142.71,5,1,22,0,56,1,1,35.09,713.55,24.588325975755,0,0,6,5,1
2,194.46,4,0,45,0,18,2,2,15.04,777.84,7.73423840378484,1,2,12,6,1
0,356.01,1,0,57,1,98,2,1,34.81,356.01,9.77781522990927,2,2,5,1,0
3,272.12,2,0,37,1,1,2,2,25.73,544.24,9.45538732911951,1,1,7,5,1
3,432.81,3,1,30,0,63,2,1,38.73,1298.43,8.94849934151244,2,1,7,3,0
3,155.67,1,0,46,1,88,1,0,22.42,155.67,14.4022611935505,0,2,9,2,0
1,87.84,3,0,63,0,50,1,0,20.11,263.52,22.893897996357,0,3,10,3,0
1,260.39,1,0,26,1,47,1,2,14.64,260.39,5.62233572717846,1,1,4,0,0
3,156.36,4,0,31,1,80,1,0,33.1,625.44,21.1690969557432,0,1,3,4,0
2,450.14,5,1,66,1,43,0,2,21.01,2250.7,4.6674367974408,2,3,1,0,0
2,247.05,5,0,58,0,37,3,1,9.37,1235.25,3.79275450313702,1,2,11,4,0
2,323.23,1,0,33,1,10,1,1,2.29,323.23,0.708473842155741,1,1,3,3,0
0,12.69,2,0,51,1,37,2,1,27.05,25.38,213.159968479118,0,2,5,1,0
1,92.05,4,0,18,1,35,1,2,24.36,368.2,26.4638783269962,0,0,12,1,0
0,269.79,5,1,53,1,62,0,2,47.63,1348.95,17.6544719967382,1,2,11,4,0
2,356.87,3,0,19,0,94,2,0,21.1,1070.61,5.91251716311262,2,0,6,0,0
3,174.9,2,0,44,0,19,1,0,17.66,349.8,10.0971983990852,1,2,9,6,1
0,52.98,3,0,32,1,47,3,0,36.71,158.94,69.2902982257456,0,1,7,2,0
3,261.88,5,1,51,0,55,1,2,43.13,1309.4,16.4693752863907,1,2,9,4,0
2,109.49,5,1,39,1,60,2,1,34.88,547.45,31.8567905744817,0,1,6,4,0
0,273.69,2,0,21,1,53,3,1,5.63,547.38,2.05707186963353,1,0,4,0,0
0,324.24,1,1,29,1,6,2,1,45.92,324.24,14.1623488773748,1,1,11,1,0
3,78.91,4,0,39,1,47,2,0,40.79,315.64,51.6918007857052,0,1,8,3,0
2,350.87,1,1,45,0,36,1,0,41.54,350.87,11.8391427024254,2,2,12,5,1
3,6.13,3,0,30,0,15,1,1,3.82,18.39,62.3164763458401,0,1,1,4,0
0,262.81,4,0,29,1,19,0,2,0.72,1051.24,0.273962177999315,1,1,5,3,0
3,352.25,1,0,56,1,23,3,2,14.37,352.25,4.07948899929028,2,2,9,0,0
0,207.84,1,0,42,0,84,1,1,37.08,207.84,17.8406466512702,1,2,9,2,0
1,352.69,3,1,51,0,2,0,2,40.84,1058.07,11.579574130256,2,2,3,1,0
2,97.5,1,0,49,1,80,1,1,25.51,97.5,26.1641025641026,0,2,11,2,0
0,256.51,2,0,47,0,52,3,2,16.7,513.02,6.51046742817044,1,2,6,2,0
3,112.64,3,0,40,1,12,1,2,49.94,337.92,44.3359375,0,1,2,2,0
3,397.91,2,1,69,1,44,0,0,22.78,795.82,5.72491266869393,2,3,4,6,1
1,285.58,3,1,54,1,69,1,1,33.96,856.74,11.891589046852,1,2,3,0,0
2,281.85,3,0,27,1,26,3,1,4.73,845.55,1.67819762284903,1,1,2,0,0
3,183.7,4,0,65,0,77,3,0,11.88,734.8,6.46706586826347,1,3,5,2,0
4,173.86,3,0,49,1,89,2,1,5.37,521.58,3.08869205107558,1,2,4,2,0
0,408.11,3,1,31,0,47,2,0,16.78,1224.33,4.1116365685722,2,1,12,6,1
2,42.85,3,0,64,0,26,1,0,43.59,128.55,101.726954492415,0,3,9,1,0
2,394.27,4,1,61,1,22,1,0,43.15,1577.08,10.9442767646537,2,3,4,1,0
3,466.55,3,1,53,0,87,3,2,23.14,1399.65,4.95981138141678,2,2,1,2,0
0,245.69,2,0,44,1,36,1,2,14.36,491.38,5.8447637266474,1,2,5,2,0
4,80.09,2,0,24,1,15,1,2,19.19,160.18,23.960544387564,0,0,8,1,0
1,33.12,1,0,25,0,13,0,0,38.92,33.12,117.512077294686,0,0,11,6,1
2,346.14,1,0,49,1,84,2,2,34.39,346.14,9.9352863003409,2,2,3,3,0
2,110.07,3,0,57,1,18,1,2,17.5,330.21,15.898973380576,0,2,2,5,1
0,320.5,2,0,26,1,94,2,0,16.03,641,5.0015600624025,1,1,4,6,1
4,176.25,3,1,69,0,8,0,1,43.3,528.75,24.5673758865248,1,3,9,6,1
1,345.12,3,0,29,0,86,0,1,10.88,1035.36,3.15252665739453,2,1,3,2,0
2,78.55,4,0,63,0,90,0,1,23.92,314.2,30.4519414385742,0,3,10,5,1
1,43.29,5,0,43,0,15,3,0,26.36,216.45,60.8916608916609,0,2,6,6,1
0,402.19,1,1,40,0,98,1,2,35.21,402.19,8.75456873616947,2,1,8,0,0
3,87.09,4,0,28,1,33,0,0,27.39,348.36,31.4502239063038,0,1,3,6,1
4,292.57,5,0,49,1,54,1,1,14.95,1462.85,5.10988823187613,1,2,3,6,1
4,113.84,4,0,34,1,79,3,2,2.48,455.36,2.17849613492621,0,1,11,2,0
2,196.78,5,0,30,1,55,0,2,2.94,983.9,1.49405427380831,1,1,11,0,0
4,126.29,3,0,29,1,70,3,1,41.04,378.87,32.4966347295906,0,1,10,1,0
1,102.78,5,0,34,0,54,1,1,22.73,513.9,22.115197509243,0,1,1,4,0
1,105.12,2,0,44,0,8,3,0,20.51,210.24,19.5110350076104,0,2,3,5,1
0,126.6,5,1,56,1,22,2,1,41.84,633,33.0489731437599,0,2,5,4,0
3,282.1,2,0,22,1,65,3,0,15.19,564.2,5.38461538461538,1,0,7,3,0
1,339.72,1,1,68,0,80,0,1,46.41,339.72,13.6612504415401,2,3,4,5,1
1,111.95,1,0,69,1,58,1,1,9.22,111.95,8.2358195623046,0,3,5,4,0
1,126.87,2,0,20,0,77,3,1,3.17,253.74,2.49862063529597,0,0,1,2,0
1,376.59,5,1,57,1,18,3,0,48.1,1882.95,12.7725112190977,2,2,2,3,0
4,74.95,4,0,32,1,2,1,1,30.79,299.8,41.0807204803202,0,1,1,5,1
0,292.89,4,0,55,0,2,3,2,16.02,1171.56,5.4696302366076,1,2,12,3,0
4,408.6,5,1,46,0,10,2,1,3.42,2043,0.837004405286344,2,2,5,6,1
2,94.1,1,0,64,1,98,1,1,26.39,94.1,28.0446333687566,0,3,10,0,0
3,205.71,1,0,23,0,86,0,0,19.49,205.71,9.47450294103349,1,0,2,4,0
4,264.5,1,0,51,0,98,0,2,33.32,264.5,12.5973534971645,1,2,1,4,0
1,169.03,4,0,65,0,30,0,0,7.44,676.12,4.40158551736378,0,3,1,3,0
2,177.43,4,0,59,1,83,0,0,14.97,709.72,8.43713013582821,1,2,11,0,0
0,236.93,2,0,39,1,4,1,2,20.19,473.86,8.52150424175917,1,1,9,3,0
0,88.77,1,0,43,1,88,2,2,15.63,88.77,17.6072997634336,0,2,9,5,1
1,35.3,2,0,23,0,63,1,2,16.9,70.6,47.8753541076487,0,0,1,2,0
3,242.63,3,0,64,1,20,0,2,34.26,727.89,14.1202654247208,1,3,3,3,0
2,333.82,3,0,60,1,56,3,2,11.07,1001.46,3.31615840872326,1,2,2,3,0
0,177.72,4,0,62,1,52,1,0,27.13,710.88,15.2655863155526,1,3,10,6,1
4,278.55,5,1,37,1,35,0,2,41.8,1392.75,15.0062825345539,1,1,10,2,0
3,386.04,5,1,62,0,15,0,1,9.95,1930.2,2.57745311366698,2,3,3,4,0
3,341.8,5,0,31,1,48,2,2,2.35,1709,0.687536571094207,2,1,1,3,0
1,113.43,2,0,21,0,67,0,2,9.03,226.86,7.96085691615975,0,0,11,6,1
1,431.77,4,1,37,0,39,2,0,29.52,1727.08,6.83697338860968,2,1,10,2,0
1,75.19,5,0,38,0,18,3,2,7.12,375.95,9.46934432770315,0,1,9,0,0
1,169.35,4,0,55,0,99,2,1,13.61,677.4,8.0366105698258,0,2,11,0,0
0,390.77,3,1,60,1,95,1,2,46.3,1172.31,11.8484018732247,2,2,6,5,1
3,178.69,3,0,29,1,61,1,2,24.08,536.07,13.4758520342493,1,1,8,6,1
3,380.17,1,1,19,0,54,2,0,22.74,380.17,5.98153457663677,2,0,10,6,1
2,301.51,1,0,48,0,46,3,2,26.35,301.51,8.73934529534676,1,2,8,4,0
4,144.46,5,0,25,1,25,1,1,8.64,722.3,5.98089436522221,0,0,4,5,1
4,424.67,4,1,69,0,75,0,0,32.29,1698.68,7.60355099253538,2,3,8,5,1
1,480.42,1,0,23,0,0,2,2,9.2,480.42,1.91499104949836,2,0,4,0,0
0,20.61,3,0,41,0,33,1,0,21.57,61.83,104.657933042213,0,2,5,6,1
1,363.42,4,1,54,0,18,2,2,39.19,1453.68,10.7836662814375,2,2,8,0,0
2,49,3,0,65,1,68,1,2,31.71,147,64.7142857142857,0,3,6,1,0
3,337.81,3,0,54,1,72,0,2,3.92,1013.43,1.16041561824694,2,2,10,3,0
3,268.8,1,0,34,1,12,0,0,21.99,268.8,8.18080357142857,1,1,6,5,1
2,473.97,3,1,68,0,2,2,1,17.87,1421.91,3.77028081946115,2,3,9,3,0
1,207.44,4,1,35,0,15,0,2,44.66,829.76,21.529116853066,1,1,10,3,0
3,462.04,4,1,50,1,74,3,0,40.52,1848.16,8.76980348021816,2,2,8,1,0
2,139.61,2,0,53,1,52,1,2,45.81,279.22,32.812835756751,0,2,1,0,0
4,287.79,3,0,32,0,65,3,1,38.93,863.37,13.527224712464,1,1,6,4,0
2,15.79,1,0,41,1,2,1,0,43.17,15.79,273.400886637112,0,2,5,0,0
2,472.83,5,1,18,1,1,2,1,17.2,2364.15,3.63767104456147,2,0,7,1,0
2,419.81,2,0,49,0,33,0,1,7.98,839.62,1.9008599128177,2,2,10,2,0
2,483.19,3,1,23,1,22,2,1,4.91,1449.57,1.01616341397794,2,0,7,3,0
0,14.63,3,0,49,1,0,2,0,43.56,43.89,297.744360902256,0,2,5,4,0
1,359.4,3,0,64,0,35,1,0,8.38,1078.2,2.33166388425153,2,3,7,0,0
3,32.09,5,1,32,0,99,1,1,40.02,160.45,124.711748208165,0,1,1,2,0
0,273.79,5,1,65,1,53,2,0,45.29,1368.95,16.541875159794,1,3,1,0,0
3,361.26,2,0,57,0,17,0,1,3.63,722.52,1.00481647566849,2,2,5,5,1
1,122.03,2,0,60,1,44,3,2,24.94,244.06,20.4375973121364,0,2,9,2,0
4,334,4,1,64,0,69,3,1,46.56,1336,13.940119760479,1,3,6,1,0
3,98.28,5,0,30,0,83,2,2,13,491.4,13.2275132275132,0,1,11,6,1
4,406.11,5,1,63,0,44,2,1,16.67,2030.55,4.10479919233705,2,3,4,3,0
3,283.71,1,0,53,1,0,1,1,20.46,283.71,7.21158929893201,1,2,8,0,0
3,173.25,5,0,39,0,24,1,1,20.85,866.25,12.034632034632,1,1,8,2,0
4,104.68,3,0,59,0,53,0,2,32.09,314.04,30.6553305311425,0,2,9,1,0
3,52.93,5,0,39,0,86,1,0,35.81,264.65,67.6553939164935,0,1,8,2,0
3,58.72,5,0,65,1,10,3,1,17.25,293.6,29.3767029972752,0,3,5,4,0
1,405.99,2,1,23,1,57,1,2,1.06,811.98,0.261090174634843,2,0,5,1,0
3,150.65,5,0,34,1,4,1,1,18.36,753.25,12.1871888483239,0,1,8,1,0
1,457.37,4,1,40,0,7,2,1,45.26,1829.48,9.89570807005269,2,1,9,1,0
4,400.6,3,0,52,1,3,1,2,3.81,1201.8,0.951073389915127,2,2,8,5,1
1,438.4,2,1,59,1,16,2,2,33.48,876.8,7.63686131386861,2,2,8,6,1
1,99.03,2,0,21,0,66,0,0,26.49,198.06,26.7494698576189,0,0,5,6,1
4,241.75,5,0,43,1,57,3,2,12.89,1208.75,5.33195449844881,1,2,6,6,1
4,198.75,2,0,65,0,15,2,0,28.58,397.5,14.3798742138365,1,3,10,5,1
2,299.3,5,0,50,1,61,0,1,8.09,1496.5,2.70297360507852,1,2,11,4,0
0,171.07,1,0,57,1,91,1,0,0.16,171.07,0.0935289647512714,0,2,5,2,0
2,200.42,1,0,35,1,95,2,1,22.33,200.42,11.1416026344676,1,1,3,4,0
2,425.54,4,1,48,0,40,3,2,21.26,1702.16,4.99600507590356,2,2,3,4,0
3,276.67,5,0,56,0,44,0,2,26.5,1383.35,9.57819785303792,1,2,3,0,0
3,178.03,1,0,28,1,38,2,1,30.25,178.03,16.9915182834354,1,1,9,5,1
2,340.35,4,1,30,0,25,3,1,48.69,1361.4,14.3058616130454,2,1,8,3,0
0,288.95,2,0,46,1,32,0,2,20.06,577.9,6.94237757397474,1,2,5,4,0
4,40.84,3,0,70,0,84,2,1,12.53,122.52,30.6807051909892,0,3,6,0,0
0,139.66,1,0,40,0,71,3,0,39.16,139.66,28.0395245596449,0,1,8,0,0
1,351.48,2,0,64,0,74,3,0,6.3,702.96,1.79242062137248,2,3,10,0,0
3,308.12,4,1,28,0,91,2,2,44.56,1232.48,14.4618979618331,1,1,11,6,1
4,437.18,2,0,19,1,61,3,0,5.65,874.36,1.29237385058786,2,0,6,1,0
1,388.91,2,0,46,0,54,0,0,1.68,777.82,0.431976549844437,2,2,11,6,1
3,30.34,5,0,45,0,76,1,1,32.45,151.7,106.954515491101,0,2,3,0,0
3,486.59,4,0,25,0,54,3,1,2.28,1946.36,0.468566966028895,2,0,5,1,0
4,273.17,5,1,60,0,33,0,2,44.73,1365.85,16.3744188600505,1,2,10,0,0
3,241.71,3,0,39,1,11,0,2,8.02,725.13,3.31802573331679,1,1,4,5,1
3,467.31,4,1,28,1,70,3,0,26.22,1869.24,5.61083648969635,2,1,9,6,1
3,350.26,1,0,30,1,82,3,1,19.99,350.26,5.70718894535488,2,1,5,6,1
1,317.66,5,1,60,1,72,1,0,8.11,1588.3,2.55304413523894,1,2,2,4,0
3,211.87,3,0,33,1,37,1,0,10.57,635.61,4.98890829282107,1,1,9,0,0
1,315.55,4,0,37,0,36,0,0,9.58,1262.2,3.0359689431152,1,1,9,0,0
1,288.92,2,1,18,1,61,1,2,36.01,577.84,12.4636577599335,1,0,9,4,0
2,372.89,5,1,22,1,70,0,2,34.58,1864.45,9.27351229585132,2,0,7,1,0
2,210.83,3,0,32,0,61,1,2,27.66,632.49,13.1195750130437,1,1,9,5,1
3,135.71,2,0,62,0,52,1,2,10.13,271.42,7.46444624567092,0,3,1,2,0
4,372.64,4,0,55,0,7,3,0,9.44,1490.56,2.53327608415629,2,2,6,0,0
0,57.64,4,0,61,0,1,1,1,6.62,230.56,11.4850798056905,0,3,7,1,0
3,282.56,3,1,62,0,53,3,0,37.27,847.68,13.1901189127973,1,3,10,0,0
1,383.74,1,1,36,0,6,3,1,27.4,383.74,7.14025121175796,2,1,2,2,0
0,34.63,2,0,62,1,74,2,0,17.31,69.26,49.985561651747,0,3,10,2,0
0,250.15,2,0,22,1,6,1,0,21.72,500.3,8.68279032580452,1,0,7,0,0
2,392.09,4,1,27,0,48,3,0,23.3,1568.36,5.94251319850035,2,1,7,5,1
2,303.61,4,0,57,1,51,3,1,15.01,1214.44,4.9438424294325,1,2,11,6,1
2,76.78,3,0,43,0,4,0,2,45.7,230.34,59.5207085178432,0,2,9,1,0
3,411.7,5,1,26,1,19,1,2,8.25,2058.5,2.00388632499393,2,1,2,6,1
2,46.15,4,0,45,1,13,0,1,29.55,184.6,64.0303358613218,0,2,6,2,0
1,156.03,2,1,56,0,66,2,0,48.48,312.06,31.0709478946356,0,2,5,6,1
0,378.57,5,1,41,0,27,1,0,30.85,1892.85,8.14908735504662,2,2,10,3,0
1,241.92,4,1,41,1,93,2,1,31.08,967.68,12.8472222222222,1,2,7,2,0
2,27.8,1,0,70,0,7,0,2,12.3,27.8,44.2446043165468,0,3,9,0,0
2,296.91,4,0,27,1,89,2,2,3.27,1187.64,1.10134384156815,1,1,2,6,1
0,495.08,3,1,29,0,3,2,2,47.18,1485.24,9.5297729659853,2,1,5,6,1
4,245.24,1,0,29,1,79,3,2,16.56,245.24,6.75256891208612,1,1,8,4,0
1,76.09,4,0,69,0,14,3,1,3.74,304.36,4.91523196215009,0,3,1,1,0
1,245.37,3,1,33,0,44,3,1,23.04,736.11,9.38990096588825,1,1,7,1,0
4,236.57,2,0,48,1,33,2,1,9.92,473.14,4.1932620366065,1,2,6,6,1
0,171.19,3,0,42,0,19,3,1,48.43,513.57,28.2902038670483,0,2,4,5,1
4,265.48,5,1,37,0,78,2,2,33.29,1327.4,12.5395510019587,1,1,12,5,1
1,420.32,1,0,41,1,54,0,1,8.32,420.32,1.97944423296536,2,2,1,6,1
1,120.36,5,0,21,0,84,0,1,5.14,601.8,4.27052176802925,0,0,5,5,1
3,137.85,2,0,51,1,51,2,2,1.96,275.7,1.42183532825535,0,2,11,6,1
4,112.36,2,0,41,0,3,1,2,5.58,224.72,4.96618013527946,0,2,9,1,0
3,41.23,2,0,58,1,8,1,2,38.44,82.46,93.2330827067669,0,2,2,2,0
2,376.48,1,0,33,1,23,2,1,13.72,376.48,3.64428389290268,2,1,9,6,1
1,203.59,5,1,59,1,32,0,0,29.43,1017.95,14.455523355764,1,2,12,6,1
2,176.06,5,0,21,1,58,2,1,6.38,880.3,3.62376462569579,1,0,5,4,0
3,321.62,2,0,51,0,41,0,2,17.65,643.24,5.48784279584603,1,2,6,3,0
4,355.97,3,1,25,0,25,0,0,36.18,1067.91,10.1637778464477,2,0,9,6,1
0,319.36,2,1,40,1,66,2,1,42.22,638.72,13.2201903807615,1,1,7,3,0
1,462.63,1,1,63,0,30,1,1,25.08,462.63,5.42117891187342,2,3,1,4,0
4,470.55,4,1,64,1,10,3,2,46.75,1882.2,9.93518223355648,2,3,2,3,0
0,179.45,4,0,37,0,41,3,0,22.65,717.8,12.6219002507662,1,1,1,1,0
4,242.07,5,0,53,0,71,2,1,33.45,1210.35,13.8183170157393,1,2,1,2,0
1,223.35,5,0,49,1,30,3,0,6.45,1116.75,2.88784419073204,1,2,10,1,0
1,396.54,4,1,63,0,88,2,2,37.87,1586.16,9.5501084379886,2,3,5,6,1
0,494.86,3,1,47,1,19,0,0,48.76,1484.58,9.8532918401164,2,2,6,0,0
2,395.35,2,1,63,0,58,2,0,23.57,790.7,5.96180599468825,2,3,6,4,0
2,206.22,3,0,34,0,55,2,1,5.48,618.66,2.65735622151101,1,1,7,5,1
3,351.43,4,1,19,0,99,1,0,49.98,1405.72,14.2218934069374,2,0,7,3,0
4,425.13,4,1,70,0,65,0,0,41.3,1700.52,9.71467551102016,2,3,9,5,1
1,93.72,5,0,36,0,59,1,0,38.56,468.6,41.1438326931285,0,1,8,4,0
0,476.02,4,1,70,1,81,3,0,25.92,1904.08,5.44514936347212,2,3,10,6,1
3,147.25,4,0,69,1,98,0,0,34.95,589,23.7351443123939,0,3,8,3,0
3,196.54,3,1,37,0,94,1,2,47.3,589.62,24.0663478172382,1,1,10,4,0
2,421.87,2,1,22,0,20,3,0,22.76,843.74,5.39502690402257,2,0,2,3,0
3,433.82,4,1,64,1,73,3,2,39.21,1735.28,9.03831082015583,2,3,6,5,1
2,197.96,2,0,33,0,66,2,2,4.46,395.92,2.25298040008082,1,1,1,6,1
1,290,4,0,35,0,32,2,2,3.93,1160,1.3551724137931,1,1,10,3,0
1,206.65,1,0,50,1,14,1,0,24.61,206.65,11.9090249213646,1,2,4,3,0
4,496.1,2,1,45,0,80,2,2,15.37,992.2,3.09816569240073,2,2,9,1,0
1,208.98,4,0,20,1,31,2,2,18.97,835.92,9.07742367690688,1,0,11,5,1
4,460.37,1,1,48,1,0,0,0,28.7,460.37,6.23411603710059,2,2,6,3,0
0,472.66,1,0,46,1,5,3,0,6.25,472.66,1.32230355858334,2,2,10,4,0
0,198.62,5,0,38,1,18,2,1,21.09,993.1,10.618266035646,1,1,7,5,1
3,326.21,1,0,38,0,59,1,1,23.89,326.21,7.32350326476809,1,1,4,0,0
4,18.83,4,0,18,1,73,1,2,17.18,75.32,91.2373871481678,0,0,12,4,0
1,99.76,5,0,31,1,26,3,0,6.9,498.8,6.91659983961508,0,1,4,2,0
3,168.67,3,1,23,0,70,2,0,43.55,506.01,25.8196478330468,0,0,1,0,0
2,392.73,4,1,62,0,96,2,2,35.8,1570.92,9.1156774374252,2,3,3,2,0
1,382.82,1,1,56,1,42,2,2,38.54,382.82,10.0673945979834,2,2,10,5,1
4,297.19,4,0,58,0,49,3,2,8.7,1188.76,2.92742016891551,1,2,12,6,1
0,111.21,2,0,28,1,1,1,1,45.85,222.42,41.2283068069418,0,1,8,6,1
2,285.17,2,0,18,0,16,1,1,22.61,570.34,7.9286039906021,1,0,3,4,0
1,103.78,5,0,58,1,77,2,1,11.33,518.9,10.9173251108113,0,2,6,6,1
3,391.55,5,1,50,0,15,3,1,38.75,1957.75,9.89656493423573,2,2,8,4,0
3,52.62,2,0,40,0,88,1,1,23.45,105.24,44.5648042569365,0,1,6,2,0
2,232.7,4,1,60,0,83,3,0,38.02,930.8,16.3386334336055,1,2,4,0,0
3,370.11,5,1,31,1,35,0,2,19.3,1850.55,5.21466591013483,2,1,2,5,1
0,128.51,1,0,46,0,78,0,2,9.81,128.51,7.63364718698934,0,2,1,1,0
2,232.96,4,0,65,1,81,2,0,13.56,931.84,5.82074175824176,1,3,5,0,0
4,305.12,1,0,42,0,97,1,2,29.73,305.12,9.74370739381227,1,2,4,0,0
4,288.32,2,0,69,0,0,1,1,21.73,576.64,7.53676470588235,1,3,5,4,0
0,119.14,2,0,63,1,63,1,1,32.72,238.28,27.4634883330536,0,3,11,0,0
0,88.25,2,0,53,1,87,1,1,31.71,176.5,35.9320113314448,0,2,12,1,0
1,113.53,3,0,57,1,44,1,0,15.94,340.59,14.0403417598873,0,2,7,4,0
1,11.36,2,0,50,1,14,0,2,19.49,22.72,171.566901408451,0,2,2,4,0
1,356.94,4,0,35,1,73,2,1,16.04,1427.76,4.49375245139239,2,1,4,6,1
4,469.84,4,1,50,1,83,0,0,7.4,1879.36,1.57500425676826,2,2,7,1,0
3,140.84,2,0,45,1,50,0,0,24.06,281.68,17.0832149957398,0,2,4,3,0
2,378,4,1,53,1,41,0,0,29.15,1512,7.71164021164021,2,2,9,4,0
2,413.75,4,1,38,1,65,3,0,26.11,1655,6.31057401812689,2,1,12,3,0
1,212.4,2,0,34,1,40,0,0,34.82,424.8,16.3935969868173,1,1,11,5,1
1,390.06,1,0,70,0,35,3,2,12.64,390.06,3.24052709839512,2,3,4,1,0
2,232.07,5,1,46,0,78,1,0,44.22,1160.35,19.0545955961563,1,2,12,2,0
3,341.2,5,1,65,0,2,3,1,27.6,1706,8.08909730363423,2,3,7,6,1
3,58.17,4,0,68,0,15,2,2,23.21,232.68,39.9002922468627,0,3,11,6,1
4,215.05,1,0,46,1,59,0,0,34.22,215.05,15.9125784701232,1,2,11,3,0
1,346.56,3,1,54,0,89,1,2,44.66,1039.68,12.8866574330563,2,2,8,4,0
2,152.72,3,0,55,0,68,1,1,3.14,458.16,2.05605028810896,0,2,11,4,0
4,179.5,4,0,44,1,58,2,2,19.14,718,10.6629526462396,1,2,7,1,0
3,54.62,2,0,28,1,35,2,1,8.77,109.24,16.0563896008788,0,1,4,1,0
0,148.07,5,1,21,1,52,3,2,27.51,740.35,18.5790504491119,0,0,1,3,0
3,435.33,5,1,34,1,97,2,2,21.48,2176.65,4.93418785748742,2,1,9,5,1
4,119.25,4,0,26,0,3,1,0,16.95,477,14.2138364779874,0,1,8,6,1
3,220.43,5,1,47,0,40,1,2,41.59,1102.15,18.8676677403257,1,2,1,4,0
4,82.29,3,0,48,1,88,1,0,39.28,246.87,47.7336249848098,0,2,12,3,0
1,136.76,1,0,47,1,14,1,0,15.08,136.76,11.0266159695818,0,2,3,2,0
0,165.08,3,1,66,1,15,3,1,44.37,495.24,26.8778773927793,0,3,5,2,0
0,31.16,2,0,22,0,13,2,2,38.87,62.32,124.743260590501,0,0,3,6,1
0,443.86,5,1,51,0,74,3,2,8.04,2219.3,1.81138196728698,2,2,6,4,0
0,188.52,1,0,37,1,77,1,2,36.21,188.52,19.2075111394017,1,1,1,2,0
4,234.24,4,0,27,1,29,0,2,20.53,936.96,8.76451502732241,1,1,2,3,0
1,374.71,4,1,35,0,22,0,2,9.24,1498.84,2.4659069680553,2,1,7,6,1
3,387.52,5,1,43,1,39,1,0,2.76,1937.6,0.712221304706854,2,2,6,4,0
2,176.98,1,0,60,0,80,3,2,18.19,176.98,10.2779975138434,1,2,10,0,0
3,129.92,1,0,18,1,71,2,0,23.12,129.92,17.7955665024631,0,0,5,0,0
3,334.68,2,0,24,0,20,0,2,20.1,669.36,6.00573682323414,1,0,3,5,1
3,291.88,1,0,55,0,97,2,0,31.04,291.88,10.6345073317802,1,2,5,2,0
2,77.18,2,0,54,0,49,3,2,43.39,154.36,56.2192277792174,0,2,12,0,0
2,252.79,4,0,32,0,35,1,2,6.12,1011.16,2.42098184263618,1,1,12,5,1
4,315.87,1,1,47,1,83,0,1,44.93,315.87,14.2242061607623,1,2,10,6,1
4,313.85,3,1,51,1,67,1,2,41.45,941.55,13.2069459933089,1,2,5,0,0
3,287.72,3,0,62,1,83,2,1,10.06,863.16,3.4964548866954,1,3,11,5,1
4,198.01,4,0,42,1,24,3,0,28.72,792.04,14.5043179637392,1,2,7,1,0
0,144.15,3,1,44,1,96,3,0,43.34,432.45,30.0659035726674,0,2,7,2,0
0,180.3,2,0,32,0,43,1,1,14.14,360.6,7.84248474764282,1,1,5,2,0
1,393.6,2,1,33,0,33,2,0,30.35,787.2,7.71087398373984,2,1,10,6,1
2,424.16,1,1,42,0,74,3,1,33.16,424.16,7.81780460203697,2,2,10,6,1
1,434.66,1,1,56,1,96,0,2,32.69,434.66,7.52082087148576,2,2,12,2,0
4,115.99,2,0,42,0,9,2,1,30.21,231.98,26.0453487369601,0,2,9,6,1
2,378.2,4,1,67,1,9,0,1,26.54,1512.8,7.0174510840825,2,3,7,1,0
3,492.41,4,1,26,1,42,0,2,44.88,1969.64,9.11435592290977,2,1,5,6,1
4,385.38,3,1,21,0,24,1,0,44.17,1156.14,11.4614147075614,2,0,12,1,0
1,75.38,4,1,25,0,80,3,0,42.59,301.52,56.50039798355,0,0,6,0,0
4,372.54,4,0,63,1,80,0,2,13.74,1490.16,3.68819455628926,2,3,8,5,1
0,351.19,3,0,63,1,3,3,1,5.5,1053.57,1.56610381844586,2,3,5,4,0
2,169.66,3,0,53,0,33,1,1,17.12,508.98,10.0907697748438,0,2,6,2,0
1,412.72,5,1,21,0,0,2,1,9.97,2063.6,2.41568133359178,2,0,9,4,0
4,317.47,1,0,32,1,10,2,2,34.39,317.47,10.832519608152,1,1,8,1,0
0,258.51,5,0,28,1,11,1,0,22.74,1292.55,8.79656492978995,1,1,12,4,0
1,142.08,2,0,24,1,16,1,0,26.87,284.16,18.9118806306306,0,0,2,4,0
3,284.67,4,0,46,1,37,1,1,29.67,1138.68,10.4225945832016,1,2,12,1,0
1,436.15,1,0,53,0,71,3,1,8.22,436.15,1.88467270434484,2,2,2,0,0
2,221.41,4,1,43,0,13,0,0,46.67,885.64,21.0785420712705,1,2,2,1,0
1,457.96,2,1,57,0,96,2,0,35.89,915.92,7.83692898943139,2,2,10,6,1
0,273.2,3,0,42,1,77,0,1,5.69,819.6,2.08272327964861,1,2,4,5,1
4,493.54,1,0,18,1,45,0,1,3.04,493.54,0.615958179681485,2,0,2,6,1
2,194.52,3,0,53,0,95,2,2,1.07,583.56,0.550071972033724,1,2,11,4,0
4,235.09,3,1,20,1,62,3,0,40.46,705.27,17.2104300480667,1,0,7,1,0
3,213.25,1,0,22,1,70,2,1,1.51,213.25,0.708089097303634,1,0,3,6,1
1,355.64,4,1,64,0,90,3,0,42.68,1422.56,12.0008997863008,2,3,6,3,0
1,243.19,4,0,38,1,13,2,0,2.44,972.76,1.00333072905958,1,1,7,2,0
4,350.02,2,0,65,1,2,1,1,13.2,700.04,3.77121307353866,2,3,9,0,0
0,69.61,2,0,50,1,37,1,0,30.48,139.22,43.7868122396207,0,2,4,3,0
3,463.96,2,1,28,0,19,3,0,8.77,927.92,1.89024915941029,2,1,4,4,0
4,299.99,3,1,63,0,94,2,1,27.99,899.97,9.33031101036701,1,3,5,0,0
1,261.97,1,1,50,1,93,1,0,32.1,261.97,12.2533114478757,1,2,3,2,0
0,276.73,4,0,59,1,66,1,0,8.91,1106.92,3.2197448776786,1,2,9,2,0
2,295.19,4,0,40,1,32,1,2,13.16,1180.76,4.45814560113825,1,1,6,2,0
1,481.75,1,1,44,0,14,3,0,33.58,481.75,6.9704203425013,2,2,6,1,0
0,426.01,1,1,40,1,31,1,1,47.56,426.01,11.1640571817563,2,1,2,3,0
3,276.4,4,1,21,0,29,3,2,46.05,1105.6,16.6606367583213,1,0,12,2,0
1,192.81,1,0,53,1,71,2,2,26.32,192.81,13.6507442560033,1,2,6,1,0
1,237.66,1,0,42,0,45,2,2,42.41,237.66,17.8448203315661,1,2,6,2,0
3,183.28,1,1,24,0,43,2,1,46.85,183.28,25.5619816673942,1,0,4,5,1
2,491.5,1,1,70,0,27,2,1,48.66,491.5,9.90030518819939,2,3,9,4,0
0,346.65,3,0,40,1,64,0,2,13.36,1039.95,3.85403144381942,2,1,9,4,0
4,75.53,2,0,28,1,69,0,1,48.52,151.06,64.2393750827486,0,1,4,1,0
4,358.99,3,1,46,1,7,3,2,38.43,1076.97,10.7050335663946,2,2,4,1,0
4,494.49,5,1,25,1,74,0,1,44.49,2472.45,8.99714857732209,2,0,12,0,0
1,158,5,0,54,1,52,1,0,22.43,790,14.1962025316456,0,2,5,2,0
3,24.7,5,1,47,1,58,0,2,31.61,123.5,127.975708502024,0,2,2,1,0
4,69,2,0,18,0,6,0,2,13.98,138,20.2608695652174,0,0,1,3,0
1,369.25,1,0,33,1,48,1,1,10.53,369.25,2.85172647257955,2,1,2,4,0
0,354.85,3,0,40,0,62,2,1,14.75,1064.55,4.1566859236297,2,1,4,5,1
2,328.89,3,0,36,1,14,1,2,2.23,986.67,0.678038249870777,1,1,10,5,1
2,128.68,2,0,43,1,6,1,1,0.29,257.36,0.22536524712465,0,2,2,5,1
3,40.85,1,0,57,1,99,3,1,28.25,40.85,69.155446756426,0,2,6,4,0
1,288.34,3,0,65,1,43,3,1,6.73,865.02,2.33405007976694,1,3,2,5,1
3,250.07,4,0,37,1,35,3,2,21.05,1000.28,8.41764305994322,1,1,10,6,1
2,62.75,1,0,60,0,48,0,0,24.25,62.75,38.6454183266932,0,2,1,6,1
2,452.87,4,1,28,1,54,3,0,33.89,1811.48,7.48338375251176,2,1,10,0,0
3,142.83,1,0,51,0,49,1,1,27.52,142.83,19.2676608555626,0,2,1,3,0
3,389.97,1,1,38,0,68,3,1,41.1,389.97,10.5392722517117,2,1,11,4,0
2,260.42,4,0,22,0,34,2,0,0.11,1041.68,0.0422394593349205,1,0,7,1,0
2,20.42,2,0,61,1,27,1,2,8.46,40.84,41.4299706170421,0,3,2,6,1
4,25.2,2,0,55,1,53,3,0,23.65,50.4,93.8492063492064,0,2,2,3,0
3,48.02,2,0,59,1,62,3,0,48.85,96.04,101.728446480633,0,2,5,5,1
4,327.96,2,0,50,0,49,1,2,15.68,655.92,4.78107086230028,1,2,4,3,0
4,48.75,1,0,32,1,47,3,1,46.3,48.75,94.974358974359,0,1,11,5,1
3,32.84,1,0,52,0,41,0,1,12.97,32.84,39.4945188794154,0,2,7,6,1
4,55.99,4,0,44,0,81,1,2,23.93,223.96,42.7397749598143,0,2,2,2,0
1,433.42,4,1,27,0,97,2,2,21.58,1733.68,4.97900419916017,2,1,4,3,0
1,244.55,4,1,55,0,34,3,0,45.57,978.2,18.6342261296258,1,2,9,3,0
0,94.28,3,0,50,0,25,2,2,46.73,282.84,49.5651251591006,0,2,9,5,1
0,67.84,5,0,55,0,76,1,1,31.82,339.2,46.9044811320755,0,2,8,1,0
1,433.95,5,1,60,0,75,2,1,4.61,2169.75,1.06233437031916,2,2,2,6,1
1,291.8,1,1,45,0,93,1,2,41.56,291.8,14.2426319396847,1,2,5,2,0
1,459.43,4,1,68,0,93,1,2,34.08,1837.72,7.41788738219098,2,3,5,1,0
4,58.26,3,0,60,1,66,2,0,40.94,174.78,70.2711980775832,0,2,12,5,1
0,182.73,3,0,46,0,52,1,2,23.04,548.19,12.6087670333279,1,2,9,5,1
4,453.72,4,1,37,1,59,1,2,33.44,1814.88,7.37018425460637,2,1,6,5,1
0,47.26,1,0,53,0,80,3,2,11.45,47.26,24.2276766821837,0,2,1,2,0
4,448.9,4,1,54,0,51,3,0,37.16,1795.6,8.27801292047226,2,2,12,5,1
0,20.06,1,0,59,1,84,2,1,18.1,20.06,90.2293120638086,0,2,9,6,1
1,299.7,4,0,58,1,7,0,2,7.07,1198.8,2.35902569235903,1,2,2,2,0
4,374.31,2,1,43,0,15,1,1,20.81,748.62,5.55956292912292,2,2,10,0,0
3,373.3,2,0,31,1,59,2,2,27.44,746.6,7.35065630859898,2,1,7,2,0
2,458.25,4,1,41,0,4,1,2,32.71,1833,7.13802509547191,2,2,9,1,0
1,168.65,5,1,52,0,17,2,0,49.09,843.25,29.1076193299733,0,2,8,4,0
4,464.64,4,1,38,1,62,1,2,11.87,1858.56,2.55466597796143,2,1,12,6,1
1,133.28,3,1,25,0,30,0,0,44.84,399.84,33.6434573829532,0,0,4,1,0
4,118.83,5,0,24,1,58,2,0,24.42,594.15,20.5503660691745,0,0,2,5,1
3,7.64,4,0,55,0,18,1,0,0.54,30.56,7.06806282722513,0,2,1,3,0
0,14.94,4,0,66,1,52,1,1,35.36,59.76,236.680053547523,0,3,6,0,0
2,300.48,2,1,19,0,57,2,1,31.08,600.96,10.3434504792332,1,0,1,4,0
3,211.56,4,1,59,1,56,1,2,27.86,846.24,13.1688409907355,1,2,7,5,1
3,488.86,4,1,36,0,5,1,1,30.25,1955.44,6.18786564660639,2,1,5,6,1
4,443.56,1,1,39,0,59,0,1,42.98,443.56,9.68978266750834,2,1,5,3,0
0,38.67,5,0,53,1,54,1,1,49.55,193.35,128.135505559866,0,2,7,0,0
1,236.04,4,1,69,1,6,1,2,45.97,944.16,19.4755126249788,1,3,1,1,0
3,278.37,4,1,38,1,84,0,2,15.41,1113.48,5.53579767934763,1,1,3,4,0
2,264.1,2,0,44,1,70,0,2,10.5,528.2,3.97576675501704,1,2,1,3,0
2,126.18,2,0,34,0,79,0,0,47.4,252.36,37.5653827864955,0,1,4,3,0
4,45.53,3,0,60,0,7,1,0,27.93,136.59,61.3441686799912,0,2,12,3,0
1,324.59,4,0,64,0,63,1,1,19.41,1298.36,5.97985150497551,1,3,12,3,0
3,179.32,2,0,70,1,31,1,2,44.79,358.64,24.9776935088111,1,3,8,5,1
4,132.48,2,0,23,1,61,2,2,15.4,264.96,11.6243961352657,0,0,6,1,0
2,417.84,5,1,24,1,96,1,1,21.23,2089.2,5.08089220754356,2,0,5,5,1
1,24.76,2,0,30,0,24,1,0,19.85,49.52,80.1696284329564,0,1,10,5,1
3,456.41,5,1,34,0,15,1,2,22.91,2282.05,5.01960956157841,2,1,6,2,0
4,234.62,4,1,49,0,78,0,1,30.46,938.48,12.9826954223851,1,2,4,2,0
2,392.44,1,1,50,1,18,3,1,44.63,392.44,11.3724390989705,2,2,8,3,0
4,102.21,1,0,51,0,97,0,2,8.48,102.21,8.29664416397613,0,2,9,3,0
2,467.17,2,1,31,1,87,0,1,41.34,934.34,8.84902712074834,2,1,6,6,1
1,222.84,2,0,69,0,64,3,1,9.21,445.68,4.13301023155627,1,3,7,6,1
0,186.89,3,0,35,1,33,1,1,11.32,560.67,6.05703889988764,1,1,1,1,0
4,81.23,5,0,60,1,79,0,2,27.07,406.15,33.3251261849071,0,2,9,4,0
2,63.16,4,1,21,1,7,2,2,49.68,252.64,78.6573780873971,0,0,1,4,0
1,110.2,4,0,48,1,77,0,2,5.84,440.8,5.2994555353902,0,2,4,6,1
3,303.84,5,0,22,0,83,3,2,6.78,1519.2,2.23143759873618,1,0,5,3,0
4,29.28,3,0,26,1,15,0,1,27.36,87.84,93.4426229508197,0,1,8,1,0
4,310.9,2,1,24,1,35,2,2,28.4,621.8,9.13477002251528,1,0,5,5,1
2,140.31,5,0,70,0,30,0,2,7.53,701.55,5.36668804789395,0,3,9,4,0
0,440.2,5,1,26,0,58,0,1,26.51,2201,6.0222626079055,2,1,11,4,0
4,391.11,4,1,60,1,97,1,2,15.69,1564.44,4.0116591240316,2,2,8,3,0
4,486.74,2,0,48,1,96,0,2,9.31,973.48,1.91272547972223,2,2,1,2,0
4,211.1,1,0,42,1,34,0,0,20.01,211.1,9.4789199431549,1,2,10,5,1
3,133.86,4,0,64,1,96,3,1,14.22,535.44,10.6230389959659,0,3,12,0,0
3,52.36,1,0,67,1,60,3,2,1.59,52.36,3.0366692131398,0,3,10,5,1
1,478.85,1,1,23,0,86,3,2,33.93,478.85,7.08572621906651,2,0,3,5,1
2,229.64,4,0,66,0,77,2,2,4.54,918.56,1.97700748998432,1,3,7,6,1
1,5.54,5,0,49,0,86,0,0,18.21,27.7,328.70036101083,0,2,11,2,0
0,412.16,3,1,28,1,69,2,2,14.9,1236.48,3.61510093167702,2,1,12,3,0
4,295.1,5,1,59,1,1,0,2,31.53,1475.5,10.6845137241613,1,2,11,4,0
0,332.42,4,0,32,1,80,3,1,10.38,1329.68,3.12255580289995,1,1,2,1,0
1,258.93,1,0,57,0,59,2,2,35.76,258.93,13.8106824238211,1,2,4,3,0
1,51.43,3,0,22,0,15,0,0,35.22,154.29,68.4814310713591,0,0,2,3,0
3,231.98,2,0,25,1,56,3,1,3.95,463.96,1.70273299422364,1,0,5,6,1
0,119.17,3,1,46,0,58,3,0,42.05,357.51,35.285726273391,0,2,4,1,0
4,204.23,5,1,63,0,34,1,1,45.22,1021.15,22.1417029819321,1,3,12,2,0
2,420.16,2,1,19,1,22,3,1,37.96,840.32,9.03465346534654,2,0,1,6,1
3,198.62,1,0,19,1,99,1,0,19.63,198.62,9.88319403886819,1,0,9,4,0
3,186.85,2,0,43,1,72,1,0,27.8,373.7,14.8782445812149,1,2,8,0,0
3,137.95,5,1,28,0,34,3,2,48.04,689.75,34.8242116708953,0,1,5,3,0
2,458.29,3,0,54,0,76,1,2,7.42,1374.87,1.6190621658775,2,2,11,1,0
0,247.12,1,0,46,1,46,1,2,33.03,247.12,13.3659760440272,1,2,8,0,0
0,416.99,1,1,69,0,94,2,2,47.88,416.99,11.4822897431593,2,3,6,4,0
1,285.57,5,1,52,0,81,1,0,41.21,1427.85,14.4307875477116,1,2,1,4,0
1,109.93,1,1,24,0,65,3,2,48.38,109.93,44.0098244337306,0,0,11,1,0
2,441.43,3,1,69,1,57,1,0,19.1,1324.29,4.32684683868337,2,3,5,5,1
2,393.32,4,1,32,1,94,2,2,35.22,1573.28,8.95454083189261,2,1,4,1,0
1,212.58,1,0,27,0,6,0,0,24.61,212.58,11.5768181390535,1,1,6,5,1
1,283.69,3,0,42,1,0,1,1,13.59,851.07,4.79044026930805,1,2,1,0,0
4,346.52,4,0,30,0,54,3,2,20.98,1386.08,6.05448458963408,2,1,5,0,0
2,52.55,3,0,50,1,13,0,1,1.84,157.65,3.50142721217888,0,2,11,4,0
1,336.97,4,1,52,0,29,0,1,14.29,1347.88,4.24073359646259,2,2,5,4,0
1,299.71,3,0,70,1,88,1,2,13.06,899.13,4.35754562743986,1,3,4,4,0
1,181.33,1,0,28,0,89,0,1,11.03,181.33,6.08283240500744,1,1,8,5,1
0,438.75,4,1,22,1,48,1,1,29.4,1755,6.7008547008547,2,0,4,2,0
3,47.45,2,0,20,1,49,2,1,19.39,94.9,40.8640674394099,0,0,3,0,0
0,456.7,5,1,55,0,4,0,1,26.49,2283.5,5.80030654696737,2,2,11,0,0
0,253.06,5,0,48,1,44,1,2,9.12,1265.3,3.60388840591164,1,2,7,4,0
1,412.52,1,0,60,0,48,2,0,11.11,412.52,2.69320275380588,2,2,3,5,1
1,183.13,5,0,68,1,20,3,2,5.84,915.65,3.18899142685524,1,3,4,6,1
4,408.37,5,1,19,1,10,0,1,5.27,2041.85,1.29049636359184,2,0,11,1,0
3,115.72,4,0,54,0,82,2,1,1.82,462.88,1.57276183892154,0,2,1,3,0
1,498.83,2,1,38,1,27,2,0,11.1,997.66,2.22520698434336,2,1,4,6,1
2,441.69,3,1,54,0,44,3,2,33.12,1325.07,7.49847177884942,2,2,1,2,0
3,397.71,4,1,39,0,32,1,0,17.38,1590.84,4.37001835508285,2,1,3,6,1
3,232.54,2,0,49,0,37,1,1,6,465.08,2.58020125569794,1,2,1,2,0
1,382.63,1,0,44,0,58,1,0,13.51,382.63,3.53082612445443,2,2,6,5,1
4,309.19,2,1,50,1,81,3,2,49.66,618.38,16.0613215175135,1,2,9,2,0
1,189.17,2,0,36,0,62,2,0,23.29,378.34,12.3116773272718,1,1,8,0,0
0,288.15,3,0,53,0,83,0,1,13.81,864.45,4.79264272080514,1,2,1,3,0
3,301.82,2,0,68,1,35,1,0,6.67,603.64,2.20992644622623,1,3,4,1,0
3,267.15,4,0,24,0,52,0,1,2.53,1068.6,0.947033501778027,1,0,8,2,0
3,18.65,5,0,35,0,48,2,1,0.3,93.25,1.60857908847185,0,1,12,5,1
3,54.31,5,0,38,1,85,2,1,14.46,271.55,26.6249309519426,0,1,3,0,0
0,247.49,1,0,48,0,74,3,0,31.78,247.49,12.8409228655703,1,2,5,5,1
1,204.44,5,1,33,1,37,1,0,40.13,1022.2,19.6292310702407,1,1,9,3,0
4,138.13,5,0,64,0,61,3,2,5.21,690.65,3.77180916527909,0,3,12,5,1
4,403.55,5,0,46,0,85,1,0,1.2,2017.75,0.297360921818858,2,2,6,6,1
3,208.41,2,0,62,1,82,2,1,1.97,416.82,0.945252147209827,1,3,1,0,0
4,298,1,0,38,0,33,0,0,4.05,298,1.35906040268456,1,1,9,0,0
4,392.46,5,1,32,0,32,0,0,32.2,1962.3,8.20465779952097,2,1,5,3,0
1,204.32,5,1,32,1,55,3,2,49.6,1021.6,24.275646045419,1,1,10,2,0
3,61.96,5,0,47,0,16,3,1,14.44,309.8,23.3053582956746,0,2,7,0,0
3,354.12,4,1,31,1,70,1,1,40.66,1416.48,11.4819835084152,2,1,8,0,0
0,383.94,4,1,65,1,78,3,1,20.73,1535.76,5.39928113767776,2,3,12,3,0
3,242.9,4,1,56,1,85,2,2,35.62,971.6,14.6644709757102,1,2,10,3,0
2,107.39,3,0,43,0,11,3,0,11.82,322.17,11.006611416333,0,2,3,5,1
1,480.84,2,1,54,0,84,0,2,28.81,961.68,5.99159803676899,2,2,10,4,0
2,218.32,5,0,18,1,62,0,1,2.73,1091.6,1.25045804323928,1,0,8,5,1
3,470.62,2,1,54,0,31,0,1,47.44,941.24,10.0803195784285,2,2,11,6,1
4,202.47,1,0,56,0,24,0,2,4.91,202.47,2.42505062478392,1,2,3,4,0
1,173.72,1,0,23,1,81,1,1,0.41,173.72,0.236011973290352,1,0,3,2,0
1,232.38,1,0,27,0,32,2,2,14.81,232.38,6.37318185730269,1,1,1,5,1
3,177.94,5,1,31,1,59,0,2,24.07,889.7,13.5270315836799,1,1,10,5,1
1,16.52,5,0,62,0,89,1,0,16.19,82.6,98.0024213075061,0,3,7,5,1
4,223.27,3,0,58,0,50,1,0,8.76,669.81,3.92350069422672,1,2,5,1,0
2,90.62,2,0,68,1,85,1,0,0.69,181.24,0.761421319796954,0,3,3,6,1
1,27,1,0,38,0,60,2,0,13.04,27,48.2962962962963,0,1,3,0,0
1,118.5,5,0,43,1,2,1,2,23.56,592.5,19.8818565400844,0,2,4,2,0
4,87.31,5,0,61,0,45,1,2,3.87,436.55,4.43248196082923,0,3,8,6,1
0,288.64,5,1,42,1,81,2,2,36.93,1443.2,12.7944844789357,1,2,6,6,1
0,11.24,1,0,48,1,99,3,2,29.75,11.24,264.679715302491,0,2,9,5,1
1,365.35,2,1,21,1,76,0,1,18.73,730.7,5.12659094019433,2,0,11,6,1
4,449.99,4,1,70,0,58,1,0,40.18,1799.96,8.9290873130514,2,3,12,3,0
2,217.96,2,0,52,0,32,1,0,37.14,435.92,17.0398238208846,1,2,9,4,0
4,416.65,5,1,39,0,69,3,1,45.21,2083.25,10.8508340333613,2,1,2,6,1
4,392.56,2,1,37,0,96,0,2,23.8,785.12,6.06276747503566,2,1,11,3,0
4,34.26,1,0,40,1,98,3,1,20.62,34.26,60.1868067717455,0,1,3,1,0
3,13.31,5,0,27,0,69,0,0,21.83,66.55,164.012021036814,0,1,3,5,1
4,499.69,4,1,26,1,44,1,2,24.91,1998.76,4.98509075626889,2,1,8,5,1
4,363.39,4,1,63,1,6,1,1,19.91,1453.56,5.4789619967528,2,3,12,0,0
1,328.41,3,0,61,0,41,2,0,3.1,985.23,0.9439420236899,1,3,1,5,1
1,407.46,2,1,66,0,15,2,2,36.63,814.92,8.98983949344721,2,3,11,1,0
1,152.92,3,0,18,0,74,3,1,0.9,458.76,0.58854302903479,0,0,11,2,0
2,62,3,0,53,0,23,1,0,19.32,186,31.1612903225807,0,2,4,0,0
2,24.36,3,0,59,1,99,0,1,14.5,73.08,59.5238095238095,0,2,11,6,1
0,82.53,3,0,48,1,51,2,0,38.98,247.59,47.2313098267297,0,2,12,3,0
4,150.71,1,0,37,0,23,2,0,4.63,150.71,3.07212527370447,0,1,6,3,0
1,336.19,3,1,50,0,60,0,1,35.9,1008.57,10.6784853802909,2,2,11,4,0
1,353.98,5,1,33,0,95,0,1,49.33,1769.9,13.9358155828013,2,1,11,2,0
0,129.87,3,1,23,0,30,2,0,32.94,389.61,25.3638253638254,0,0,9,3,0
3,48.37,4,0,30,1,75,3,1,25.77,193.48,53.2768244779822,0,1,1,5,1
4,200.59,5,1,26,1,57,2,1,44.11,1002.95,21.9901291190987,1,1,9,5,1
3,430.26,3,0,65,0,45,1,2,11.74,1290.78,2.72858271742667,2,3,3,5,1
3,330.74,1,0,42,1,70,3,1,2.37,330.74,0.716574953135393,1,2,5,0,0
2,258.52,3,0,25,1,40,3,2,23.87,775.56,9.23332817576977,1,0,5,4,0
1,129.92,5,0,65,1,82,3,1,4.51,649.6,3.47136699507389,0,3,1,6,1
3,396.56,2,1,58,1,26,2,1,37.92,793.12,9.56223522291709,2,2,7,1,0
1,211.97,3,0,63,0,50,2,2,8.09,635.91,3.8165778176157,1,3,2,6,1
2,321.34,5,1,62,1,97,2,1,18.13,1606.7,5.64199912864878,1,3,7,1,0
4,212.88,3,1,29,1,6,3,0,39.78,638.64,18.6865839909808,1,1,8,5,1
2,246.61,1,0,57,0,8,3,1,33.33,246.61,13.5152670208021,1,2,10,5,1
4,24.59,2,0,35,1,90,2,2,1.77,49.18,7.19804798698658,0,1,7,5,1
3,354.44,4,1,52,1,37,0,1,42.94,1417.76,12.1148854531091,2,2,6,2,0
4,89,1,0,66,0,79,3,1,23.04,89,25.8876404494382,0,3,10,2,0
1,45.61,3,0,43,0,15,0,1,45.44,136.83,99.627274720456,0,2,6,2,0
3,482.84,2,1,56,0,82,3,1,18.53,965.68,3.83771021456383,2,2,10,6,1
3,210.2,5,0,61,0,25,3,0,25.6,1051,12.1788772597526,1,3,7,4,0
4,224.34,4,0,38,0,23,2,1,17,897.36,7.57778372113756,1,1,7,1,0
3,142.5,4,1,37,1,35,3,2,34.27,570,24.0491228070176,0,1,10,4,0
2,484.63,3,1,69,1,59,1,0,25.44,1453.89,5.24936549532633,2,3,2,5,1
4,386.57,5,1,46,1,72,0,1,12.67,1932.85,3.27754352381199,2,2,5,4,0
4,129.22,1,0,34,0,28,2,0,49.97,129.22,38.6704844451323,0,1,2,1,0
4,459.42,5,1,24,0,47,1,0,16.05,2297.1,3.49353532715163,2,0,12,6,1
